page	col	note_no	note_text	anchor_words	anchor_in_our_latin	layer
237	0463	a	Noris., Hist. Pelag. lib. i, cap. 11, opp. tom. I, pag. 3.	N/A — note keys the Prolegomena essay, which is not chunked in src/latin/7090 (chunk 0000.md begins at EPISTOLA I, col 0463D)	no — anchor text is Coustant's general Prolegomena (before EPISTOLA I begins), not present in src/latin/7090; key read at the plate 2026-09-23 (PDF p.237, corners 463/464); class: variant	cn
237	0463	b	Mazoch., Comment. in vet. marm. eccl. Neapol. Kalend. tom. I, pagg. 229, seqq.	N/A — Prolegomena, not in src/latin	no — see note (a) above; key read at the plate 2026-09-23 (PDF p.237, corners 463/464); class: variant	cn
237	0463	c	Gennad., lib. de Vir. illust., cap. 43.	N/A — Prolegomena, not in src/latin	no — see note (a) above; key read at the plate 2026-09-23 (PDF p.237, corners 463/464); class: variant	cn
237	0463	d	Noris., l. c. pag. 114.	N/A — Prolegomena, not in src/latin	no — see note (a) above; key read at the plate 2026-09-23 (PDF p.237, corners 463/464); class: variant	cn
237	0464	e	Innoc. epist. 31, § 4, infra, pag. 605, b.	N/A — Prolegomena, not in src/latin	no — see note (a) above; key read at the plate 2026-09-23 (PDF p.237, corners 463/464); class: variant	cn
237	0464	f	Phot., Bibl. cod. LIV.	N/A — Prolegomena, not in src/latin	no — see note (a) above; key read at the plate 2026-09-23 (PDF p.237, corners 463/464); class: variant	cn
237	0464	g	Socrat., Hist. eccl. lib. vii, cap. 7.	N/A — Prolegomena, not in src/latin	no — see note (a) above; key read at the plate 2026-09-23 (PDF p.237, corners 463/464); class: variant	cn
237	0464	h	Voss. Hist. Pelag. lib. i, cap. 39.	N/A — Prolegomena, not in src/latin	no — see note (a) above; key read at the plate 2026-09-23 (PDF p.237, corners 463/464); class: variant	cn
237	0464	i	Baller., ad tom. IV opp. Noris. Observ., lib. i, cap. 5, §§ 4 et 5, pag. 866.	N/A — Prolegomena, not in src/latin	no — see note (a) above; key read at the plate 2026-09-23 (PDF p.237, corners 463/464); class: variant	cn
237	0463	a	Ex iis est, quas synodi Romanae sub Bonifacio II gestis insertas Helstenius in prima parte Collectionis Romanae vulgavit. Cum Innocentius litteras istas episcopatus sui, quem statim ab Anastasii obitu iniit, primitias vocet; eas circa mensem Maium anni 402 scriptas fuisse non immerito colligimus.	(a) EPISTOLA I, INNOCENTII PAPAE	"yes, key read at the plate 2026-09-23 (PDF p.237, corners 463/464) — this is a second, independent lettered sequence restarting at ""a"" for the letter's own apparatus, keyed on the heading EPISTOLA I itself; the letter's incipit is the first line of src/latin/7090/0000.md; class: explanatory"	cn
238	0465	a	Idem Anysius a Palladio in dialogo de Vita Chrysostomi, cap. 3, optimi senis τοῦ χαλογήρου encomio donatur. Ibi et memoratur Eulysio Apameae Bithyniae episcopo, qui quindecim episcoporum litteras in gratiam Chrysostomi Romam deferebat, suas etiam tradidisse.	nonnisi viro (a) optimo atque	yes, key read at the plate 2026-09-23 (PDF p.238, corners 465/466); class: explanatory	cn
240	0469	a	In Hispana collectione et apud Isidorum, II: De his qui post baptismum cingulum militiae secularis acceperunt, non debere ad cleritatus ordinem admitti. III: De causis clericorum quae in provincia juste non finiuntur, ut ab apostolica sede terminentur. In pervetusto exemplari Corb., IV: De his qui post remissionem peccatorum cingulum militiae saecularis habuerint. V: Ne ulli liceat ad aliam convocare Ecclesiam.	X. (a) Qui ad clerum suscipi	yes, key read at the plate 2026-09-23 (PDF p.240, corners 469/470); class: variant	cn
240	0469	b	Isid. cum Hispana coll., IV: De uxoribus clericorum, ut virginibus socientur, et secundam non ducant uxorem. Corb. ms., VI: De clericis, ut non ducant mulieres uxores. VII: De his qui mulieres ducent uxores: ea mulieris nomine intellecta, quae non virgo sit. Quo intellectu vocabulum idem a Siricio epist. 1 usurpatum vidimus.	XI (b) Ut viduam clericus	yes, key read at the plate 2026-09-23 (PDF p.240, corners 469/470); class: variant	cn
240	0469	c	clericus factus fuerit, (c) uxorem non ducat	factus fuerit, (c) uxorem non ducat	yes, key read at the plate 2026-09-23 (PDF p.240, corners 469/470); class: variant	cn
240	0469	d	In Hisp. col. et Isid., De virginibus sacratis, si lapsae fuerint. In veterrimo ms. Corb., De puellis sanctimonialibus, qualiter debeant velari.	De (d) virginibus velatis, si deviaverint	yes, key read at the plate 2026-09-23 (PDF p.240, corners 469/470); class: variant	cn
240	0469	e	Nonnullis in mss., Victorio; in quibusdam, ut apud Merlin., Victorico; in aliis, Victoricio; in Regio. Victoritio; in caeteris, Victricio. Is Victricius quanti meriti fuerit, Paulinus Nolanus episcopus duabus litteris ad ipsum scriptis memoriae commendavit.	INNOCENTIUS (e) VICTRICIO episcopo Rotomagensi	yes, key read at the plate 2026-09-23 (PDF p.240, corners 469/470); class: explanatory	cn
240	0469	f	Unus codex Colb. et alter Fossat. cum edit. Rom. et Quesn., ut in margine Crab, secundum ecclesiasticas regulas, refragantibus aliis plus viginti mss. Hoc autem sibi vult: Etsi tibi nota sunt omnia	docendi (f) ecclesiasticae regulae nota	yes, key read at the plate 2026-09-23 (PDF p.240, corners 469/470); class: variant	cn
240	0470	g	In pervetusto ms. Corb., et ex eo Sirm. et Lab., normam ad auctoritatem; lectio non spernenda, eo fere intellectu, quo concilium Carthaginense infra, epist. 26, n. 1, ad ipsum Innocentium de statutis suis ad eum referre se scribit, ut iis etiam apostolicae sedis adhibeatur auctoritas.	Romanae Ecclesiae (g) normam atque auctoritatem	yes, key read at the plate 2026-09-23 (PDF p.240, corners 469/470); class: explanatory	cn
240	0470	h	Codex Corb. cum Fossat., quibus et regulis; unus Colb., quibus regulis, omisso rebus.	populi, (h) quibus rebus et regulis	yes, key read at the plate 2026-09-23 (PDF p.240, corners 469/470); class: variant	cn
240	0470	i	Merlin., Crab. et edit. Rom. cum solis coll. Hispan. et Isid. mss., adjuvante Deo et sancto Dei apostolo. Quod Innocentius hic docet, pro certo habens Caesarius Arelatensis, Symmacho papae epist. 14, n. 2, ita scribit: Sicut a persona beati Petri apostoli episcopatus sumpsit initium, ita necesse est ut disciplinis competentibus sanctitas vestra singulis ecclesiis quid observare debeant, evidenter ostendat.	Incipiamus igitur, (i) adjuvante sancto apostolo	yes, key read at the plate 2026-09-23 (PDF p.240, corners 469/470); class: explanatory	cn
240	0470	j	Antiquiores mss. Colb., Fossat. et Corb., ad Timotheum; sed in hoc secundis curis restitutum est ad Thessalonicenses. In priscis edit. Concil., ut in mss. coll. Hadr. et Hispan., legitur ad Thessalonicenses II, et ad Timotheum. Mox veteres edit. Concil. cum Rom., tradidimus, pro tradidi, renitentibus mss.	Scriptum est (j) namque ad Thessalonicenses	yes, key read at the plate 2026-09-23 (PDF p.240, corners 469/470); class: variant	cn
240	0470	k	Verba haec, usura poenarum, in mss. Colb., Dion., Hadr., Hispan., Isid., nec non in plerisque edit., ut et apud Siricium, desiderantur. Exstant autem apud Sirm., Lab. et Quesn., ut in vetustioribus mss. duobus Colb., uno Corb. et Fossat., necnon secundis curis in Coislin. coll. Hispan.	exigitur (Luc. xii, 48), (k) usura poenarum	yes, key read at the plate 2026-09-23 (PDF p.240, corners 469/470); class: variant	cn
241	0471	a	Apud Siric., populo credito, quod in edit. Rom. post Crab. praelatum est, refragantibus aliis libris.	sed pro populo Christi (a) cogimur praestare rationem	yes, key read at the plate 2026-09-23 (PDF p.241, corners 471/472); class: variant	cn
241	0471	b	Ita vetus codex Corb. cum Fossat. In duobus autem Corb., disciplinam dominicam. Alius item Colb. cum Reg. coll. Dion. et edit Rom., disciplina deifica. Apud Crab., idcirco disciplinam Dei deificam. In mss. coll. Hadr., disciplina sanctifica, corrupte. Unde in Corb. secundis curis substitutum est disciplina sanctificare, quod et in mss. coll. Hispan. et Isid. obtinuit. Hinc manifestum est sinceram non esse istam Merlini lectionem, quam et Quesn. arripuit: Idcirco disciplina Dei sanctificare populum et erudire debemus.	(b) disciplinam deificam populum erudire	yes, key read at the plate 2026-09-23 (PDF p.241, corners 471/472); class: variant	cn
241	0471	c	Sic Sirm. et Lab. secundum Dion., Hadr. ac potiores mss. At veteres edit. Concil. necnon Rom. et Quesn. cum mss. coll. Hisp. et Isid., Quosdam enim asseris exstitisse; quae lectio, etiamsi rejicienda non esset, quomodo firmet quod vult vir eruditus, scil. Innocentium non ad ea quae Victricius Romae praesens sibi dixisset, sed ad ea quae post discessum ex Urbe scripsisset, respondere, prorsus nos fugit. Cum enim asseris, non scribis, praeferat, per se non scripta procul missa, sed quae potius coram dicta sint sonat. Verum cum vetustiorum mss. careat auctoritate, Innocentio adscititia jure credatur.	(c) Exstiterunt enim nonnulli qui, statuta majorum	yes, key read at the plate 2026-09-23 (PDF p.241, corners 471/472); class: explanatory	cn
241	0471	d	In ms. Corb. coll. Hadr. ab antiqua manu additum est per prophetam, quod deinde in coll. Hispan. et Isid. necnon apud Merlin., Crab. et Quesn. obtinuit.	dicente Domino (d) (Psal. xlix, 18)	yes, key read at the plate 2026-09-23 (PDF p.241, corners 471/472); class: variant	cn
241	0471	e	In edit. Rom. necnon Concil. et Quesn., post mss. coll. Hispan. et Isid., hic additur episcopum, quae vox a coll. Dion. et Hadr. aliisque antiquioribus ut apud Siricium abest. Tantum in uno e vetustis illis mss., metropolitani episcopum loco metropolitani episcopi, legimus. Jam observavimus Innocentium Siricii verba ita mutuari, ut ea ad disciplinam in Gallis servandam accommodet; nec quod ille Italis praescripserat, ut extra conscientiam sedis apostolicae nemo audeat ordinare, hoc item Gallis injungat.	nullus audeat ordinare (e) (Dist. lxiv, c. 5)	yes, key read at the plate 2026-09-23 (PDF p.241, corners 471/472); class: explanatory	cn
241	0472	f	Sirm. Quesn. et aliquot mss., Ne unus. Deinde alii etiam editi, episcopus ordinare praesumat episcopum. Quae postrema vox abest a pluribus ac potioribus mss. Sed hic, uti proxime, subauditur. Decreti hujus gemina pars ad normam Nicaeni canonis 4 exigitur.	quod plurimorum sententiis confirmatur: (f) nec unus episcopus	yes, key read at the plate 2026-09-23 (PDF p.241, corners 471/472); class: variant	cn
241	0472	g	In codice Colb. Langobardicis litteris exarato e regione hujus decreti ad marginem adscribitur, De poenitentibus. Quod qui apposuit, non de remissione peccatorum quae per baptismum percipitur, sed de ea quae poenitentia exacta indulgetur, sermonem hic esse existimans, decretum istud non de baptizatis, sed de expoenitentibus interpretatus est. Aliter tamen intelligendum esse supra in epistolam 5 Siricii, pag. 654, not. d (nostrae Patrol. tom. xiii, col. 1158, not. d) observatum est. Rectius itaque in Hispana collectione decretum hoc summatim ita redditur: De his qui post baptismum cingulum militiae saecularis acceperunt.	post remissionem peccatorum (g) cingulum militiae saecularis	yes, key read at the plate 2026-09-23 (PDF p.241, corners 471/472); class: explanatory	cn
241	0472	h	Veteres editiones Concil. ac soli mss. coll. Hisp. et Isid. hic subjiciunt vel inter laicos. De unis tamen clericis hic sermonem esse quae proxime subsequuntur indicant. Additamento huic Nicaeni concilii canon 5 occasionem dedit. Et vero hunc quintum canonem ac sextum toto hoc loco explicari Petrus de Marca, lib. 1 de Concord., c. 6, n. 10, existimat. Cui Hincmarus, Opusc. 47, seu epist. ad Joannem VIII, c. 12, pag. 773, ita suffragatur, ut hac exceptione, sine praejudicio tamen Rom. ecclesiae, etc., Sardicensis concilii decretum 7 commemorari censeat. Paschasius vero Quesnellus, notis in Leonis epistolam 5, n. 4, ad unius Sardicensis concilii canones hic respici arbitratur. In his tamen canonibus de causis clericorum inferioris ordinis nihil constituitur, nisi can. 16, ubi finitimos episcopos interpellare permittuntur. Neque obscurum est eum hic ab Innocentio commemorari canonem, quem Afri, quibus ignota erat Sardicensis synodus, in epistola 3 ad Coelestinum notant his verbis: Decreta Nicaena sive inferioris gradus clericos, sive ipsos episcopos suis metropolitanis apertissime commiserunt. Quocirca e tribus illis sententiis verior ea videtur, quam Hincmarus loco laudato exponit; quatenus docet, Innocentium in eo, quod dicit, ut secundum Nicaenam synodum congregatis ejusdem provinciae episcopis de exortis causis judicium terminetur, capitulum (5) Nicaeni concilii explanare: et in eo, quod ad alias quemcumque de ecclesiastico ordine prohibet convolare provincias, aliud capitulum (scil. 6) Nicaeni concilii explicare, quod jubet ut per singulas provincias suis privilegia serventur Ecclesiis. Sane verba illa, secundum Nicaenam synodum, quae in ms. Colb. Langob. omittuntur, non ad eam exceptionem quae clauditur parenthesi, sed ad antecedentia tantum referuntur.	nec alicui liceat (sine praejudicio tamen Romanae Ecclesiae, (h) cui in omnibus	yes, key read at the plate 2026-09-23 (PDF p.241, corners 471/472); class: explanatory	cn
241	0472	i	Verba ista, cui in omnibus causis debet (sive ut in mss. debetur) reverentia custodiri, Nicolaus I, epist. al. 40, non legit. Desiderantur quoque in mss. coll. Dion. et Hadr. aliisque pluribus vetustis codicibus: quorum auctoritate motus Quesnellus ea expunxit, quamvis id Oxoniensi Codicis a se vulgati exemplari non deessent. Eadem vir doctus a Romani Codicis (hoc est ejus quem vulgavit) editoribus addita esse, Dissert. 12, c. 4, n. 5, suadere conatur. Sed quominus hoc ipse sibi persuaderet, vetare debuerant ejusdem Codicis, quem Romanum vocat, duo exemplaria Oxoniensi antiquiora. Pithoeanum scilicet atque Colbertinum, in quibus non exstant. Habentur autem in ms. Colb., Langob. et in altero Colb., not. 5368, antiquam canonum collectionem complectente, necnon in mss. coll. Hispan. et Isid., ut et apud Hincmarum, opusc. 45, c. 12, et lib. LV capitum, c. 28. Taceo Gratianum et alios. Demum in pervetusto exemplari Corbeiensi ab antiqua manu, ac prorsus eadem quae omissa verba supplere solet, adjecta sunt. Sive autem ea Innocentii, sive alterius esse existimentur, persuasum cuique esse debet, papae hujus mentem non temere iis explicari, utpote quae verbis nitantur Osii Sardicensi in synodo, can. 4, dicentis: Si vobis placet, sancti apostoli Petri memoriam honoremus, etc.; necnon iis quae Gaudentius, ibid., can. 3, subnectit de episcopo qui vicinorum episcoporum judicio depositus proclamaverit agendum sibi negotium in urbe Roma.	cui in omnibus causis debet reverentia custodiri, (i) relictis	yes, note continues across the page break p.241→p.242, both read at the plate 2026-09-23 (PDF pp.241-242, corners 471/472 and 473/474); class: explanatory	cn
242	0474	a	Ita edit. Rom. ac veteres concil. cum ms. Oxon. aliisque coll. Hisp. et Isid. necnon Hincmaro, opusc. 45, c. 12. In Dionysianis autem codicibus ac prope omnibus aliis mss. nostris, quos Sirm., Lab. et Quesn. secuti sunt, desideratur beata consuetudo exigit. Contra in ms. Colb., Langob. et altero, not. 5368, exstat sicut vetus consuetudo exigit, et omittuntur verba antecedentia, synodus statuit, etc. Cui lectioni favet quod Innocentius scribit sive epist. 29, ad concilium Carthaginense, n. 1: Antiquae traditionis exempla servantes, et ecclesiasticae memores disciplinae, nostrae religionis vigorem non minus nunc in consulendo, quam antea, cum pronuntiaretis, vera ratione firmastis, qui ad nostrum referendum approbatis esse judicium; sive epist. 30, ad Milevitanum, n. 2: Diligenter et congrue apostolici consulitis honoris arcana... super anxiis rebus quae sit tenenda sententia, antiquam scilicet regulam secuti, quam toto semper orbe mecum nostis esse servatam. Eidem suffragantur cum Cyrillus ad Coelestinum, epist. 8, n. 1, sic loquens: Vetus Ecclesiarum consuetudo suadet, ut ejusmodi res sanctitati tuae communicentur; tum Leo, epist. 5, n. 5, ubi majores causas ad se referri petit pro traditione veteris instituti et debita apostolicae sedis reverentia. Isidorus Mercator in epistola quam Pelagii nomine confinxit, hunc Innocentii locum exscribens ita immutat: Majores vero et difficiles quaestiones, ut sancta synodus statuit, et beata consuetudo exigit, ad sedem apostolicam semper referantur. Porro verbis, ut sancta synodus statuit, notari censemus non Sardicensis concilii canones 3, 4, vel 7, quibus Romanum episcopum appellare permittitur, sed ejusdem synodi epistolam ad Julium, in qua declarat synodus optimum et valde congruentissimum esse, si ad Petri apostoli sedem de singulis quibusque provinciis Domini referant sacerdotes. Neque vero hoc loci Innocentius causarum majorum sibi judicium servat, sed earum causarum ab episcopali concilio judicatarum relationem ad apostolicam sedem de more mitti postulat. Quocirca non placet ista Hincmari interpretatio, to. II, pag. 774, ut si majores causae, quarum una est episcopi judicati appellatione, in medio fuerint devolutae, ad sedem apostolicam, sicut synodus, quin Sardicensis, statuit, et vetus consuetudo exigit, post judicium episcopale referantur. Ibi enim de judicati episcopi appellatione non agitur; sed id tantum, quod episcopi de rebus gravioribus judicaverint, ad sedem apostolicam referri praecipitur. Hac de re quae in praefatione generali fusius edisseruimus recole.	regionibus propriis ecclesiis praesident, (a) regularum hunc librum	"yes — but note this is a DIFFERENT ""a"", restarting page242's own apparatus after note (i) concludes; key read at the plate 2026-09-23 (PDF p.242, corners 473/474); class: explanatory"	cn
242	0473	b	Edit. Rom., secundum Dionys., ut viduam. Quesn. secundum priores edit. Concil., et mss. coll. Hispan., et Isid., ut mulierem viduam. Praeferimus cum Sirm., Lab. ac reliquis veteribus libris, ut mulierem. Ita scripsit et Siric., epist. 5. Sic et in synodali decreto Hilari, post epistolam ejus 14, n. 14, Tiberius Sabinensis episcopus loquitur: Si in Ecclesia mea clericorum aliquem.... deprehendero aut mulierem duxisse.	Cap. IV.— 7. Ut (b) mulierem clericus non ducat uxorem	"yes — this note wraps from the bottom of page242's left column to the top of the right column (no new letter at the wrap); key read at the plate 2026-09-23 (PDF p.242, corners 473/474). This CAP IV text is not in our S1 assigned chunk excerpt but is the standard ""Ut mulierem clericus non ducat uxorem"" capitulum wording carried in chunk 0003.md; class: variant"	cn
242	0473	c	Unus e mss. Colb. cum vetere Corb., nec relictam.	Sacerdos uxorem virginem accipiat, non viduam, (c) non ejectam	yes, key read at the plate 2026-09-23 (PDF p.242, corners 473/474); class: variant	cn
242	0473	d	Ita Sirm. et Lab. cum potioribus mss. Alii vero cum coll. Dion., Hispan. et Isid., viduam, qua voce etiam Siricius hic utitur.	Ut is qui (d) mulierem licet laicus duxerit uxorem	yes, key read at the plate 2026-09-23 (PDF p.242, corners 473/474); class: variant	cn
242	0473	e	In ms. Langob. et altero Colb., Unius uxoris virum. Ac ne ab aliquibus, omissis intermediis. Suppressa consulto videntur ab aliquo studioso, qui addititia eo facilius credidisset, quod testimonia citata in sacris litteris non offenderet, immo apud Hieronymum legeret: Ut Lege concessum erat populo in multis uxoribus liberos spargere, ita et ipsis quoque sacerdotibus hujus licentiae patebat arbitrium. Quae tamen hic laudat Innocentius testimonia, ea etiam Tertullianus velut ex Lege diserte citat; primum quidem lib. de Monogamia, c. 7, ubi ait: Interim quod pertineat ad Legem... prohibet eadem sacerdotes denuo nubere; alterum vero lib. de Exhort. castit., c. 7, ubi non solum dicit: Cautum in Levitico, Sacerdotes mei non plus nubant, sed et addit: Possum dicere, etiam illud plus esse quod semel non est.	quia scriptum est (I Tim. iii, 2), Unius uxoris virum (e)	yes, key read at the plate 2026-09-23 (PDF p.242, corners 473/474); class: explanatory	cn
242	0474	f	Edit. Rom., Etsi ab aliquibus, quod Crab. ad marg. annotavit, et infra, satis errant: refragantibus omnibus aliis libris.	Ac ne (f) ab aliquibus existimetur	yes, key read at the plate 2026-09-23 (PDF p.242, corners 473/474); class: variant	cn
242	0474	g	Ita vetus codex Corb. cum uno Colb. Alii vero, quia in baptismo peccata remittuntur, non. In hoc atque superiori decreto Innocentius ita Siricii verba exscribit, ut in utroque de uxoribus ante baptismum ductis, de quibus Siricius nihil dixerat, quid sentiendum sit, sibi necessario definiendum duxerit. Hoc postulabat recens eadem re controversia. Nimirum Carterius Hispaniae episcopus, cui, inquit Hieronymus, epist. 83, ad Oceanum, sub finem, praeter vinculum conjugale, et hoc ante baptismum, nihil aliud ab aemulis objici poterat, uxore priore mortua, alteram post lavacrum duxerat. Hunc Oceanus exstimavit contra praeceptum Apostoli fuisse ordinatum. Contra Hieronymus legitimam esse ejus ordinationem praedicta epistola 83 acriter defendit, atque omnem mundum hujusmodi ordinationibus plenum esse. Prius tamen, quam illam scriberet, non silet se nactum Romae eloquentissimum virum, qui suae ipsius opinioni adversaretur. Nactus est et non longe postea alios. Certe Rufinus, superstite adhuc Siricio, hanc ei opinionem objecit. Cui Hieronymus, in fine lib. 1 Apol., necdum sublato e vivis Siricio, respondens, priorem sententiam ita temperat, ut non jam dicat plenum esse hujusmodi ordinationibus mundum, sed istiusmodi sacerdotes in Ecclesia esse nonnullos; testificeturque se hac quaestione non teneri, sed unicuique in suo sensu abundare permittere. Interrogati a fratribus, inquit, quid nobis videretur respondimus, nulli praejudicantes sequi quod velit, nec alterius decretum nostra sententia subvertentes. Jam definierat concilium Valentinum I, anno 374 habitum, can. 1, neminem post hanc synodum, qua ejusmodi illicitis vel sero succurritur, de digamis aut internuptarum maritis ordinari clericum posse. Nec requirendum, utrumne initiati sacramentis divinis, anne gentiles, hac se infelicis sortis necessitate maculartint, cum divini praecepti casta sit forma. Eamdem sententiam probant Ambrosius, lib. 1 Offic., c. 50, n. 2, et epist. 63, ad Vercell., n. 65; Augustinus, lib. de Bono conjugali, c. 18, ubi et mysticam explicat disciplinae hujus rationem: ac Leo, epist. 45.	satis errat a regula, (g) qui in baptismo	"yes, note continues across the page break p.242→p.243 in the footnote zone (unlettered continuation, before p.243's own ""a"" begins); both read at the plate 2026-09-23 (PDF pp.242-243, corners 473/474 and 475/476); class: explanatory"	cn
243	0475	a	Ita Regium exemplar Dion. At vetus ms. Corb. cum Fossat. et duobus Colb., haberentur. Quesn. habendi sunt. Caeteri editi et scripti, et habentur.	ergo nec filii, qui ante baptismum geniti sunt, pro filiis (a) habebuntur	yes, key read at the plate 2026-09-23 (PDF p.243, corners 475/476); class: variant	cn
243	0475	b	In ms. Corb. et altero Colb. desideratur precibus. Nicaeno in concilio, can. 16, et Sardicensi, can. 19, vetatur ne clericus alienus sine consensu episcopi ipsius et sine voluntate ordinetur. In codice can. eccl. Afr., c. 54, Epigonius episcopus, praefatus, multis in conciliis hoc statutum, ut clericum alienum nullus sibi praeripiat episcopus, praeter ejus arbitrium cujus fuerit clericus, cum Juliano expostulat, quod suum ipsius clericum sibi usurparit, seque inconsulto diaconum ordinarit. Cui Numidius episcopus dicit: Si non postulata neque consulta tua dignatione id videtur fecisse Julianus, judicamus omnes inique factum atque indigne; tum eum separandum decernit, nisi clericum reddendo satisfaciat.	nisi ejus episcopus (b) precibus exoratus	yes, key read at the plate 2026-09-23 (PDF p.243, corners 475/476); class: explanatory	cn
243	0475	c	Apud Quesn. baptizati: quod et habent hic ms. Corb. et alter Colb. Verum iidem mss., in epistola 5 Siricii, cujus verbis haeret Innocentius, praeferunt rebaptizati; quod etiam hic caeteri codices retinent, atque ipsa postulant orationis adjuncta. In eumdem Siricii, locum quinam dicantur Montenses explicuimus, simulque iis, sicut et Novatianis, rebaptizandi usum familiarem fuisse probavimus.	ad illos transeuntes (c) rebaptizati sunt	yes, key read at the plate 2026-09-23 (PDF p.243, corners 475/476); class: explanatory	cn
243	0475	d	In duobus mss. deest vox poenitentiae. Concilium Valentinum I, c. 3, iis, qui se post unum et sanctum lavacrum incesta lavatione polluerint, satisfactionis aditum ita statuit non negari, ut eos poenitentiam usque in diem mortis agere velit.	sub longa (d) poenitentiae satisfactione admittendi sunt	yes, key read at the plate 2026-09-23 (PDF p.243, corners 475/476); class: variant	cn
243	0476	e	Codex Colb. Langob., non misceantur: quia ministeriis quotidianis. Non displicet ministeriis quotidianis; maxime cum apud Siricium legere sit, quotidianis necessitatibus.	ut sacerdotes et levitae cum uxoribus suis (e) non coeant	yes, key read at the plate 2026-09-23 (PDF p.243, corners 475/476); class: variant	cn
243	0476	f	Crab. minutiori charactere hic addidit quam; quod alii deinceps editi retinuerunt, Merl. et mss. reluctantibus. Mox cum duobus Corb. et uno Colb. reponimus, nulli fuerat praeceptum, ubi in aliis libris, nullus fuerat praeceptus.	ex alia tribu et (f) praeter ex semine Aaron	yes, key read at the plate 2026-09-23 (PDF p.243, corners 475/476); class: variant	cn
243	0476	g	Colb. ms. Langob. cum edit. Rom. ac posterioribus. exaudiri posse. Abest posse a caeteris mss., ut et a veteribus concil. edit.	quove merito (g) exaudiri se credit	yes, key read at the plate 2026-09-23 (PDF p.243, corners 475/476); class: variant	cn
243	0476	h	Quesn., non de remanente. Lab., in marg., non propter manendum. Edit. Rom., post Merl. et Crab., non permanenti. Fossat. ms., non permanente. Ut in epistola Siricii, ita et hic sibi constant caeteri mss. quos sequimur. Ambrosius, epist. 65, ad Vercell., n. 62, observat, allatis verbis non solvi quidem conjugium, sed neque permitti conjugalem usum, et iteratum conjugium interdici.	Unius uxoris virum: (h) non permanentem in concupiscentia generandi	yes, key read at the plate 2026-09-23 (PDF p.243, corners 475/476); class: explanatory	cn
244	0477	a	Quesn. cum uno ms. Colb., pervenire nituntur. Mox in ms. Colb. Langob., aut enim sit, ut in monasterio fuit, lectio non spernenda. Cavet hic Innocentius, ne monachus ad eos clericatus ordines provectus quibus uxorem ducere non interdicitur, a priore coelibatus proposito deficere sibi licere existimet. Hinc Dionysius hoc capitulum in titulorum indice secundum Regium exemplar sic summatim reddidit: Quod monachus, si clericus factus fuerit, uxorem non ducat.	si postea ad clericatus ordinem (a) pervenerint	yes, key read at the plate 2026-09-23 (PDF p.244, corners 477/478); class: explanatory	cn
244	0477	b	In duobus mss. Colb., baptizatus, monasterium deserens, et ad. Haud aliud sonabit et istud duorum Corb. baptizatus, et monasterio sedens, si pro sedens legatur cedens. Regium coll. Dion. exemplar prae se fert, et in monasterium sedens, forte pro secedens.	aut si corruptus postea baptizatus, (b) et in monasterio sedens	yes, key read at the plate 2026-09-23 (PDF p.244, corners 477/478); class: variant	cn
244	0477	c	Aliquot edit. et mss., jam ante corruptus. Regulae hic ab Innocentio memoratae usum Caesarius Arelatensis, apud Augustinum, append. tom. v, ser. 289, confirmat his verbis: Qui uxorem optat accipere, sicut illam virginem invenire desiderat, ita ipse usque ad nuptias virgo sit: quia si non fuerit, benedictionem cum sponsa accipere non merebitur. Hinc et habetur ratio veteris regulae, quae praecepit, ut qui ante baptismum corruptus, clericus postea fieri voluisset, uxorem omnino non ducturum se sponderet: ne videlicet dedecus, quo indignus censebatur benedictione nuptiali, in ipsum clericatus ordinem rediret. Si autem hoc impedimento ab uxore ducenda quivis clericus arcetur, quanto magis monachus! Eamdem ob causam Siricius, epist. 1, n. 13, voluit, ut clericus ad altiorem gradum provehendus una tantum, et ea, quam virginem communi per sacerdotem benedictione perceperit, fuerit contentus.	quia nec benedici cum sponsa potest jam (c) corruptus	yes, key read at the plate 2026-09-23 (PDF p.244, corners 477/478); class: explanatory	cn
244	0477	d	In duobus mss. hic additur aut honoribus. Mox apud Quesn., ut in edit. Rom., de adscitis, ubi in omnibus mss. de adscito. Pejus autem apud Crab., de accito. In eo autem, quod de voluptatibus subjicitur a diabolo inventis, quas exhibere curiales saepe cogebantur, habetur causa cur munia illa etiam plures christiani declinarent: contra quos Julianus imp. apostata, cod. Th., lib. xii, tit. 1, leg. 50, edicit: Decuriones, qui ut christiani declinant munia, revocentur.	vel quibuslibet publicis functionibus (d) occupatos clericos facere contendunt	yes, key read at the plate 2026-09-23 (PDF p.244, corners 477/478); class: explanatory	cn
244	0478	e	Victricium Romam venisse Paulinus Nolanus, epist. 37, n. 1, ad ipsummet Victricium memorat in hunc modum: Inde tristati amaritudinem duxeramus, quod ex urbe ad nos, sicut sperabamus, non teneris, qui ad urbem per tanta terrarum spatia perveneras. Tum eum idcirco illuc venisse, ut aliquod crimen sibi per calumniam impositum purgaret, innuit his verbis: Tua vero sanctitas non solum de abusione licitorum gloriam tenet, sed, sicut comperi, etiam de multitudine adversantium de tolerantia tentationum: quoniam insurrexerunt in te testes iniqui, et mentita est iniquitas sibi. Sed nodus in scirpo, et naevus in lumine non potuit inveniri.	quam ipse nobiscum (e) positus agnovisti	yes, key read at the plate 2026-09-23 (PDF p.244, corners 477/478); class: explanatory	cn
244	0478	f	Ita Sirm., Lab. et Quesn. cum vetere ms. Corb. necnon Fossat. ac duobus Colb. Caeteri vero, instabat, non alio sensu. Totius capituli hujus nonnihil perplexa est oratio, qua persuadere vult Innocentius, ne curiales ordinentur. Et hujus quidem rei primaria est illa ratio, quam velut obiter tangit: Constat enim eos in ipsis muniis etiam voluptates exhibere, etc. Sed huic non instans, citius redit ad alteram, quam praemiserat, quia videlicet episcopis eos ordinantibus inde major tristitia nascitur. Quod et proprio sui exemplo, cujus Victricius testis fuit, probans subjicit: Si certe in exemplum sollicitudo, etc. Unde ultima verba, quibus..... ingens ut redderentur molestia imminebat, ita intelligere est: dum mihi ingenti cum molestia imminebant, ut qui ex curialibus ordinati fuerant, non solum inferiores clerici, quos revocari lex Arcadii in Monito allata praecipiebat, sed etiam in sacerdotio constituti redderentur.	ingens molestia ut redderentur (f) imminebat	yes, key read at the plate 2026-09-23 (PDF p.244, corners 477/478); class: explanatory	cn
244	0478	g	"In priscis edit. Concil., ut in exemplaribus coll. Dion., Hadr., Hispan. et Isid., nubunt et a sacerdote velantur. In epistola 10 Siricii, num. 3, legimus eam virginem velatam appellari, quae integritatem publico testimonio professa, a sacerdote prece fusa, benedictionis velamen accepit. Ambrosius, libro iii de Virginib., cap. 1, sermonem inseruit, quem habuit Liberius papa, cum soror ipsius Marcellina in Salvatoris natali ad apostolum Petrum virginitatis professionem vestis quoque mutatione signaret, adstantibus etiam puellis Dei compluribus et aliis. Sic autem incipit hujus papae ad Marcellinam sermo: Bonas, filia, nuptias desiderasti. Vides quantus ad natalem sponsi tui populus convenerit, et nemo impastus recedit. Puellas autem nonnulsi matura aetate velari seu consecrari volebant canones. Anno 581, Caesaraugustanum concilium, can. 8, statuit, non velandas esse virgines, quae se Deo voverint, nisi quadraginta annorum probata aetate. Idem postea et Majorianus imp. et Agathense concilium, can. 19, confirmarunt. At anno 397, concilium Carthaginense iii, cui et Arelatense ii, can. 52, suffragari videtur, can. 4, sanxit, ut ante viginti quinque annos aetatis nec diaconi ordinentur, nec virgines consecrentur. Subinde etiam Milevitano ii concilio, quod anno 416 habitum est, can. 26, seu cod. can. eccl. Afr., c. 126, placuit, ut quicumque episcoporum necessitate periclitantis pudicitiae...., velaverit virginem seu velarit intra viginti quinque annos, non ei obsit concilium (Carthaginense), quo de isto annorum numero constitutum est. Et praedicti quidem concilii Carthaginensis constitutionem cum exceptione Milevitani ratam habent capitularia regum nostrorum, Aquisgranense, anno 789, c. 45, et Francofordiense, an. 794, c. 14. Observandum tamen est haec de solemni tantum professione cauta esse, cum et an[illeg. — note is cut off at the physical foot of the plate; page 244's render ends mid-word ""an-"" with no further line beneath it, and page 245's footnote column resumes with a fresh, unrelated note ""a""; the remainder of this sentence is not visible in our source render]"	quae Christo spiritaliter (g) nupserunt	yes, key read at the plate 2026-09-23 (PDF p.244, corners 477/478); note's tail is illegible/absent from our render — see note_text; class: explanatory	cn
245	0479	a	Edit. veteres concil., si postea nupserint; ac deinde, vel publice vel occulte corruptae fuerint, vocabulis vel publice suo loco motis praeter fidem mss. In Colb. Lang. ut in aliis coll. Hisp. et Isid. exstat, vel fuerint occulte corruptae. Praefert Quesn., vel clanculo corruptae fuerint, indeque conjectat olim clanculo quasi clam in angulo dictum esse. Verum in codicis ab ipso vulgati exemplaribus Thuan. seu Colb., Pith., etc., ut apud Dion., Hadr. et in mss. Corb., Fossat., etc., legimus vel se clanculo corruperint. Unde nulla conjecturae illius videtur auctoritas.	si postea vel publice nupserint vel (a) se clanculo corruperint	yes, key read at the plate 2026-09-23 (PDF p.245, corners 479/480); class: explanatory	cn
245	0479	b	Plerique ac potiores mss., se junxerat, quos secutus Quesn. de suo supplevit quaedam. Deinde Dion. et Hadr., de mundo recesserit; codex Colb. Langob. cum aliis coll. Hisp. et Isid. necnon priscis edit. concil. de hac vita decesserit, vel dicesserit. Duplicem illam lectionem e marginali nota genuinae substitutam arbitramur. Cum enim ambiguum videretur istud, de saeculo recesserit, ac liceret interpretari vel de secessu a saeculo in monasterium, vel de recessu ex hoc mundo et vita mortali, sublata est ambiguitas marginali scholio, quo de saeculo id esse quod de hac vita admonemur. Et huic quidem annotationi favet quod de muliere, quae vivente viro alteri nupserit, subjicitur. Inde autem quomodo juventur, qui ab Innocentio sacratarum virginum conjugia improbari quidem, sed non solvi putant, nobis latet. Aut certe ipsis probandum est eumdem papam eoque antiquiores canonum conditores mulieri, quae vivente priori viro alteri nupserit, hoc postremum conjugium non solvendum censuisse. Innocentii mentem illustrat Toletanum I concilium, anno 400 celebratum. Quippe can. 16 praemittit, devotam peccantem non recipiendam in Ecclesiam, nisi peccare desierit, et desinens egerit aptam poenitentiam decem annis: ac subinde adjicit: Quae autem maritum acceperit, non admittatur ad poenitentiam, nisi adhuc vivente ipso viro caste vivere coeperit, aut postquam ipse decesserit. Quomodo autem caste vivere, nisi ab adultero secedens, probari potuerit? Id vero apertius explicant concilii ejusdem patres, can. 19, ubi de episcopi sive presbyteri sive diaconi filia, si Deo devota fuerit, et peccaverit, et maritum acceperit, constituunt, ut non admittatur ad communionem, nisi marito defuncto egerit poenitentiam; si autem vivente eo secesserit, et poenituerit.... in ultimo deficiens accipiat poenitentiam. Sane Turonense II concilium, can. 20, conjugii hujusmodi solutionem ab Innocentio praecipi intellexit. Primum enim ipsius verba describit, tum ab ejus decretis discedere sibi non licere profitetur. Ac demum eis adjuncto Arelatensis II concilii canone 52, et nonnullis aliis, de sacrata virgine quae nupserit, et de eo cui nupserit, decernit: Perimendi sunt oris gladio, et a communione privandi, si relicta sibi decreta seniorum observare noluerint, et pastorem suum audire despexerint, et esse separati noluerint. Qui ergo in hac pertinacia durare voluerint, et plus in volutabro malae conversationis permanere, quam se de vetito conjugio separare, perenni excommunicatione damnentur. Si enim ibi decreta seniorum, maxime allata Innocentii verba, quod negari nequit, appellet, cum illa contemni ab iis censeat qui se de vetito conjugio separare noluerint; restat ut Innocentium hujusmodi conjugii solutionem praecepisse censuerit. Ita concilium Aurelianense v, can. 19, cui et Matisconense I, can. 12, concinit, eosdem ad communionis gratiam revocari ea dumtaxat conditione permittit, si culpam sequestratione sanaverint. Et illud quidem conjugium, quod Matisconensis concilii judicio, potius stuprum est quam conjugium, Siricii, epist. 10, n. 3, sententia est incestum, et adultero imponi non potest nisi falsum mariti nomen. Innocentius quoque cum eodem papa sacratas virgines vere nuptas censet, utpote quae se immortali sponso conjunxerant. Unde sequitur, ut cum vivere numquam desinat earum sponsus, nec solvi umquam possit initi cum eo lex conjugii. Turonense II concilium, cod. Th., tit. 25, legem 2 laudat, qua Jovianus imp. edicit: Si quis non dicam rapere, sed vel attentare matrimonii jungendi causa sacratas virgines vel invitas ausus fuerit, capitali sententia ferietur.	nisi is, cui se (b) junxerant, de saeculo recesserit	yes, key read at the plate 2026-09-23 (PDF p.245, corners 479/480); class: explanatory	cn
245	0479	c	Merlin et Crab. cum ms. Colb., Langob. necnon aliis cod. Hisp. et Isid., transire elegit.	et postea ad humanas nuptias (c) transmigravit	yes, key read at the plate 2026-09-23 (PDF p.245, corners 479/480); class: variant	cn
245	0479	d	In duobus mss., consecratae: quo verbo utitur Leo epist. 5, ad Rustic., c. 15, ubi de puellis eisdem sermo est. Nostram lectionem firmat illud Prudentii lib. ii, contra Symmach.: Sunt et virginibus pulcherrima praemia nostris, Et pudor et sancto tectus velamine vultus.	quae necdum sacro velamine (d) tectae	yes, key read at the plate 2026-09-23 (PDF p.245, corners 479/480); class: explanatory	cn
245	0480	e	Veteres edit. concil. cum mss. coll. Dion., Hadr., Hisp. et Isid., semper se simulaverunt permanere. Quesn. cum vetere ms. Corb. et uno Colb., se permanere simulaverant. Fossat., semper manere simulaverant. Sirm. et Lab., semper manere promiserant. Edit. Rom., semper se permanere promiserant. Ut cum duobus mss. Colb. praeferremus, se promiserant permanere, persuaserunt subnexa, ubi earumdem puellarum sponsio, pacta pollicitatio, et prior promissio memorantur. Certe de puellis hic sermo est, quae se ad virginitatem servandam Deo obligaverant, quaeque ideo a Siricio, epist. 10, n. 3, dicuntur, matrimonii coelestis praeceptum non servasse; sed quibus consecratio solemnis deerat.	in proposito virginali se (e) promiserant permanere	yes, key read at the plate 2026-09-23 (PDF p.245, corners 479/480); class: explanatory	cn
245	0480	f	Crab. et edit. posteriores concil., sponsio earum. At Merl. et omnes mss., sponsio ejus, supple quae hujusmodi est. Infra idem Crab. et edit. Rom., pepigerunt; ubi Sirm. ex mss. restituens pepigit, de suo adjecit virgo, quod et exinde Lab. et Quesn. retinuerunt.	quia sponsio (f) ejus a Deo tenebatur	yes, key read at the plate 2026-09-23 (PDF p.245, corners 479/480); class: variant	cn
245	0480	g	In exemplaribus coll. Dion., Hadr., Hisp. et Isid. ut in priscis edit. concil., non poterit.	solvi sine vindicta non (g) debet	yes, key read at the plate 2026-09-23 (PDF p.245, corners 479/480); class: variant	cn
245	0480	h	Edit Rom. cum ms. Colb. Langob., quae pactionis suis fidem minime servarerunt. Merlin. et Crab., secundum mss. coll. Hisp. et Isid., quae prioris promissionis fidem minime servaverunt. Dion. et Hadr., quae priori promissioni fidem frangere sunt conatae. Apud Quesn. ut in exemplari uno Colb. et Pith., quae prioris promissionis fidem frangere sunt nisae. Loco verbi nisae, Sirm. et Lab. substituerunt visae. Veterem ms. Corb. et Fossat. sequimur.	quae (h) priori promissioni fidem frangent	yes, key read at the plate 2026-09-23 (PDF p.245, corners 479/480); class: variant	cn
246	0481	a	Quae deinceps sequuntur, viro erudito, qui novissimam operum S. Paulini Nolani editionem adornavit, dissert. 4, in fine cap. 4, ex aliis quibusdam videntur excerpta, neque cum precedentibus cohaerere. Sed quod his proxime subjicit, nisi de hac regula tota epistola intelligatur, quam levi fundamento nititur ipsius opinio prodit. Non enim ambiguum est hic regulae nomine decretorum corpus, quod tota epistola complectitur, intelligi; et quod initio liber regularum dictum fuerat, nunc simplicius regulam vocari. Quocirca et hanc clausulam cum exordio ac reliqua epistola aptissime cohaerere manifestum est. Ipse qui in exordio Victricium laudavit, Romanae Ecclesiae normam atque auctoritatem magnopere postulantem, quique ipsi regularum librum, quo qualis servetur in urbis Romae ecclesiis disciplina discere valeat, pollicitus est, disciplina illa amplissime exposita, congruenter concludit, diligenti ejusdem regulae seu disciplinae observatione custodiri in Ecclesia pacem atque concordiam, adeoque schismata et haereses, etc., caveri. Denique cum ex omnibus tam scriptis quam editis codicibus, nullus sit qui epistolam istam sine hac clausula exhibeat, sanctam generalis consensus indubitatam ei tribuit auctoritatem.	17. Haec itaque (a) regula, frater charissime	yes, key read at the plate 2026-09-23 (PDF p.246, corners 481/482); class: explanatory	cn
246	0481	b	Merlin. et Crab., secundum coll. Hispan. et Isid., Aristo. Addidit Crab. ad marg. Aristoneto, quod Romanus editor arripuit. Vetus ms. Corb. et unus Colb. praeferunt Aristineto. Alter Colb. cum Pith., Aristhineto. Alius item Colb. Aristinio, Apud Sirm. et Labb. Aristaeneto viro clarissimo. Postrema haec duo verba, quorum loco in edit.Rom. exstat viris clarissimis, ab omnibus mss. absunt, ut et a veteribus edit. concil. Tota autem consularis seu chronica nota in sola Dionysii collectione, seu pura seu post aucta, ut praemonuimus, desideratur.	Honorio augusto vi et (b) Aristeneto conss	yes, key read at the plate 2026-09-23 (PDF p.246, corners 481/482); class: variant	cn
248	0485	a	Hunc titulum ac subsequentes e Sirmondo, non e mss. mutuati sumus.	De (a) dissensione corruptaque disciplina Ecclesiarum Hispaniae	yes, key read at the plate 2026-09-23 (PDF p.248, corners 485/486); class: variant	cn
248	0486	b	Jam ante concilium Toletanum I quaedam inter Hispanos obtinuerat circa ordinationes clericorum dissensio. Quocirca Patruinus episcopus in hujus concilii prooemio sic praefatur: Quoniam singuli coepimus in ecclesiis nostris facere diversa, et inde tanta scandala sunt, quae usque ad schisma perveniunt, si placet, communi consilio decernamus quid ab omnibus episcopis in ordinandis clericis sit aequendum. Sed post concilium mox dictum, ad hanc schismatis causam accessit altera, cum quos eadem synodus a Priscilliani haeresi ad catholicam communionem conversos in honoribus suis receperat, admitterent alii, alii rejiciendos esse contenderent. Duplici illi tanti mali causae mederi nunc Innocentius conatur.	cura sollicitum super (b) dissensione et schismate Ecclesiarum	yes, key read at the plate 2026-09-23 (PDF p.248, corners 485/486); class: explanatory	cn
248	0486	c	Inter eos, qui Toletano I concilio subscripserunt, quarto loco legitur Hilarius.	Nam fratres nostri coepiscopus (c) Hilarius, et Elpidius presbyter	yes, key read at the plate 2026-09-23 (PDF p.248, corners 485/486); class: variant	cn
248	0486	d	id est cleri Romani, hoc nomine repetito a digniori gradu. Ad eumdem consessum maxime in hujusmodi causis, etiam convocari solebant episcopi qui Romae agebant.	quae in consessu (d) presbyterii actorum confectione retinentur	yes, key read at the plate 2026-09-23 (PDF p.248, corners 485/486); class: explanatory	cn
248	0486	e	Ita mss. Corb. et Colb. At apud Sirm. dissederunt. Restituendum potius foret discesserunt. Antea in ms. Corb. Galliarum, in Colb. Galliorum, forte loco Gallicorum seu Gallaeorum. Ut enim superius ex Idacii Chronico audivimus, Gallaeciae episcopi erant Symphosius, Dictinius et alii qui Toletana in synodo Priscilliani haeresim cum ipso auctore subscriptione condemnarunt; quos in pacem receptos iniquo animo tulisse Baeticos et Carthaginenses, atque ideo a caeterorum communione descivisse minime mirum est. Alta Gregorius Eliberitanus episcopus in Boetica provincia jecerat Luciferiani erroris semina. Neque stupendum est ea ad Innocentii tempora infelicem fructum propagasse.	propter Galliciorum communionem, a pace omnium (e) discederunt	yes, key read at the plate 2026-09-23 (PDF p.248, corners 485/486); class: explanatory	cn
249	0487	a	In mss., cum illorum. Integrior esset sententia in hunc modum: cum illorum qui Arianorum haeresim prudenti conversione damnaverant, tum illorum qui satisfactionem eorum susceperant. De eadem re Sulpicius lib. ii ita loquitur: Lucifer in tantum eos qui Arimini fuerant condemnavit, ut se ab eorum etiam communione secreverit, qui eos sub satisfactione vel poenitentia recepissent. Et cui, inquit Augustinus epist. 185, n. 47, hujusmodi indulgentia displicuit, in tenebras incidit schismatis, amisso lumine charitatis. Quibus in locis cum schisma tantum Innocentius, Sulpicius et Augustinus Lucifero exprobrent, unis ejus discipulis, non ipsi, tribuendus videtur error, quo baptisma iterare ausi sunt.	a concordia (a) illorum, qui Arianorum haeresim	yes, key read at the plate 2026-09-23 (PDF p.249, corners 487/488); class: explanatory	cn
249	0487	b	Sirm. et Lab., post Priscilliani detestabilem sectam omnium detestatione damnatam. Praepositio post abest a mss. in quibus subinde consensione concinnius habetur, quam detestatione. Huc spectat quod Hieronymus ad Ctesiphontem scribit, Priscillianum totius orbis auctoritate damnatum.	Eodem studio, (b) Priscilliani detestabili secta	yes, key read at the plate 2026-09-23 (PDF p.249, corners 487/488); class: explanatory	cn
249	0487	c	Colb. ms., Symposius. Non is credendus est Symposius, qui synodo Caesaraugustanae anno 580 adversus Priscillianistas habitae subscripsit. Quo pacto Symphosius, Dictinius et socii errorem confessi, et professi fidem, ad catholicam communionem admissi sint, in concilio quod sub Leone papa habitum est, e Toletani concilii gestis tom. II Concil. Lab. p. 1229 et seqq. explicatur. In ea autem sententia, quam Toletani patres de illis ferunt, notandum, quod Paterno, ut ecclesiam in qua constitutus fuerat teneret, permittentes, addunt, recepturi etiam (eum) in nostram communionem, cum sedes apostolica rescripserit; idemque de reliquis Gallaeciae episcopis, qui semper in Symphosii communione perstiterant, decernentes, simul et eos exspectare volunt pari exemplo, quid papa qui nunc est, quid S. Simplicianus Mediolanensis episcopus reliquique ecclesiarum rescribant sacerdotes. Ubi obiter observare licet Romanum episcopum simplici papae nomine designatum. Prosequuntur Toletani patres: Symphosius autem senex religiosus, qui quod egerit supra scripsimus, in ecclesia sua consistat... inde (id est, a papa et ab episcopo Mediolan.) exspectabit communionem, unde prius spem futurae pacis acceperat. Quod observandum etiam Dictinio et Anterio esse decrevimus. Tum proxime sequitur: Constituimus autem, prius quam illis per papam (en rursum papae nomen pro Romano pontifice) vel per S. Simplicianum communio redditur, non episcopos, non presbyteros, non diaconos ab illis ordinandos. Cur sententiam de omnibus episcopis illis ita ferunt, ut exspectari velint, donec iisdem communio [continues past assigned crop, held on the plate]	ipsi quoque (c) Symphosius atque Dictinius	yes, key read at the plate 2026-09-23 (PDF p.249, corners 487/488); class: explanatory	cn
249	0487	d	Ille Dictinius Priscilliani placita non modo secutus erat; sed et libris asseruerat. Postmodum vero in concilio Toletano quaecumque male vel senserat vel scripserat detestatus, dixit: Omnem praesumptionem meam de scriptis meis arguo atque condemno. Et mox: Iterum repeto, in priori comprehensione mea et in principiis conversionis meae quaecumque conscripsi, omnia me toto corde respuere.... Excepto nomine Dei omnia anathematizo... Omnia quae inveniuntur contra fidem cum ipso auctore condemno. Illius tamen scripta suppressi non ita accurate valuerunt, quin et ad Leonis papae tempora a multis cum veneratione legerentur, quibus quidem is papa epist. 17, n. 19, auctor est, reparationem ejus magis debeant amare quam lapsum.	Symphosius atque (d) Dictinius, damnantes pravam haeresim	yes, key read at the plate 2026-09-23 (PDF p.249, corners 487/488); class: explanatory	cn
249	0488	e	Sirm. cum mss. Corc. et Colb., Numquidnam aliquid. Codex Bonaevallis, Num quod non aliquid. Ex duobus primis revocato num, et ex postremo quod non, integra et perspicua jam habetur lectio. Ea ipsa exempla, quibus Innocentius clericis post poenitentiam honores servari licere nunc probat, eadem de causa adhibet et Augustinus epist. 185, n. 45: Nam et sanctus David, inquit, de criminibus mortiferis poenitentiam agit, et tamen in honore suo perstitit: et beatum Petrum, quando amarissimas lacrymas fudit, utique Dominum nescisse poenituit, et tamen apostolus mansit.	(e) Num quod non aliquid de honoribus amiserint	yes, key read at the plate 2026-09-23 (PDF p.249, corners 487/488); class: explanatory	cn
250	0489	a	Qua scilicet et schismatis seu haereseos perversitas et catholicae fidei rectitudo comprobentur, ut tenebras erroris lux veritatis expellat, inquit Augustinus epist. 93, n. 5, atque Ecclesia potius correctos, quam perversos suscipere videatur.	quatenus praeeunte doctrina (a) in unitatem catholicae fidei	yes, key read at the plate 2026-09-23 (PDF p.250, corners 489/490); class: explanatory	cn
250	0489	b	Clarius diceretur, ne improba usurpatio dissimulatione.	ne improba (b) usurpatione dissimulatio in deterius convalescat	yes, key read at the plate 2026-09-23 (PDF p.250, corners 489/490); class: variant	cn
250	0489	c	Ita ms. Colb. ubi in Corb. Tholosano. Hic recolendum est Toletanae synodi gesta nequaquam plena et integra ad nos pervenisse, sed eorum duntaxat fragmenta, posteriore in concilio, prout tunc conducebat, recitata; neque in hoc concilio recitata esse, nisi quae ad Priscillianistas attinerent. Rufinus autem ex iis potius exstitit episcopis, de quibus Patruinus in praefatione Toletani I concilii queritur, videlicet illegitimas ordinationes aggressi, ea excitarunt scandala, quae usque ad schisma pervenirent, non ex iis qui Priscilliano addicti fuerant. Idem sentiendum et de Minicio. Unde et gestorum Toletani concilii pars, quae ad illos attinebat, praedicto in concilio praetermissa.	dudum in concilio (c) Toletano erroris sui veniam postulasse	yes, key read at the plate 2026-09-23 (PDF p.250, corners 489/490); class: explanatory	cn
250	0489	d	Sirm. et Lab., sacerdotis. Rectius mss. sacerdotes. Episcopos cujusque provinciae citra metropolitani consensum ordinari vetant concilium Laodicenum can. 12. Nicaenum can. 4 et 6, Antiochenum can. 19. Vide et Ferrandum Breviar. can. c. 4. Episcopi autem in abditis locis creatio Sardicensis concilii canoni 6 adversatur.	cum metropolitano episcopo ordinandi (d) sacerdotes pontificium deberetur	yes, key read at the plate 2026-09-23 (PDF p.250, corners 489/490); class: variant	cn
250	0489	e	Eum, qui ita fuerit ordinatus, episcopum esse non debere Nicaena synodus can. 6 declarat. Quod et Antiochenum concilium can. 13 confirmans, insuper et in usurpatae ordinationis auctores depositionis poenam decernit.	et juxta Nicaenos (e) canones ferenda est	yes, key read at the plate 2026-09-23 (PDF p.250, corners 489/490); class: variant	cn
250	0490	f	Corb. ms., qui abnegant.	si qui fuerint deprehensi qui (f) abnuant concordiam	yes, key read at the plate 2026-09-23 (PDF p.250, corners 489/490); class: variant	cn
250	0490	g	Apud Lab. et Sirm., non desinit serpere, ubi in mss. non desinit semper, forte pro, non se sinit semper. Nempe Innocentius nolens quemquam quavis interni mali suspicione, sed tantum ubi manifesta est ejus professio, vitari, aptam rationem reddit, quia malum internum non semper tacitum aut intus contineri se sinit, sed erumpere tandem ac verbis aut gestis prodere se solet. Eoque pacto grave cavet incommodum, in quod lapsi erant Ithaciani schismatici, seu qui eorum hortatu in Hispanias a Maximo imp. ad inquirendos Priscillianistas missi fuerant, de quibus Sulpicius haec litteris mandavit: Nec dubium erat, quin sanctorum maximam partem tempestas illa depopulatura esset, parvo discrimine inter hominum genera. Etenim tum solis oculis judicabatur, cum quis pallore potius aut veste, quam fide, haereticus existimaretur.	quod tacitum non desinit (g) semper	yes, key read at the plate 2026-09-23 (PDF p.250, corners 489/490); class: explanatory	cn
250	0490	h	Ita ms. Corb. cum quo Colb. retinens quam plurimas, subdit etiam ecclesias. At Sirm. substituit, quam plurimis ecclesiis. Augustinus eo Spiritu animatus, quo Innocentius, lib. iii cont. Epist. Parmen. n. 14 scribit: Cum idem morbus plurimos occupaverit, nihil aliud bonis restat, quam dolor et gemitus. Nam tunc, inquit paulo post, consilia separationis et inania sunt et perniciosa atque sacrilega; quia et impia et superba fiunt, et plus perturbant infirmos bonos, quam corrigunt animosos malos. Quocirca et subinde num. 16, et epist. al. 64, nunc 22, n. 5, quam circumspecte corripienda sit multitudo explicat. Quod quamvis de populi multitudine proprie dictum, ad omnem delinquentium multitudinem apte accommodetur.	nisi perturbationes (h) quam plurimas ecclesiis moveremus	yes, key read at the plate 2026-09-23 (PDF p.250, corners 489/490); class: explanatory	cn
250	0491	i	Vox baptismi, quae hic apud Sirm. et Lab. addi[note continues onto PDF p.251, corners 491/492, which is outside S1's assigned page range (S2's first page) — not transcribed further here]	post acceptam (i) gratiam in forensi exercitatione	yes, key read at the plate 2026-09-23 (PDF p.250, corners 489/490); the note's continuation on p.251 is outside S1's assignment; class: variant	cn
251	0491	a	Hic notari videntur actores causarum, qui licet iniquas interdum suscipiant, eas tamen eloquentiae vi ac pertinaci studio obtinere nituntur.	et obtinendi (a) pertinaciam susceperunt	yes, key read at the plate 2026-09-23 (PDF p.251, corners 491/492); class: explanatory	cn
251	0491	b	In aliquot exemplaribus hic adjicitur severa; quod a sinceriorlbus abest. Eadem ratione nunc dicitur, praecepta sunt exsecuti, qua mox, quae sibi sunt imperata fecerunt. Utroque in loco militiae et curiae adstrictos, ad ea agenda quae a clero eos arceant, cogi solere significatur. Apud Granatium dist. 51, c. 4, Toletani I concilii canon 8 ita interpolatus exhibetur: Si quis post baptismum militaverit, et chlamydem sumpserit aut cingulum ad necandos fideles (tria postrema verba in Toletani concilii codicibus non exstant), etiamsi graviora non admiserit, si ad clerum admissus fuit, diaconi non suscipiat dignitatem. Eadem autem praejudicata opinio, quae hujus canonis interpolationi locum dedit, etiam ut hic vox severa adjiceretur, videtur in causa fuisse.	potestatibus obedirent, (b) necessario praecepta	yes, key read at the plate 2026-09-23 (PDF p.251, corners 491/492); class: explanatory	cn
251	0491	c	Ex epistola superiori, n. 15, supple ludorum vel munerum.	et editiotiones (c) populo celebrarunt	yes, key read at the plate 2026-09-23 (PDF p.251, corners 491/492); class: variant	cn
251	0491	d	In exemplaribus Isid. hic adjicitur, ut quicumque tales ordinati fuerint, cum ordinatoribus suis deponantur: quod merum est scholion marginale seu [text breaks off at foot of page; no continuation found at top of p.252]	constituto, (d) ut si qui	yes, key read at the plate 2026-09-23 (PDF p.251, corners 491/492); class: explanatory	cn
251	0491	e	Qui Patruinum, cujus in praefatione Toletani I concilii nomen legitur, quique eidem primus subscripsit, Toletanum episcopum arbitrati sunt, hoc loco emendantur. Gregorius vero successorem habuisse videtur Antoninum, quem Idacius in Chronico olymp. 306, n. 21, Emeritensem ecclesiam eo tempore, quo Turibius Asturicensem, hoc est Leonis aetate, rexisse tradit.	locum PATRUINI (e) venerabilis recordationis	yes, key read at the plate 2026-09-23 (PDF p.251, corners 491/492); class: explanatory	cn
251	0492	f	Nimirum, uti post Sirmondum in Monito observavimus, Patruino praeloquente, in ipsius Toletani concilii praefatione.	per sententiam (f) decernitis; tamen	yes, key read at the plate 2026-09-23 (PDF p.251, corners 491/492); class: explanatory	cn
251	0492	g	Orationis series hic postulat et secundum. Et quidem antiquariis ut pro et, ac vicissim et pro ut, frequens excidit. Vetus est hic lapsus, quem resarcire volens Isidorus Merc. post verbum celebrandas, addidit esse sciamus. Ex ejus exemplaribus idem additamentum translatum est in Noviomensem collectionis Hispanae codicem, non in Laudunense collectionis ejusdem exemplum.	inserendam putavi, (g) ut secundum hanc	yes, key read at the plate 2026-09-23 (PDF p.251, corners 491/492); class: explanatory	cn
251	0492	h	In iis scilicet solemnitatibus, quae de gentili ritu manabant, et in quibus magistratus sacerdotium daemonum cultui dicatum repraesentare cogebantur. Quo spectat illud Tertulliani lib. de Corona c. 10: Habes omnium collegiorum sacerdotalium coronas apud Claudium: cujus nimirum, ut ibidem cap. 7 memoratur, exstabat de Coronis liber et origines et causas et species et solemnitates earum docens.	vel coronati (h) fuerint, vel	yes, key read at the plate 2026-09-23 (PDF p.251, corners 491/492); class: explanatory	cn
251	0492	i	Lab., et electorum officio deputati: emendatur ex aliis libris. Et eorum quidem lectio confirmatur hic Siricii epist. 1, n. 13: Quicumque se Ecclesiae vovit obsequiis ab infantia sua... LECTORUM debet officio SOCIARI; et num. 14: Qui vero jam aetate grandaevus... eo quo baptizatur tempore statim lectorum aut exorcistarum numero SOCIETUR.	fuerint, et (i) lectorum officio	yes, key read at the plate 2026-09-23 (PDF p.251, corners 491/492); class: explanatory	cn
252	0493	a	In mss. coll. Hisp. et Isid. hic adjicitur quidam.	permittit: ne dum (a) remedia sibi	yes, key read at the plate 2026-09-23 (PDF p.252, corners 493/494); class: variant	cn
252	0494	b	In edit. Concil. post 27. A Palladio in dialogo de vita S. Joannis Chrysostomi nobis transmissa est. Inde Romae inter epistolas Romanorum pontificum primum latine ex interpretatione Ambrosii Camaldulensis edita, post etiam graece in fronte epistolarum Chrysostomi cum nova interpretatione latina excusa est. Demum anno 1680, Emerici Bigotii studio cum toto Palladii dialogo castigatior et elegantior prodiit. Eamdem de integro ad mss. Coslinianum et Hamburgensem exegimus. Proxime post violentiam ecclesiae Constantinop. ab adversariis Chrysostomi in vigilia Paschae illatam, adeoque circa mensem Aprilem anni 404 scripta est.	EPISTOLA IV. (b) JOANNIS CONSTANTINOPOLITANAE	yes, key read at the plate 2026-09-23 (PDF p.252, corners 493/494); class: explanatory	cn
252	0494	c	In edit. Concil. 34; quae autem 5 erat, nunc 68. A Palladio, cui uni debetur, paginae 24 dialogi de vita Chrysostomi sine titulo aut inscriptione inserta est. Ex interpretatione Ambrosii Camaldulensis inter pontificias epistolas latine Romae excusa, et exinde in editionibus conciliorum recusa fuit. Ejus scribendae occasionem ac tempus idem Palladius ibid. sic docet: Paucis post diebus, quam Innocentius a Theophilo per Alexandrinum lectorem accepisset, eidemque reddidisset litteras, rursum Theophili nomine in Urbem venerunt Petrus ipsius presbyter et Martyrius ecclesiae Constantinopolitanae diaconus, aliam Theophili epistolam cum quibusdam adversus Joannem gestis deferentes. Quibus perlectis Innocentius, cum nullas graves esse accusationes comperisset, novos illos legatos cum hac altera epistola dimisit. Unde illam non longo post superiorem intervallo scriptam esse colligitur.	EPISTOLA V. (c) INNOCENTII I PAPAE	yes, key read at the plate 2026-09-23 (PDF p.252, corners 493/494); class: explanatory	cn
252	0494	d	Non exstant hae litterae.	prioribus litteris (d) mentem nostram	yes, key read at the plate 2026-09-23 (PDF p.252, corners 493/494); class: explanatory	cn
253	0495	a	Bigotius praeferens cogitur, sequi videtur lectionem Georgii Alexandr. in vita Chrysostom. γενομένη pro γεγενημένη exhibentis. Vertit Ambrosius Camald. accurre ad synodam proxime in Christo celebrandam: quod eum γενομένη legisse indicio est. Existimat Tillemontius Innocentium de futura synodo velut certum loqui, quia Honorius, qui Romae tum versabatur, eam ab Arcadio petiturum se spopondisset. Verum si spem illam aliquando certam habuit hic papa, non diu habuit. Quippe circa mensem Maium hujus anni 404, ad Joannem ac socios rescripsit, potentes ad malum sibi obstare, quominus ipsis obesse ferre cutius valeret. Quocirca Innocentium nihil hic aliud sibi velle intelligimus, nisi ut Theophilum ad legitimam synodum provocet, dicens debere aliam cogi synodum irreprehensibilem Occidentalium et Orientalium, ut loquitur Palladius pag. 23.	quae secundum Christum (a) fuerit, et ibi	yes, key read at the plate 2026-09-23 (PDF p.253, corners 495/496); class: explanatory	cn
253	0495	b	Ambros. Camald. istud ita interpretatur: et illic juxta Nicaenos canones et decreta contende. Aliosquippe. His verbis, ut in epistolam 7 commodius exponetur, Theophilum Innocentius praemonet, cum Antiochenis canonibus frustra viti.	expositis criminationibus (b) sub testibus	yes, key read at the plate 2026-09-23 (PDF p.253, corners 495/496); class: explanatory	cn
253	0495	c	In edit. Concil. 3; quae autem 6 erat, nunc 39. In omnibus exstat omnium generum antiquis collectionibus, puta Isidori, Hispana, Hadriani I, Dionysii Exigui, Codicis a Quesnello vulgati. Eamdem exhibent codex Corbeiensis saeculo VI exaratus, Colbertinus majusculis litteris Langobardicis descriptus, etc. Ad haec anno 506 ab Agathensi concilio can. 9 laudata legitur. Quocirca ridet merito vir eruditus nec refutatione dignum censet heterodoxum quemdam, qui epistolam istam Innocentio hac una ratione abjudicari velit, quod Siricius in ea citetur. Quasi vero pontifice indignum sit, quod ipse definit, decessorum suorum a decretis firmare. Sed et Innocentio ea proposita erat quaestio, quae Siricii constitutionem ab ipso memorari necessario postulabat, ut senten- [text breaks off at foot of page; continues at top of p.254]	"EPISTOLA VI. (c) [heading; ""EPISTOLA VI."" also appears in the heads list, so phrase is not unique — key sits at the heading occurrence]"	yes, key read at the plate 2026-09-23 (PDF p.253, corners 495/496); class: explanatory	cn
253	0495	d	Titulos istos ex Dionysio Exiguo descripsimus; ita tamen, ut qui nobis primus, ipsi XXI sit, et qui nobis septimus, ipsi sit XXVII. In vetusto Colbertinae bibliothecae exemplari epistola ista inscribitur, Innocentii papae ad Exsuperium episcopum Tolosanum, per quam ei in sex titulis interrogationum ejus causas et suae responsionis decreta exposuit: ubi subdidit divinorum librorum veteris et novi Testamenti summarium.	De incontinentia (d) sacerdotum vel levitarum	yes, key read at the plate 2026-09-23 (PDF p.253, corners 495/496); class: explanatory	cn
253	0495	e	Edit. concil. necnon coll. Hisp. et Isid. post vetustum codicem Corb., De iis, qui post baptismum omni tempore incontinentiae dediti, in ultimo poenitentiam poscunt.	De ultima (e) poenitentia	yes, key read at the plate 2026-09-23 (PDF p.253, corners 495/496); class: variant	cn
253	0495	f	Corb. ms. cum Isid., De iis, qui post baptismum omni tempore administraverunt, et saeva tormenta exercuerunt. In priscis edit. concil., De administratoribus vel judicibus saecularibus.	III. (f) De administratoribus	yes, key read at the plate 2026-09-23 (PDF p.253, corners 495/496); class: variant	cn
253	0495	g	Ita plerique mss. non ut in vulgatis, Exuperio. Mox plures probae notae omittunt salutem; quae vox a Dionysio primum videtur adjecta. Exsuperii merita non uno in loco Hieronymus laudat. De illo ad Ageruchiam epist. 11 scribit: Non possum absque lacrymis Tolosae facere mentionem, quae ut huc usque non rueret, sancti episcopi Exsuperii merita praestiterunt: et in fine epistolae 4, ad Rusticum, inter alia, Nihil illo ditius, qui corpus Domini in canistro vimineo, sanguinem portat in vitro.	INNOCENTIUS (g) EXSUPERIO episcopo Tolosano	yes, key read at the plate 2026-09-23 (PDF p.253, corners 495/496); class: explanatory	cn
253	0495	h	Codex Colb. Langob. et alter ms., vel lucidior ratio.	vel (h) docilis ratio persuaderet	yes, key read at the plate 2026-09-23 (PDF p.253, corners 495/496); class: variant	cn
253	0496	i	Antiquiores mss., praescrutatis; et infra, qui postulatur docere.	dum (i) perscrutatis rationibus ad	yes, key read at the plate 2026-09-23 (PDF p.253, corners 495/496); class: variant	cn
253	0496	j	Apud Merl. et Crab. ut in mss. coll. Dion. Hisp. et Isid., tale ministerium. Melius abest tale ab aliis libris.	accedere ad (j) ministerium, quod	yes, key read at the plate 2026-09-23 (PDF p.253, corners 495/496); class: variant	cn
253	0496	k	Sex antiqui mss., in templis. Deinde quatuor, anno vicissitudinis suae.	custodita, quod (k) in templo anno	yes, key read at the plate 2026-09-23 (PDF p.253, corners 495/496); class: variant	cn
254	0497	a	Merl. Crab. et plerique mss., mysteria. Retinemus cum ms. Pith. necnon edit. Rom. et aliis, ministeria. Siricius quidem epist. 1, n. 11, sancit, sacerdotes ac levitas incontinentes nec umquam posse divina attrectare mysteria: sed ibi de sacerdotibus ac levitis novae legis loquitur. Sequentia autem cum Gratianus dist. 31. c. 6, sic laudat, Eos ad sacrificia fas sit admitti, qui vel cum uxore non exercent carnale officium, adulteratae Innocentii sententiae merito postuletur. Eam ipse dist. 82, c. 2, fidelius refert.	sibi vindicent divina (a) ministeria	yes, key read at the plate 2026-09-23 (PDF p.254, corners 497/498); class: variant	cn
254	0497	b	In edit. Rom. secundum Merl. et Crab. hic suppresso propterea, mox post verba ex alia tribu additur, praeter (Crab. minusculis litteris quam, quod in edit. Rom. sine ulla distinctione est expressum) ex semine Aaron: refragantibus mss.	propter sobolis successionem, (b) propterea uxorius	yes, key read at the plate 2026-09-23 (PDF p.254, corners 497/498); class: variant	cn
254	0497	c	Crab. et edit. Rom., ad permanentem. Lab., de permanente. Quesn., propter manendam. Unus ms. Colb., propter permanentem. Noviom. et Laudun. cum Merlino, permanenti. Alii plus duodecim, iique antiquiores, permanentem: sicque legendum esse subsequens nota confirmabit.	scriptum est, non (c) permanentem in	yes, key read at the plate 2026-09-23 (PDF p.254, corners 497/498); class: variant	cn
254	0498	d	Rursum edit. Rom. post Crab., et ad habentem, perperam addita praepositione ad. Ambrosius epist. 63, ad Vercell., n. 22, eamdem sententiam iisdem Apostoli verbis illustrat in hunc modum: habentem enim dixit filios, non facientem. Antea eaedem edit. post Merlin., Quod et apertius, addito quod praeter fidem mss.	sed in spiritu: et (d) habentem filios	yes, key read at the plate 2026-09-23 (PDF p.254, corners 497/498); class: variant	cn
254	0498	e	Edit. Rom. et posteriores concil. diversa: quod in uno tantum ms. Pith. reperimus. Ex aliis libris revocamus divisa, scilicet in duas partes, quarum una ad eos attinet, qui decreta Siricii ad provincias missa ignorantes peccaverunt, altera ad eos qui scientes: [text breaks off at foot of page; continues at top of p.255]	Sed ea plane dispar et (e) divisa sententia	yes, key read at the plate 2026-09-23 (PDF p.254, corners 497/498); class: variant	cn
254	0498	f	Editi, excepto Quesn. quia post: refragantibus mss.	modis omnibus submovendi, (f) qui post	yes, key read at the plate 2026-09-23 (PDF p.254, corners 497/498); class: variant	cn
255	0499	a	Pith. ms., tormenta sua. Verius alii sola, quibus scil. mors reis non inferatur. Quorsum haec instituatur quaestio, ex epistola 25 Ambrosii, ad Studium, supplere et explicare liceat. Is quippe pariter quaesierat, utrum quis post latam capitalem sententiam abstinere a sacramentorum communione deberet.	et aut tormenta (a) sola exercuerunt	yes, key read at the plate 2026-09-23 (PDF p.255, corners 499/500); class: variant	cn
255	0500	b	Ad marginem ms. Colb. Langob. ista notatur capitis hujus summa: De advocatis, qui secundum facinus promunt sententias. Verum de iis potius, qui capitales poscunt sententias, immo qui eas poscentibus preces dictant, quam de iis qui promunt hujusmodi sententias, quaestio existit. Haec autem, sicut et quae cap. 3 proposita est, quantum a sanguine abhorreat Ecclesia, patefaciunt. Sic vero Innocentius iis, qui post baptismum vel administraverint, vel capitalem sententiam postulantibus preces dictaverint, communionem non negat, ut eos tamen a clero arceri epist. 37, n. 5, doceat.	sciscitari (b) voluisti, an preces	yes, key read at the plate 2026-09-23 (PDF p.255, corners 499/500); class: explanatory	cn
255	0500	c	Priscae concil. edit. ac plures mss., causae cognitae. Exemplar Regium coll. Dion. cum Colb. Langob., causa cognita vindicetur. Secundam nostram lectionem, quam exhibent alii libri, ante vindicentur, subauditur crimina. Vide Cod. Th. lib. II, tit. 18, leg. 1, et lib. XIX, tit. 40, leg. 1.	remittunt, ut (c) causa cognita	yes, key read at the plate 2026-09-23 (PDF p.255, corners 499/500); class: variant	cn
255	0500	d	In vetere ms. Corb. et altero Colb. hic non exstat moechatur. Salva esset sententiae integritas, si postea moechantur subjicerent.	aliam, (d) moechatur; similiter et	yes, key read at the plate 2026-09-23 (PDF p.255, corners 499/500); class: variant	cn
256	0501	a	In priscis edit. hic additur tales: quod abest a mss. Deinde sex probae notae mss. subjiciunt, omnes a communione abstinendos. Post verbum autem abstinendos, istud, esse manifestum est, quod Innocentius responsionis hujus initio expressit, subauditur. Quare nihil est, cur cum Quesn. substituatur abstinendi praeter fidem mss.	Et ideo (a) omnes a communione	yes, key read at the plate 2026-09-23 (PDF p.256, corners 501/502); class: variant	cn
256	0501	b	Dionysius hic addidit scripturarum. Cui voci subinde Hispanae collectionis auctor praeposuit sanctarum. Utramque arripuit Isid., sed neutram habent alii mss. Porro hic brevis nomen catalogum sonat. Iidem libri sacri, etsi non eodem ordine, in canone 47 concilii Carthaginensis III, anno 397, consignati inter canonicas Scripturas recensentur. Hujus autem concilii laudatus canon Codici can. eccl. Afr. c. 24 insertus legitur cum ista accessione: Hoc etiam fratri et consacerdoti nostro Bonifacio vel aliis earum partium episcopis pro confirmando isto canone innotescat: quia a patribus ista accepimus in ecclesia legenda. Unde conjectura est, concilii Carthaginensis III, de sacris libris decretum, in altero concilio Carthaginensi, quod anno 419 Bonifacio Romano pontifice celebratum est, recitatum esse atque cum mox dicta clausula confirmatum.	recipiantur in canone, (b) brevis annexus	yes, key read at the plate 2026-09-23 (PDF p.256, corners 501/502); class: explanatory	cn
256	0502	c	Huc respexisse videtur concilium Toletanum IV anno 633 celebratum, cum can. 13 dixit: Apocalypsim librum multorum conciliorum auctoritas et synodica sanctorum praesulum Romanorum decreta Joannis evangelistae esse praescribunt, et inter divinos libros recipiendum. Inde et hanc epistolam synodicam fuisse colligere est.	Actus Apostolorum, (c) Apocalypsis Joannis	yes, key read at the plate 2026-09-23 (PDF p.256, corners 501/502); class: explanatory	cn
256	0502	d	Quae uncinis inclusa sunt, omittit Quesn. neque exstant nisi in exemplaribus coll. Dion. Hisp. et Isid. Mox idem Quesn. cum uno ms. Colb. et altero Pith. praefert, et si qua sunt talia, ubi caeteris in libris legitur alia.	scripta sunt (d) [vel sub nomine Andreae	yes, key read at the plate 2026-09-23 (PDF p.256, corners 501/502); class: variant	cn
256	0502	e	Februarii 20, ann. 405. Apud Merlin. et Quesn. ut in duobus mox dictis mss. desideratur secundo; quod in aliis recte expressum esse adjunctum Anthemii collegae nomen confirmat.	Data X kalendas (e) Martias, Stilicone	yes, key read at the plate 2026-09-23 (PDF p.256, corners 501/502); class: variant	cn
256	0502	f	In edit. Concil. 29; quae autem 7 erat, nunc 18. Descripta est ex Sozomeno, qui eam cum subsequenti epistola 12 e Latino sermone in Graecum conversam nactus, utramque lib. VIII, c. 26, edendam curavit. Inde ambas accepit postea Nicephorus Callisti, et libro XIII, c. 32 Historiae suae inseruit. Per hanc Innocentius litteris sibi ab eodem clero Germani atque Cassiani opera missis, adeoque anno 405 nonnihil jam procedente acceptis, rescripsit. Quippe, ut Palladius pag. 26 et 27 narrat, Romam advenerunt Germanus et Cassianus post Palladium, Palladius autem elapso mense post Cyriacum Synnadorum episcopum; qui quidem post legem anno 404, Novembris 18 die, Constantinopoli promulgatam, ex Oriente Romam confugere coeperat. Apud Sozomenum et Nicephorum inscriptioni Ἰννοκέντιος ἐπίσκοπος, etc., nihil praemittitur. Quocirca titulus in editionibus conciliorum ei praefixus, in quo ἀρχιερέως nomen Innocentio tribuitur, ut omni destituto auctoritate, nihil valet, ut usitatum tunc fuisse probetur ἀρχιερέως vocabulum. Idem dicendum et de epistola 12, in cujus titulo conciliorum editores et Innocentium ἀρχιερέα, et Joannem ἀρχιεπίσκοπον de suo appellant.	EPISTOLA VII. (f) AD CLERUM ET POPULUM	yes, key read at the plate 2026-09-23 (PDF p.256, corners 501/502); class: explanatory	cn
256	0501	g	Non alius videtur esse Germanus iste abeo, cujus Chrysostomus supra epist. 4, n. 3, meminit. Nec dubium quin Cassianus sit auctor collationum, in quibus Germanus ut socius frequens interloquitur.	quas per (g) Germanum presbyterum et	yes, key read at the plate 2026-09-23 (PDF p.256, corners 501/502); class: explanatory	cn
257	0503	a	Ab Acacio scil. episcopo Beroeae, Theophilo Alexandriae, Antiocho Ptolemaidos et Severiano Gabalorum, quos Constantinopolitani litteris suis aerumnarum, quas patiebantur, auctores esse nominatim significarunt.	ea quae ab illis (a) delinquuntur, quos	yes, key read at the plate 2026-09-23 (PDF p.257, corners 503/504); class: variant	cn
257	0503	b	Scil. concilio Sardicensi can. 4, ubi in gratiam episcopi, qui Romanam sedem appellaverit, sancitur: Alter episcopus in ejus cathedra, post appellationem ejus qui videtur esse depositus, omnino non ordinetur, nisi causa fuerit in judicio episcopi Romani determinata. Joannes autem etiam synodum appellans ejectus fuit, ut ipse testificatur supra epist. 4, n. 3. Canonem illum paulo aliis verbis laudat Ignatius patriarcha in epistola ad papam conciliumque Romanum apud Baron. ad ann. 861. Hoc ipsum, quod diserte vetat synodus Sardicensis, prohibitum videri potest et Nicaeno canone 9, quo cavetur, ne in una civitate duo episcopi probentur existere.	comperimus, sed potius (b) prohibita; cum	yes, key read at the plate 2026-09-23 (PDF p.257, corners 503/504); class: explanatory	cn
258	0505	a	Praeter illos, inquit Paschas. Quesnellus Dissert. 12 ad calcem operum Leonis c. 2, etiam Sardicenses recipiebat Innocentius, sed habitos pro Nicaenis, eorumque nomine decoratos ac vestitos. Et ex eo quidem, quod ille pontifex de Sardicensi synodo Antiochenos canones condemnante proxime subjicit, perspicuum est ab ipso recipi quae Sardicae gesta sunt. Sed cum illa laudet proprio Sardicensi synodi nomine; Sardicenses canones ut a Nicaenis habitos eorumque nomine vestitos, ab eo receptos esse non minus manifestum est. Quocirca Innocentium ita intelligimus solos Nicaenos canones sectandos praedicare, non ut rejiciantur aut spernantur qui cum illis consentiant, sed ii tantum qui dissentiant: Quoniam, inquit et Leo epist. 96, ad Pulcheriam, n. 2, contra statuta canonum paternorum, quae ante longissimae aetatis annos in urbe Nicaena spiritalibus sunt fundata decretis, nihil umquam audere conceditur; ita ut si quis diversum aliquid decernere velit, se potius minuat, quam illa corrumpat. Certe Nicaenae synodi velut appendix sardicensis censeri potest, utpote cui praefuit Osius, qui Nicaeae vel princeps vel inter primarios praesules consederat, et in qua eadem fides stabilita, eademque haeresis profligata est. Damaso pontifice, ut supra pag. 591, num. 3, secundum Athanasium, observavimus, ne cuiquam imponerent Ariani, qui varia synodorum nomina comminiscebantur, Romae aliisque in locis diversa celebrata sunt concilia, in quibus sancitum est, ut nulla deinceps in Ecclesia catholica nominaretur synodus praeter unam Nicaenam. Quantum autem Athanasii interesset, ut Sardicensis synodi minime levaretur auctoritas, nemini est incompertum.	quos solos (a) sectari et agnoscere	yes, key read at the plate 2026-09-23 (PDF p.258, corners 505/506); class: explanatory	cn
258	0505	b	Non oppositis quidem canonibus aut decretis, sed gestis contrariis, dum Athanasium aliosque episcopos, nulla praedictorum canonum habita ratione, in communionem admissos, in sedes suas restituerunt. Hanc explicationem non de nostro comminiscimur ipsi, sed suppeditat Palladius pag. 78, ubi allato Antiocheni concilii canone 4, adjungit: Et hic quidem canon, ut impius ab impiis editus, in Sardicensi concilio a Romanis, Italis, Illyriis, Macedonibus atque Graecis abrogatus, quando Liberius aut Julius (tunc ecclesiae praeerat Julius) Constantis principatu in communionem admisit Athanasium et Marcellum Galatam, propter quos et hic canon factus fuerat.	jam condemnati sunt (b) ab episcopis	yes, key read at the plate 2026-09-23 (PDF p.258, corners 505/506); class: explanatory	cn
258	0505	c	Legendum videtur graece κακῶς aut οὐ καλῶς: adeoque hic restituendum quae male, vel non recte acta sunt.	ea quae (c) recte facta sunt	yes, key read at the plate 2026-09-23 (PDF p.258, corners 505/506); class: variant	cn
258	0505	d	Diversa tempora, quibus episcopi illi Romam confugerunt, Palladius pag. 10 et 26 notat: unde et epistolae hujus tempus superius designavimus.	qui Romam licet diversis (d) temporibus	yes, key read at the plate 2026-09-23 (PDF p.258, corners 505/506); class: variant	cn
259	0507	a	In edit. Concil. post epist. 31. E vetusto bibliothecae Vaticanae libro in collectione Romana pontificiarum epistolarum primum prodiit. Nec immerito inter epistolas Innocentii collocata est, utpote cujus ille scribendae auctor praecipuus exstitit. Ut enim Palladius pag. 28 testis est, cum undique Romam confluerent sancti episcopi aliique viri religiosi, variarum ecclesiarum synodorumve de misero ecclesiae Constantinopolitanae statu litteras afferentes, non amplius sustinens pius pontifex, Honorium imperatorem de iis quae singillatim illae ferrent epistolae, certiorem fecit. Quibus ille motus, semel atque iterum, immo et tertio Arcadium, quid facto opus esset, missis litteris commonuit. Ex tribus illis epistolis prima excidit; haec secunda tantum latine habetur, tertiam graece Palladius, ex quo eam huic subjiciemus, nobis asservavit. A Baronio ad annum 404 haec refertur: sed ad annum 405, et quidem jam labentem pertinere, ordo rerum, quae Palladio teste eam praecesserunt, postulat.	SEU EXEMPLUM (a) SACRAE HONORII AUGUSTI	yes, key read at the plate 2026-09-23 (PDF p.259, corners 507/508); class: explanatory	cn
259	0507	b	Argentea scil. statua Eudoxiae augustae super columnam porphyreticam erecta, et ad meridianam plagam ecclesiae S. Sophiae, platea tantum media interjecta, non sine ludis popularibus collocata, ut Marcellinus comes in Chronico, Socrates lib. VI, c. 18, et Sozomenus lib. VIII, c. 20, memoriae commendarunt; hoc factum Baronius ad annum 404, Pagius vero to. II, pag. 60, circa exitum anni 310 contigisse putat.	Quamvis super (b) imagine muliebri, novo	yes, key read at the plate 2026-09-23 (PDF p.259, corners 507/508); class: explanatory	cn
259	0507	c	Verbum circumlata dum Baronius ad imaginem refert, ita hunc locum interpretatur, ut Eudoxiae statua non solum Constantinopoli venerationi exposita, sed per provincias quoque circumlata fuerit, non secus ac olim ethnici Cybeles circumferre simulacrum solerent, atque hanc veriorem esse causam, cur adversus Eudoxiam Joannes tantopere commotus fuerit. Sed huic intellectui repugnat non modo veterum Scriptorum de tam profano ritu silentium, sed et quod imaginem illam muliebrem erectam, collocatam et dedicatam, non circumlatam praedicant. Et his quidem nativus est intellectus, famam obtrectantium super hac re per provincias circumlatam et per universum mundum diffusam fuisse.	novo exemplo, per provincias circumlata (c) et diffusa	yes, key read at the plate 2026-09-23 (PDF p.259, corners 507/508); class: explanatory	cn
259	0507	d	Orationis series postulat nos, non vos. Expostulat quippe Honorius cum Arcadio, quod reipublicae detrimenta ipsi latere voluerit, de quibus nihil ipsi scribere sit dignatus.	fama, cur ista (d) vos detrimenta	yes, key read at the plate 2026-09-23 (PDF p.259, corners 507/508); class: explanatory	cn
259	0508	e	Apud Sirmondum app. Cod. Th. pag. 17 et 19 exstat duplex Theodosii constitutio, qua pro festivitate Paschali, exceptis his quos quinque immanitas criminum minime patitur relaxare, caeteros carceris custodia liberatos statui pristino restituit. Et hanc quidem clementiam velut indictam et majoribus traditam ibid. pag. 19 praedicat.	quo indulgentia principali (e) tristia noxiorum	yes, key read at the plate 2026-09-23 (PDF p.259, corners 507/508); class: explanatory	cn
259	0508	f	Ambrosius epist. 21, ad Valentinianum juniorem, n. 2, laudat Valentiniani I edictum, quo sanxit, in causa fidei vel ecclesiastici alicujus ordinis eum judicare debere, qui nec munere impar sit, nec jure dissimilis; hoc est, inquit Ambrosius, sacerdotes de sacerdotibus voluit judicare. Quin etiam si alias quoque argueretur episcopus, et morum esset examinanda causa, etiam haec voluit ad episcopale judicium pertinere.	ageretur, episcopale (f) oportuerit esse	yes, key read at the plate 2026-09-23 (PDF p.259, corners 507/508); class: explanatory	cn
260	0509	a	Baron. mallet indicium. Retinendum tamen judicium, hoc est poena et vindicta Dei judicis.	hoc praesentis commotionis (a) judicium fuit	yes, key read at the plate 2026-09-23 (PDF p.260, corners 509/510); class: variant	cn
260	0509	b	Hoc est, senatus amplissimam aedem, quam, inquit Palladius, etsi multis passibus dissitam ex adverso ecclesiae ad meridiem, ignis ille interjectam populi multitudinem pontis instar praetergressus, absumpsit. Hujus jacturam deflet Zosimus. Istud incendium XII kalendas Julii Honorio VI et Aristeneto consulibus contigisse Socrates lib. VI, cap. 18, tradit, et, ut addit Chronicon Alex., feria 2, hora sexta.	aedificia quoque (b) divina non minore	yes, key read at the plate 2026-09-23 (PDF p.260, corners 509/510); class: explanatory	cn
260	0509	c	In edit. Rom., judicium. Magis placet hic cum Baron., indicium.	summum simplicitatis (c) indicium. Idcirco	yes, key read at the plate 2026-09-23 (PDF p.260, corners 509/510); class: variant	cn
260	0510	d	Baron., contractoque concilio. Antecedens verbum collato, suadet et recte consequi in edit. Rom., tractatoque consilio.	quae collato (d) tractatoque consilio	yes, key read at the plate 2026-09-23 (PDF p.260, corners 509/510); class: variant	cn
260	0510	e	Et hic Baron. substituit, missis,.... legatis. Missi sunt Romam, teste Palladio, pag. 9, 23, etc., ab utraque parte legati: primum a Theophili parte lector Alexandrinus litteras ipsius deferens, tum ejusdem Theophili presbyter Petrus nomine cum Martyrio ecclesiae Constantinop. diacono, qui alias Theophili litteras cum quibusdam actis Innocentio papae reddiderunt; ac demum Paternus, qui se Constantinop. ecclesiae presbyterum dicebat, litteras perferens episcoporum Acacii, Pauli, Antiochi, Severiani et aliorum quorumdam, in quibus calumniabantur Joannem, quasi ecclesiam S. Sophiae incendisset. A Joannis autem parte, ut alios mittam qui postea magno numero venerunt, primum Romam se contulerunt quatuor episcopi, Pansophius, Pappus, Demetrius et Eugenius, tresque reddiderunt epistolas, unam Joannis, alteram 40 episcoporum de communione ejus, tertiam cleri ipsius. Ac nominatim de epistola Joannis ad Innocentium testificatur Palladius pag. 22, eam etiam ad Venerium Mediolani et Chromatium Aquileiae episcopos scriptam fuisse. Hinc Honorio dicere licuit, legatos illos ad sacerdotes Urbis aeternae et Italiae fuisse missos.	Missi (e) ad sacerdotes urbis	yes, key read at the plate 2026-09-23 (PDF p.260, corners 509/510); class: explanatory	cn
260	0510	f	Quod imperator hic pluribus attribuit, Palladius uni ascribit Innocentio, aitque pag. 22: Ad haec beatus Innocentius papa utrique parti litteras communionis misit, improbans judicium quod a Theophilo actum fuerat. Et ab Innocentio quidem indultae utrique parti communionis testes sunt ipsius epistolae 4 et 5. Sed cum tanti momenti rem citra synodum perfecisse quis sibi persuadeat? praesertim cum Innocentium moris majorum tenacem legamus epist. 3, n. 1, praecepisse, ut Hispani episcopi, qui nonnihil ipsi deferebant, in consessu presbyterii audirentur.	Namque hi (f) quorum exspectabatur	yes, key read at the plate 2026-09-23 (PDF p.260, corners 509/510); class: explanatory	cn
261	0511	a	Cum Honorius, Innocentii litteris provocatus, ad Arcadium de Joannis causa bis jam scripsisset, nec profecisset quidquam, petiit ab Innocentio sibi mitti episcopos quinque, presbyteros duos et diaconum unum, qui tertiam epistolam ad fratrem ferrent. Missi sunt Aemilius Beneventi episcopus, Cythegius et Gaudentius (forte Brixianus episcopus), necnon presbyteri Valentinianus et Bonifacius, ipse, ut videtur, qui Zosimo papae successit. Caeterorum nomina Palladius tacet, sed cum eis Constantinopolim profectos esse docet Cyriacum, Demetrium, Palladium et Eulysium. Epistolam hanc uni Palladio, qui eam dialog. pag. 29 inseruit, debemus acceptam. Latinam ejus interpretationem ex Ambrosio Camaldulensi repetitam Baronius ad annum 405 recudendam curavit. Circa vernum tempus anni 406 videtur scripta.	"EPISTOLA (a) IX. [""EPISTOLA IX"" also appears in the heads list, so phrase is not unique — key sits at the heading occurrence]"	yes, key read at the plate 2026-09-23 (PDF p.261, corners 511/512); class: explanatory	cn
261	0511	b	Verbum graecum ἐθελοχακοῦντας, quod proprie de militibus dicitur, qui vires consulto non exserunt, ut adversarios vincat, ad eos recte aptatur episcopos, qui Theophilo cum canones possent opponere, ultro cesserunt, ut Joannem injuste opprimere valeret.	coarguerint Orientis episcopos (b) prava animi	yes, key read at the plate 2026-09-23 (PDF p.261, corners 511/512); class: explanatory	cn
261	0511	c	Quae uncinis inclusa sunt, ne auceps sententia pendeat, supplenda duxi. Integrior non est apud Ambros. Camald. qui hic subdit, Ex omnibus ferme epistolis, quas ad me frequentes dederunt, ex his duas idem continentes quod reliquae subdidi. Palladius pag. 28 tradit Innocentium, cum varias epistolas... [text breaks off at foot of page; continues at top of p.262]	quae ad me (c) scriptae sunt, duas	yes, key read at the plate 2026-09-23 (PDF p.261, corners 511/512); class: explanatory	cn
261	0511	d	Non tantum Honorii imperatoris, Innocentii Romani episcopi, et Chromatii Aquileiensis, sed et Venerii Mediolanensis et aliorum litteras simul iisdem legatis traditas fuisse Palladius pag. 31 scribit. At Honorius Innocentii et Chromatii scripta pridem ad se missa, non quae illi de integro ad Arcadium mittebant, seu quae ipse nomine suo destinabat, non quae alii data occasione iisdem adjunxerant, memorare satis habuit.	sunt, (d) duas subjeci id	yes, key read at the plate 2026-09-23 (PDF p.261, corners 511/512); class: explanatory	cn
261	0511	e	Apud Dionysium sub titulo XXXVIII decretorum Innocentii exstat, sicut et in collect. Hispan. et Isid. Delata est per Germanum, qui cum Cassiano cleri ac populi CP. litteras, quibus Innocentius epistola 7 rescripsit, sub initium anni 405 Romae reddiderat. Probabile est, Innocentium vel hoc ipso anno 405 vel potius sequenti, ejusdem Germani opera usum esse, ut Aurelium et Augustinum salutaret, eaque occasione Germanum Africanis enarrasse quanta Joannes quamque indigna esset perpessus, et quae hanc ob causam Innocentio cum Theophilo discordia inter cessisset. Certe concilium Carthaginense anno 407 Junii 13 die celebratum, atque Cod. can. Afric. eccl. c. 101 relatum, ad Innocentium sibi scribendum decernit, quo Romanam inter et Alexandrinam ecclesiam pax componatur. Neque minus certum est Aurelium, circa idem tempus, suum erga Joannem studium patefecisse; qua de re ille scripta ad eum epistola gratias agit. [note runs continuously from p.261 foot onto p.262 top with no repeated key]	"EPISTOLA (e) X. [""EPISTOLA X"" also appears in the heads list, so phrase is not unique — key sits at the heading occurrence]"	yes, key read at the plate 2026-09-23 (PDF p.261, corners 511/512); class: explanatory	cn
257	0503	c	"Nempe ut valeret adversus Joannem quantumvis injuste prolatum judicium, ac nullus ei daretur locus defensionis, Theophilus Constantinopolim miserat Antiocheni concilii canones pridem adversus Athanasium maxime conditos, quos inter Joannis inimici venditabant in primis quartum, a Palladio cap. 8, pag. 78, sic relatum: Si quis episcopus aut presbyter, jure aut injuria depositus per se redeat absque synodo, talis non habeat amplius locum defensionis, sed absolute expellatur. Ipsa Antiocheni concilii verba ista sunt: Εἴ τις ἐπίσκοπος ὑπὸ συνόδου καθαιρεθείς, ἢ πρεσβύτερος ἢ διάκονος ὑπὸ τοῦ ἰδίου ἐπισκόπου, τολμήσειέν τι πρᾶξαι τῆς λειτουργίας, etc., quae dum Gentianus Hervetus latine ita convertit, Si quis episcopus a synodo depositus, vel presbyter vel diaconus a proprio episcopo, sacrum celebrare ausus fuerit, verba τολμήσειέν τι πρᾶξαι λειτουργίας non satis accurate videtur reddidisse. Nam diaconi non est sacrum celebrare: et liquet episcopo, presbytero et diacono depositis hoc canone interdici, non solum ne sacrum celebrent, sed ne quidquam ministerii, ex quo dejecti sunt, attingant. Quocirca Theodoretus lib. V Hist. c. 34 tradit adversarios Joannis poenas ab eo exegisse non jam falsorum criminum, sed τῆς μετὰ τὴν καθαίρεσιν λειτουργίας, sed obiti post depositionem ministerii. Tum de canonum Joanni objectorum auctoritate orta est controversia, aliis, inquit Palladius pag. 79, contendentibus eos orthodoxorum esse, aliis Arianorum esse demonstrantibus. Qua occasione Elpidius ibid., pag. 80, lepide dixisse fertur imperatori: Subscribant fratres nostri Acacius et Antiochus ejusdem se esse fidei, ac eos qui canones ediderunt, quos tamquam ab orthodoxis editos proponant, et soluta controversia est. Eumdem controversiam ad se delatam Innocentius nunc dirimit, ac docet canones illos haereticorum esse, non quod Antiocheno concilio defuerint omnino orthodoxi, sed quod Ariani, Athanasii adversarios, primas in eo tenuisse in confesso sit: atque hujus rei testis est prolatus canon, qui consulto ad omnem restitutionis spem Athanasio auferendam editus fuerat. [note runs continuously from p.257 foot onto p.258 top with no repeated key; a stray raised ""d"" appears mid-word in the quoted canon text on p.257 (""locum d fensionis"") with no corresponding lettered note anywhere on either page — recorded as doubtful, not a genuine key]"	Quod autem ad canonum (c) observationem attinet	yes, key read at the plate 2026-09-23 (PDF pp.257-258, corners 503/504 and 505/506); class: explanatory	cn
254	0498	g	Sic Lab., Sirm. et plures ac potiores mss. Alii vero editi, obeuntibus; et infra cum Dion. et Isid. subsequi, pro sequi. Disciplina illa durior, ab Innocentio memorata, maxime in Eliberitano concilio can. 6, 7, 8, etc., obtinet. Obtinuerat et antea in Africa, sed apud quosdam duntaxat episcopos, qui quidem ita dandam pacem moechis non putaverunt, et in totum poenitentiae locum contra adulteria clauserunt, ut tamen a coepiscoporum suorum aliter sentientium, ac pacem eis concedentium collegio minime recesserint, ut tradit Cyprianus epist. 52, ad Antonianum. Severitatis hujus quoddam praeterea est exemplum in vulgato Ambrosii libro de Lapsu virginis consecratae, ad quam c. 8, n. 58, est hic sermo: Inhaere poenitentiae usque ad extremum vitae, nec tibi praesumas ab humana die venia dari; quia decipit te, qui hoc tibi polliceri voluerit. Quae enim proprie in Dominum peccasti, ab ipso solo te convenit in die judicii exspectare remedium. Quamvis autem Cyprianus in laudata epistola lapsis nec poenitentiam nec indulgentiam denegandam suse probet; sub ejusdem tamen finem hoc decernit: Poenitentiam non agentes, nec dolorem delictorum suorum toto corde et manifesta lamentationis suae professione testantes, prohibendus omnino censuimus a spe communicationis et pacis, si in infirmitate atque in periculo coeperint deprecari: quia rogare illos non delicti poenitentia, sed mortis ingentis admonitio compellit; nec dignus est in morte accipere solatium, qui se non cogitavit esse moriturum. Quae quidem sententia si cum Pamelio paulo durior censenda est, idem dicendum erit et de hoc Arelatensis I synodi canone 22: De iis qui apostatant et numquam se ad ecclesiam repraesentant, ne quidem poenitentiam agere quaerunt, et postea infirmitate arrepti petunt communionem, placuit eis non dandam communionem, nisi revaluerint, et egerint dignos fructus poenitentiae. Verum hoc illis ita visum est, non quod de Dei clementia, sed quod de poenitentiae hujusmodi veritate valde diffiderent. Et quidem Cyprianus sub finem libri ad Demetrianum docet, nullam seram esse poenitentiam adhuc in hoc mundo manenti, neminemque ab ea absterreri aut peccatis debere aut annis; veniam confitenti dari, et ad immortalitatem sub ipsa morte transiri. Quae licet de baptismi gratia maxime dicat, dubium tamen non est quin et de omni poenitentia post baptismum suscepta, modo vera sit, idem sentiat. Hinc, ut ipsius epistolis 13, 14, 15, etc., videre est, magno studio semper cavit, ne deesset qui lapsis, si premi infirmitate aliqua et periculo coeperint, exomologesi facta pacem et communionem impertiret. Quod vero nunc definit Innocentius, hoc postea Coelestinus epist. 4, ad episcopos Viennensis et Narbonensis provinciae n. 3, et Leo epist. 100, ad Theodorum, n. 5, diserte confirmant, et antea clerus Romanus apud Cyprianum epist. 3, ad clerum Carthaginensem, praescripserat his verbis: Si, qui in hanc tentationem inciderunt, coeperint apprehendi infirmitate, et agant poenitentiam facti sui, et desiderent communionem, utique subveniri eis debet. Hieronymus supra pag. 550 latronis exemplum nobis propositum notat, ne quis aliquando seram conversionem putaret. Sed ibi conversionem ac mutationem petit. [note runs continuously from p.254 foot onto p.255 top with no repeated key, ending here]	communionem dari (g) abeuntibus placuit	yes, key read at the plate 2026-09-23 (PDF pp.254-255, corners 497/498 and 499/500); class: explanatory	cn
262	0513	a	Reg., respondere.	ad Deum vota (a) rependere precamur	yes, key read at the plate 2026-09-23 (PDF p.262, corners 513/514); class: variant	cn
262	0513	b	Ex editione operum Chrysostomi, ubi epistolis ipsius praemittitur, a Baronio ad annum 406, ut et a Pontificiarum epistolarum aut conciliorum editoribus repetita, a nobis autem ad vetus exemplar Hamburgense recognita est. Eam a se tertio exsilii anno, adeoque anno 407 scriptam esse Chrysostomus n. 4 testificatur. Exinde etiam sequitur, ut ante mensem Julium scripta sit, si Chrysostomus primum exsilii sui annum ab eo die, quo Cucusum perductus est, ad eumdem anni sequentis revolutum diem recenseat, non tertium vulgati computandi ratione a triplici consulum mutatione appellet.	EPISTOLA (b) XI. JOANNIS CHRYSOSTOMI	yes, key read at the plate 2026-09-23 (PDF p.262, corners 513/514); class: explanatory	cn
262	0513	c	In edit. Concil. 28. Quae autem 12 erat, est Isid. Mercat. Epistolam hanc, sicut et superiorem VII, uni Sozomeno acceptam debemus. De utraque sic ille lib. VIII, c. 24, praefatur: Cum Innocentius oecumenicam synodum congregare studeret, scripsit ad Joannem, et seorsum ad clericos urbis Constantinop. Quibus verbis significare videtur, vel utramque epistolam simul missam, vel certe istam septima posteriorem non esse. Verum huic scriptori insolens non est, ea quae dissitis temporibus gesta sunt simul componere atque confundere. Sane cum de congreganda synodo, in qua Innocentius omnem spem posuerat, altum sit in hac epistola silentium, hoc non levi argumento est, eam scriptam esse cum ab hac spe excidisset. Istud non abhorret a vero, Innocentium proxima Joannis epistola motum, hanc scripsisse, ut sanctum praesulem in malis, quibus eum affligi didicerat, consolaretur. Quod si ita est, Joanni superstiti vix reddi potuit.	EPISTOLA XII (c) INNOCENTII PAPAE	yes, key read at the plate 2026-09-23 (PDF p.262, corners 513/514); class: explanatory	cn
262	0513	d	Idem Cyriacus cum Paulo item diacono jam ab anno 404 a Joanne Romam missus fuerat, ut superiorem ipsius epistolam 4 ad Innocentium perferret, ut in eadem epistola n. 1 declaratur.	litterae per (d) Cyriacum diaconum sunt	yes, key read at the plate 2026-09-23 (PDF p.262, corners 513/514); class: explanatory	cn
262	0513	e	Valesius latine haec ita reddidit, quae in calamitatibus solet esse virtutis consolatio. Graeco haeremus sermoni, in quo non conscientia consolatio virtutis, sed virtus potius consolatio conscientiae praedicatur. Certius hoc asserit Innocentius, quod Orator paulo timidius edixerat: Habent nonnullam in se consolationem poenae quae virtute suscipiuntur. Nomine autem virtutis maxime intelligit Innocentius patientiam, de qua in epistola 7, ad clerum et populum Constantinop., exposita eorum calamitate num. 1 scribit: Quam quidem rem sola patientiae consolatio sanare potest.	ipsa conscientia, (e) quae in calamitatibus	yes, key read at the plate 2026-09-23 (PDF p.262, corners 513/514); class: explanatory	cn
263	0515	a	In Romana synodo sub Bonifacio II olim recitata, subinde et a Nicolao I epist. 2 laudata, postmodum a Luca Holstenio cum caeteris praedictae synodi Romanae monimentis in lucem emissa est. Tempus, quo scripta est, consulari nota indicatur. Sed haec in nota mendum esse, ac pro Honorio IX et Theodosio V restituendum esse Honorio VII et Theodosio II clarissimus vir Tillemontius to. X, pag. 829, opinatur. Unde sequeretur, ut haec epistola anno 407 scripta esset. Hanc autem opinionem probare nititur ista inductione. Primo quidem statuit, ex epistolis, quas Innocentius ad Rufum scripsit, hanc primam esse, atque ab eo datam fuisse statim ut de Rufi ordinatione certior factus est; quod non negandum. Tum addit Rufum illum, ad quem Innocentius modo scribit, non alium videri ab eo, ad quem de Naissensibus clericis litteras jam dedisse se idem papa epist. 17, ad Marcianum, memorat. Quod pariter concesso, subdit: Atqui hanc epistolam ad Marcianum scripsit Innocentius Ravennae constitutus, quo ab anno 409 ineunte venit, et ubi mense Augusto anni 410 adhuc versabatur; nec ullum in historia vestigium, unde eum praeterea in eamdem civitatem rediisse conjectemus. Ex quo consequi putat, ut nec me Rufi ordinatio, neque epistola ista serius anno 408 differendae sint. Sed cum nequaquam omnia scripta sint quae contigerint, et qui Ravennam semel accessit, eo etiam secundo ac tertio potuerit pergere; cumque hujus rei, ipso viro clarissimo fatente, anno 417, quo frumentum Heraclianus Romam perferri prohibebat, causa et occasio non defuerit: minime tutum videtur certam epocham conjectura incerta mutare. Sane inusitatus valde foret is librariorum lapsus, ut cum in duorum consulum qui eamdem dignitatem gessissent pluries, annis exprimendis peccassent, eorum tamen error in eorum consulatibus designandis sic apte sibi cohaereret, ut cum Honorii nono consulatu, quintum, Eo ipso forte, qui a Siricio epist. 9, n. 5, Basso episcopo in consortium regendae ecclesiae datus dicitur. [note runs continuously from p.263 foot onto p.264 top with no repeated key]	EPISTOLA (a) XIII. RUFO THESSALONICENSI	yes, key read at the plate 2026-09-23 (PDF p.263, corners 515/516); class: explanatory	cn
263	0515	b	In veteribus libris, ubi consultationis vocem orationis series exigit, non raro, immo plerumque consolationis verbum legi solere experti, et hic idem peccatum suspicamur, putamusque restituendum, ipso maximis vel etiam divinis consultationibus vacaturo. Respicit quippe Innocentius ad ista Exodi XVIII, 19 et 22: Esto tu populo in his quae ad Deum pertinent, ut referas quae dicuntur ad eum... Quidquid autem majus fuerit, referant ad te, et ipsi minima judicent.	ipso maxime vel etiam divinis (b) consolationibus vacaturo	yes, key read at the plate 2026-09-23 (PDF p.263, corners 515/516); class: variant	cn
263	0515	c	Eos, quorum suggestione Justinianus Novella 11 scripsit, tantum Attilanis temporibus, hoc est post annum 440, vicarii per Illyricum dignitatem episcopo Thessalonicensi fuisse attributam, imperatori huic imposuisse inde manifestum est.	prudentiae gravitatique tuae (c) committendam curam	yes, key read at the plate 2026-09-23 (PDF p.263, corners 515/516); class: explanatory	cn
263	0516	d	Istud munus Acholio ab anno saltem 380 injunctum fuisse, contra Hallerii sententiam, Monito in 8 epistolam Damasi observavimus.	qui beatissimis (d) Acholio et Anysio	yes, key read at the plate 2026-09-23 (PDF p.263, corners 515/516); class: variant	cn
263	0516	e	Censio vulgo notam a censore iniustam sonat. Mox primatum nomine intelliguntur praenominatarum provinciarum metropolitani.	et in minus bonis (e) censio: sic	yes, key read at the plate 2026-09-23 (PDF p.263, corners 515/516); class: variant	cn
263	0516	f	Ita Holstenius, non, ut Tillemontius legit, Achivorum. Ut de chartis, ita et archivis hic sermonem esse et antecedentia et consequentia persuadent. Quippe chartarum, quibus vicarii munus antistiti Thessalonicensi delegabatur, veritatem tunc a nonnullis in dubium vocatam esse apparet. Quocirca Innocentius tametsi Rufo proxime dixerit, quippe a nobis lectus, quod potestatem illi non tam sedis praerogativa, quam eligentis munere collatam sonat, neque hanc tamen consuetudine fultam negat: ideoque eidem, ut tum priorem epistolam suam, tum alias decessorum suorum ea de causa datas recenseat, auctor est.	instructionem chartarum in causa (f) archivorum cum	yes, key read at the plate 2026-09-23 (PDF p.263, corners 515/516); class: variant	cn
263	0516	g	In edit. Concil. 11. Quae autem 14 erat, nunc 25.	cum presbytero (g) Senecione, viro	yes, key read at the plate 2026-09-23 (PDF p.263, corners 515/516); class: variant	cn
264	0517	a	Non, ut mihi quidem videtur, ad ipsum Rufum, sed ad decessorem ejus Anysium scripta, quaeque superius primum locum obtinet. Et hinc rursum vocem archivorum retinendam, nec mutandam fuisse firmatur.	ex priore nostra (a) epistola, et	yes, key read at the plate 2026-09-23 (PDF p.264, corners 517/518); class: explanatory	cn
264	0517	b	In Romana pontificiarum epistolarum editione notatur ut ex Cresconio descripta. Convenientius forsitan notatum esset ex Dyonisio. Apud hunc inter Innocentii decreta conficit titulum seu capitulum 50. Exinde illam et collectionis Hispanae auctor et Isidorus mutuati sunt. De paschali celebritate anni 414 in hac epistola disseri inter omnes convenit; ideoque illam anno 413 scriptam plerique censent. Verum Tillemontius subtiliter pro more suo expendens omnia, atque Pascha servandum ab Innocentio nondum praescribi, sed hunc papam prius, quam praescribere illud certo valeat, suam de eo sententiam Africana in synodo retractari, indeque ad se rescribi velle observans, anno 412 consignandam esse arbitratur: maxime, inquit, cum Aurelius et circa exitum Junii concilium provinciale, et circa finem Augusti plenarium Africae, in quo ex praescripto Carthaginensis III concilii can. 41 anni futuri Paschalis dies divulgandus erat, celebrare solerent. Nisi igitur synodum aliquam praeter consueta illa tempora in Africa celebratam cogitemus, eruditi viri opinioni videtur subscribendum. Alioqui non apparet qui Innocentius Africanae synodi de hac quaestione sententiam rescire, atque exinde totius Occidentis episcopis Paschae diem indicare commode valuerit. Ad haec, Leo papa de Paschali die anni 455 pariter sollicitus, ea de re non anno 454, quo dies ille ecclesiis praescribendus ac denuntiandus erat, sed ab anno 455 certior fieri pluribus litteris studuit.	EPISTOLA (b) XIV. De ratione	yes, key read at the plate 2026-09-23 (PDF p.264, corners 517/518); class: explanatory	cn
264	0517	c	In mss. coll. Dion. et Hadr. aut simpliter de Pascha, aut de Pascha in qua re fallitur, hoc est utrum in ejus die praescribendo Innocentius fallatur, an non. In Hispan. de insinuatione vel indictis temporibus Paschae.	De (c) ratione Paschali anni	yes, key read at the plate 2026-09-23 (PDF p.264, corners 517/518); class: variant	cn
264	0517	d	Sincerum Dion. coll. exemplar Regium, Charitatis tuae, forte loco charitatis mutuae. Coisl. coll. Hisp., Charitatis vestrae.	Charitatis (d) nostrae officium nullo	yes, key read at the plate 2026-09-23 (PDF p.264, corners 517/518); class: variant	cn
264	0517	e	Ita emendamus ope praedicti exemplaris Regii, in quo exstat, Curatio ut dignum est. Cui favet istud Coisl., Cura ergo ut dignum est. In aliis autem libris habetur, Cur ergo indignum est; et mox in solis editis, custodiri. Tum in Coislin., idque omnes... fratres carissimi.	societas. (e) Curato, ut dignum	yes, key read at the plate 2026-09-23 (PDF p.264, corners 517/518); class: variant	cn
264	0517	f	Vocabulo alterius annum intelligere est vel alterum ab eo quo Paschae dies sit celebrandus, vel alterum ab eo quo divulgandus sit. Si hoc postremum admittatur, anno 412 consignanda erit haec epistola; si autem primum magis placet, in annum 413 rejicienda erit. Quamquam ipse infra altero anno ab eo, quo divulgandus erat Paschae dies, scribere se non obscure significat.	ratione paschali alterius (f) (dico, futuri)	yes, key read at the plate 2026-09-23 (PDF p.264, corners 517/518); class: explanatory	cn
264	0517	g	In mss. coll. Hadr. itemque, sine adjuncto cum, quod pariter in Regio coll. Dion. omittitur, illaeso sensu.	minus est), (g) itemque cum in	yes, key read at the plate 2026-09-23 (PDF p.264, corners 517/518); class: variant	cn
264	0518	h	"Ita exemplar Regium. At mss. coll. Hadr., ante Paschae. Editi vero, ante hoc Paschae. [final word of both variants printed with an odd swash that may read ""Paschu"" rather than ""Paschae"" — transcribed here as the evidently intended ""Paschae""]"	nullum Pascha umquam (h) antehac factum	yes, key read at the plate 2026-09-23 (PDF p.264, corners 517/518); class: variant	cn
264	0518	i	In ms. Coislin., concors mihi.	erit tuae, (i) consors mihi frater	yes, key read at the plate 2026-09-23 (PDF p.264, corners 517/518); class: variant	cn
264	0518	j	In vulgatis post Crab. tractare. At in omnibus mss. ut apud Merl., retractare, quod est recognoscere.	religiosissima (j) retractare: ut si	yes, key read at the plate 2026-09-23 (PDF p.264, corners 517/518); class: variant	cn
264	0518	k	Id moris fuisse, ut Romanus pontifex de die Paschae litteras ad omnes dirigeret, testis est Arelatensis I synodus anno 514 habita, ejusque usum Leo epist. 88, ad Ravennium, confirmat. Hoc autem spirat totus iste Innocentii locus, tempus quo mori illi satisfaciendum erat, nondum imminere.	litteris ante, ut (k) moris est	yes, key read at the plate 2026-09-23 (PDF p.264, corners 517/518); class: explanatory	cn
264	0518	l	Omnes mss. ex abundantibus.	tamen (l) ex abundanti postulo	yes, key read at the plate 2026-09-23 (PDF p.264, corners 517/518); class: variant	cn
264	0518	m	In edit. Concil. 13; quae autem 15 erat, nunc 20. Dionysius Exiguus epistolam hanc non indignam putavit, quam inter Innocentii decreta referret. Hanc sub titulo seu capitulo 39 proxime ante superiorem collocavit. Eumdem locum obtinet in coll. Hispan. et Isid. Forte cum eadem epistola missa est. Baronius scriptam opinatur anno 413, quo tacite refelleretur Pelagii liber ad Demetriadem Julianae filiam scriptus. Ad eamdem Julianam exstant epistolae Joannis Chrysostomi 169, Augustini 150, rursum Augustini et Alypii 188. Ipsi Augustinus anno 414 suam dicavit de Bono viduitatis lucubrationem. Ejus quoque Hieronymus in epistola 8, ad Demetriadem ipsius filiam, meminit.	EPISTOLA (m) XV. INNOCENTII	yes, key read at the plate 2026-09-23 (PDF p.264, corners 517/518); class: explanatory	cn
265	0519	a	Hoc Baronius non sine causa dictum esse observat, sed quo velut antidoto excuteretur virus in his latens Pelagii ad Demetriadem verbis, quae Alypio et Augustino tantopere displicuerunt: *Spiritales divitias nullus sibi praeter te conferre poterit: in iis jure laudanda, in iis merito caeteris praeferenda est, quae nisi ex te et in te esse non possunt.* Neque minus his adversatur epistolae clausula, qua non dicit Innocentius, *ut cui insignem te praestitisti, ei te reddas per saecula clariorem*, sed totum hoc ad Dei munus refert. Certe si praecessit haec epistola praedictum Pelagii opusculum, negandus non est Innocentium Julianae animum adversus pestilentem illius doctrinam non sine Dei nutu tam apte praevertisse.	nobilitatem (a) moribus superasse	yes, key read at the plate 2026-09-23 (PDF p.265, corners 519/520); class: explanatory	cn
265	0519	b	In collectione Dionysii Exigui conficit haec epistola decretum L. Titulus, quem ei praefixit idem Dionysius Exiguus, a Crescontio cap. 58 laudatur. Eam quoque Hispana collectio et Isidoriana exhibent. Ravennae se constitutum testatur Innocentius, dum illam scriberet. Eum autem in urbem illam circa annum 409 initio sese contulisse, ibique anno 410 cum ab Alarico capta est Roma, constitutum fuisse, Zosimus histor. lib. v, Sozomenus lib. ix, c. 7, et Orosius lib. vii, c. 39, tradunt. Unde per illud intervallum missam esse nonnulli opinantur. Alii anno 414 multo posteriorem arbitrantur, utpote in cujus exordio subsequenti ad Rufum, Marcianum et alios episcopos memorari existimant. Et eam forte ob causam in editione Romana rejecta est post sequentem, licet eidem a Dionysio praeponatur. Verum in sequenti epistola non de clericis Naissensibus, qui a Bonoso ante damnationem fuerant ordinati, recipiendis, sed de iis, quos idem haereticus damnatus ordinaverat, a clero repellendis agitur. Quocirca de tempore, quo haec epistola scripta est, nihil certi definiri valet. Hic tamen ad imitationem Dionysii non male ponitur: non solum quia subnexa probabilior creditur anterior, sed etiam quia rerum ordo postulat, ut primum de ordinatis a Bonoso ante damnationem, ac deinde de ordinatis ab eodem post damnationem quid Innocentius sentiat, exponatur.	EPISTOLA (b) XVI	yes, key read at the plate 2026-09-23 (PDF p.265, corners 519/520); class: explanatory	cn
265	0519	c	Ita plerique mss. Naisitano. Edit. Rom. post Crab. Naxitano. Idem Crab. ad marg. ascripsit Naresitano: quod in posterioribus edit. concil. praelatum est. In puro Dionysianae collectionis exemplari Regio tota haec inscriptio desideratur.	EPISCOPO (c) NAISSITANO	yes, key read at the plate 2026-09-23 (PDF p.265, corners 519/520); class: explanatory	cn
265	0519	d	Dion. et Hadr. coll. mss. reor.	si tamen recte (d) recordor	yes, key read at the plate 2026-09-23 (PDF p.265, corners 519/520); class: variant	cn
265	0519	e	Merl. Naisensibus Crab. et edit. Rom., Naxensibus. Posteriores edit. concil. ex margine Crab., Naresiensibus. Navar. ms., Naisitensibus. Caeteri, Naissensibus. Hoc nituntur loco, qui Bonosum episcopum Naissitanum fuisse volunt, Naissenses clericos ordinari ab eo non potuisse rati, nisi Naissensi Ecclesiae praefuisset. Sane respondeu non esset eorum sententia, si hunc haereticum ecclesiasticae disciplinae regulis se continuisse constaret. Verum, ut in epistola sequente n. 12 docetur, *passim et sine ulla discussione ordinationes illicitas faciebat.* Nil igitur vetat, quominus auctoritati haereamus Marii Mercatoris, qui Bonosum Sardicensem episcopum appellat.	de clericis (e) Naissensibus transmisisse	yes, key read at the plate 2026-09-23 (PDF p.265, corners 519/520); class: explanatory	cn
265	0519	f	In vulgatis hic additur *errore*: quod abest a mss. ac recte subauditur.	in eodem (f) deperirent	yes, key read at the plate 2026-09-23 (PDF p.265, corners 519/520); class: variant	cn
265	0519	g	Sola editio Rom., *Germanus*. Merl. et Crab., *Germanum*, ac subinde Lupentinum: ubi recentiores edit. concil. praetulerunt *Lupentinus*, rejecto ad marg. *Lupentius*, quae est lectio mss.	creberrimas, (g) Germanio, qui se asserit	yes, key read at the plate 2026-09-23 (PDF p.265, corners 519/520); class: variant	cn
265	0520	h	Verbum *asserentes*, apud Crab. ac deinceps in vulgatis omissum, ex Merl. et mss. revocatum. Quod tunc asserebant clerici a Bonoso ordinati, Marcianum scilicet ita ipsis ecclesias suas retinere permisisse, ut suam eis communionem negaret, illustratur Toletani I, concilii gestis Lab. tom. ii, pag. 1234, ubi quibusdam a Priscillianistis secta discedentibus ecclesiae permittuntur suae, nec communio, quoad ipsis a Romano antistite reddita fuerit, conceditur. His porro clericis, qui ecclesias suas permittebantur retinere, iterata non fuerat ordinatio: adeoque Macedoniae episcopis persuasum non erat, Bonosiacis, si in clero permanere permittendi essent, hoc eis nonnisi iterata ordinatione concedendum esse. Quod interim adversus Pasch. Quesnelli sententiam, de qua Monito in epistolam sequentem agendum nobis erit, sit observatum.	gestiverunt, (h) asserentes se quidem	yes, key read at the plate 2026-09-23 (PDF p.265, corners 519/520); class: explanatory	cn
265	0520	i	In nostris mss. ut in editis exstat *peccare*: sed quod subnectitur *esse peccatum*, hic *peccari* necessario postulat. Nec ignorant, qui usum aliquem in terendis veteribus libris habent, quam frequens sit i in e ac vicissim mutatio. Deinde editi post Crab. ut in ms. Reg. *debere in alio*: ubi melius caeteri libri, *debere in alios*, supple a Bonoso ordinatos. Tum coll. Dion. et Hadr. exempla subjiciunt, *arbitretur quem in se*, non *quemadmodum in se*: quod in mss. coll. Hisp. et Isid. rectius habetur.	aut ille sic (i) peccari debere in alios	yes, key read at the plate 2026-09-23 (PDF p.265, corners 519/520); class: explanatory	cn
265	0520	j	Is putatur Nicetas a Gennadio de vir. illustr. dictus episcopus Romatianae; quam urbem geographi in Dacia mediterranea, seu in Moesia superiori, Naissum inter et Sardicam collocant.	et fratrem nostrum (j) Nicetam, aliosque	yes, key read at the plate 2026-09-23 (PDF p.265, corners 519/520; note continues onto p.266 col 521 foot); class: explanatory	cn
266	0521	a	Editi post. Crab., *faterentur*, in ms. Reg. *nihil agerentur*: corrupte. In caeteris *augerentur*. Innocentius ordinatos eo loquendi modo *honoribus auctos* praedicat, quo ab Hilario lib. x de Trin. n. 11, *in filios Dei aucti* dicuntur qui Christum receperunt: quia nimirum ut iis qui filii Dei evadunt, ita iis qui ordinantur non levis fiat accessio dignitatis.	commemorant, (a) augerentur	yes, key read at the plate 2026-09-23 (PDF p.266, corners 521/522); class: explanatory	cn
268	0525	a	In edit. Concil. 22. Quae autem 17 erat, nunc 19.	EPISTOLA (a) XVII	yes, key read at the plate 2026-09-23 (PDF p.268, corners 525/526); class: variant	cn
268	0526	b	Inscriptio ista in vetusto ms. Corb. sic offertur: Innocentius Eustasio Eugenio, Policronio, Hilario, Zosimo, Hermogeni, Thorentiano, Rufo, Claudio, Gerontio, Suffronio, Macedonio, Profuturo, Vincentio, Herodiano, Eusebio, Maximiano, Joanni, Flaviano.	INNOCENTIUS (b) RUFO, EUSEBIO, EUSTATHIO	"yes, key read at the plate 2026-09-23 (PDF p.268, corners 525/526) -- key sits within Coustant's ""Ex antiquo codice Corbeiensi"" illustrative quotation (a different, shorter address list than our critical-text Latin); anchored to the nearest shared opening words ""INNOCENTIUS RUFO, EUSEBIO, EUSTATHIO, CLAUDIO"" which our Latin also has (0014.md) before the two lists diverge; class: variant"	cn
268	0526	c	dici concinit et alter Colb. Unde liquet, ex ordine, quem in inscriptionibus hujusmodi tenent episcopi, nullam confici posse firmum argumentum, quo eorum dignitas vel antiquitas probetur.	episcopis Macedonibus et diaconis in Domino (c) salutem	"yes, key read at the plate 2026-09-23 (PDF p.268, corners 525/526) -- nearest available anchor; plate's own wording at the key differs from our Latin (""...in Deo salutem. Eidem (c) dici concinit..."") since this sits in Coustant's illustrative aside, not the critical text; class: explanatory"	cn
269	0527	a	In edit. Rom. et concil. post Crab. hic adjicitur *et caeteris*: quod abest ab omnibus mss. in quibus singula episcoporum nomina appellantur, atque ex iis haud dubie repetitum est, in quibus, ut proxime observavimus, tantum duobus episcopis nominatis, caeteri tacentur. Ex iis autem, qui praenominati sunt, Chrysostomus de exsilio epistola 165, ad Macedonas episcopos, scribens, *Eusathium, Eusebium, Maximianum, Eugenium et Gerontium* in ea inscriptione pariter appellat. Hic oboritur quaestio, in Macedonia tot fuerint episcopi, quot nunc recensentur. Neque enim Marcini, quem episcopum fuisse constat, nomen ultimo loco positum permittit, ut superius aliquot cum episcopis diaconos appellatos sentiamus. Forte Innocentius, cum quos e Macedonia et aliis Illyrici provinciis novisset episcopos promiscue memorasset, addidit *episcopis Macedonibus et diaconis*, ut epistolam suam, quamvis etiam vicinarum provinciarum episcopis inscriptam, ad Macedonas in primis attinere significaret: quemadmodum antea Capuana synodus, teste Siricio ep. 9, n. 1, statuerat, ut siti erat vicini Bonosi episcopi, praecipue Macedones, causam ejus cognoscerent.	HERODIANO et MARCIANO, (a) episcopis Macedonibus et diaconis	yes, key read at the plate 2026-09-23 (PDF p.269, corners 527/528); class: explanatory	cn
269	0527	b	Corb. ms. cum uno Colb., *reperimus*.	Verum ubi (b) reperimus vos ex sententia	yes, key read at the plate 2026-09-23 (PDF p.269, corners 527/528); class: variant	cn
269	0527	c	Eidem mss. *nostris ut inducerent*. Caeteri cum Merl., *nostri inducerent*. Non displiceret *injicerent*.	mentibus nostris (c) inducerent, facerentque	yes, key read at the plate 2026-09-23 (PDF p.269, corners 527/528); class: variant	cn
269	0527	d	E potioribus mss. hoc revocatur vox *aliquam*, quae prius desiderabatur. Jam Innocentius epist. 2, n. 7 et 8, nec non epist. 3, n. 11, vetuerat ne ad clerum admitteretur, qui vel viduam vel secundam uxorem duxit, etiamsi primam accepisset ante bap- [note cut off at foot of p.269, continuation not visible in this session's page list]	ecclesiarum currebat, (d) aliquam fieri injuriam	yes, key read at the plate 2026-09-23 (PDF p.269, corners 527/528); class: explanatory	cn
269	0528	e	In mss. coll. Dion. Hadr. et Hisp. desideratur *relationis vestrae*. In codice Colb. Langob. exstat *relationis*, et in altero Colb. necnon vetusto Corb. *relegationis*, sine adjuncto *vestrae*. Tum omnes alii mss. subjiciunt, *geminata percontatio vestra*. Ed. di. Merl. *gemina percontatio vestra*. Vulgatam lectionem asservat vetera exempla Codicis Quesn.	evidentioribus, (e) relationis vestrae geminata percontatio	yes, key read at the plate 2026-09-23 (PDF p.269, corners 527/528); class: variant	cn
269	0528	f	Ita potiores mss. Alii vero libri, *subnixum*. Pith. *subnexum*.	divina auctoritate (f) submissum, nulla defensio	yes, key read at the plate 2026-09-23 (PDF p.269, corners 527/528); class: variant	cn
269	0528	g	Primae hujus decreti parti consentiens Valentinum I concilium anno 374, can. 1, statuit, neminem posthac *de digamis aut internuptarum maritis ordinari clericum posse*, sive ante baptismum, sive post in digamiam incurrerint. Eos tamen, qui hactenus ordinati fuerant, removere non audet. De illa etiam disciplinae severitate non nihil postea remiserunt Gallicana concilia Arausicanum I, can. 25, et Arelatense II, can. 45, ne hujusmodi viri ultra subdiaconatum promoveantur, interdicere satis habuerunt. Neque hac in re Hispanos, Mauros, Italosve apostolicae regulae observantiores fuisse, testes sunt epistola I Siricii ad Himerium Tarracon., n. 12, Leonis epistola 1 ad Mauros, n. 3 et 5, ejusdemque epistola 4, episcopos Campaniae, Piceni, Tusciae, n. 3.	ecclesiastici ordinis (g) locum tales assumere	yes, key read at the plate 2026-09-23 (PDF p.269, corners 527/528); class: explanatory	cn
269	0528	h	Quesn., *primae virginis nomen*, praeter fidem mss. et Innocentii mentem. In editis aliis, *prima virginis aeque nomen*. In pluribus mss., *virgini aeque nomen*.	sic interpretantibus prima: (h) virginisque nomen accipiet	yes, key read at the plate 2026-09-23 (PDF p.269, corners 527/528); class: variant	cn
270	0529	a	Sic melioris notae mss. At Merl., Crab. et edit. Rom. cum mss. coll. Dion. et Isid., *Domini praecepta*. Lectionem nostram firmat istud, quo numerus 5 clauditur, *quod Lex praecepit, et Deus junxit*.	secundum (a) Legis praecepta ac Dei instituta	yes, key read at the plate 2026-09-23 (PDF p.270, corners 529/530); class: variant	cn
270	0529	b	Dion. mss. et aliquot alii, *assumetur*.	quod post baptismum (b) assumitur?	yes, key read at the plate 2026-09-23 (PDF p.270, corners 529/530); class: variant	cn
270	0529	c	Ita magno consensu mss. At Crab. et edit. Rom. *qui*. Porro verbum *sortiuntur* passive intelligendum est, perinde ac si *accipiuntur* exstaret.	quae (c) post baptismum sortiuntur	yes, key read at the plate 2026-09-23 (PDF p.270, corners 529/530); class: variant	cn
270	0530	d	Plures mss., *jungit*. Unus e Colb., *indulget*, Pith. et Quesn., *injungit*. Ad verba Christi, *Quod Deus junxit*, etc., hic respici planum est. Nulla autem nititur auctoritate, quod post verba *Deus junxit*, apud Merl. *et lex junxit*, apud Crab. *et lex jungit* subjicitur.	Lex praecepit, et Deus (d) junxit?	yes, key read at the plate 2026-09-23 (PDF p.270, corners 529/530); class: explanatory	cn
270	0530	e	Unus e mss., Colb., *orationibus deditum atque eleemosynis per revelationem Petrum evocasse, ipsumque vidisse*. Ex eo arripuit Quesn., *orationibus deditum*, ac deinde ex Crab. ac caeteris deinceps editis subjecit, *et eleemosynis vacantem per revelationem Angelum Petrumque*. Ediderat antea Merlinus, *orationibus et eleemosynis per revelationem Angelum Petrumque*. Lectio nostra est omnium mss., uno excepto Colb. superius nominato.	orationibus (e) atque eleemosynis revelationem, Petrumque	yes, key read at the plate 2026-09-23 (PDF p.270, corners 529/530); class: variant	cn
270	0530	f	Sex probae notae mss. *abluta*: quod sic potest intelligi, ut quemadmodum ablutae evanescere solent maculae, ita abluta deperiisse censeantur orationum et eleemosynarum merita. Quo intellectu superius n. 3, audivimus *conjugium per baptismi sacramentum cum caeteris criminibus ABLUTUM*. Sed si ab Innocentii mente non abhorret *abluta*, neque ab ea verbum *ablata* magis alienum esse suadet illud quod proxime legimus, *quia per baptismum, totum quod vetus homo gesserit putatur ABFERRI*.	haec illi (f) ablata sunt, propter quae	yes, key read at the plate 2026-09-23 (PDF p.270, corners 529/530); class: explanatory	cn
270	0530	g	Editi post Dion. et Isid., *non potest facientibus deperire*. Nuptiarum ergo copula quia Dei mandato perficitur, non potest: castigantur auctoritate mss. qui solent esse sinceriores.	non potest (g) agenti deperire, quod	yes, key read at the plate 2026-09-23 (PDF p.270, corners 529/530); class: explanatory	cn
270	0530	h	Crab. hic addidit *credi*: quod verbum arripuerunt sequentes editores, licet absit a mss.	solvi inter peccata (h) omnino non debet	yes, key read at the plate 2026-09-23 (PDF p.270, corners 529/530); class: variant	cn
270	0530	i	Verbum *decernimus*, quod in edit. Rom. ac posterioribus concil. hic adjectum est, ne in uno quidem scripto codice, sicut nec apud Merlin., Crab., etc. offendimus. Disputationis hujus exordio observasse juverit discrimen, quod ordinationem inter et ordinationis honorem intercedit. Et quidem Innocentius non negat ordinationem ab haereticis conferri posse, sed collatam ab eis ordinationis honorem locum habere non posse contendit. Immo hujusmodi ordinationi, ubi id Ecclesia postulat utilitas, honorem suum servari posse ipse superiori epistola 5 pluribus asserit. [note continues onto p.271]	ordinationis honorem locum habere non posse (i)	yes, key read at the plate 2026-09-23 (PDF p.270, corners 529/530; note continues onto p.271); class: explanatory	cn
271	0531	a	Ita vetus codex Corb. et alter Colb., aliis duobus faventibus, in quibus pariter legitur *comparticeps factus est*, ut taceam Pith. in quo restat *factus est*. At alii libri, *qui particeps effectus est damnato*. Ad Innocentii mentem jam longe antea Laodicenum concilium can. 32 sanxerat: *Non oportet haereticorum benedictiones accipere, quoniam istae maledictiones magis sunt quam benedictiones.* Porro qui damnationis fit particeps, reprehensionis non est expers; ideoque ordinationis honore indignus apostolica sententia judicatur.	damnationis dedit: et (a) qui comparticeps factus est	yes, key read at the plate 2026-09-23 (PDF p.271, corners 531/532); class: explanatory	cn
271	0531	b	In duobus mss., *possunt auferri*.	crimina vel vitia (b) putantur auferri	yes, key read at the plate 2026-09-23 (PDF p.271, corners 531/532); class: variant	cn
271	0531	c	Legem illam sanxerat, vel potius ut ab Apostolicisve viris traditam confirmarat concilium Italiae Cod. can. eccl. Afri. cap. 56 memoratum. Ibi Afri, quamvis aequitatem legis hujus agnoscant, legationem tamen ad Anastasium Innocentii decessorem decernunt, rogaturi ut de severitate ejus, propter clericorum inopiam qua ecclesiae ipsorum laborabant, nonnihil sibi remittatur. Eidem legi morem gerens Augustinus epist. olim 73, nunc 245, n. 2, Possidio scripsit: *De ordinando autem qui in parte Donati baptizatus est, auctor tibi esse non possum: tametsi statim subdat: Aliud est enim facere si cogaris, aliud consulere ut facias.* Legenda omnino Afrorum ad Joannem II, epistola viii, qua requirunt quomodo Arianorum sacerdotes ad catholicam fidem suscipi oportet, utrumne in suis honoribus, an in laica communione. Moxque subjiciunt: *Ex omnium quidem collegarum tacitis motibus nemini placere sensimus, ut in suis honoribus suscipiantur.* Addunt et inferius: *Non solum de sacerdotibus, sed de ipsis quoque parvulis apud eos baptizatis, utrum soleant vel debeant ad clericatum, si petierint, applicari consulimus.* Cypriani epist. 72, ad Stephanum, ea de re sententia haec est: *Satis est talibus revertentibus veniam dari, non tamen debet in domo fidei perfidia promoveri.*	Sed NOSTRAE (c) LEX EST ECCLESIAE	yes, key read at the plate 2026-09-23 (PDF p.271, corners 531/532); class: explanatory	cn
271	0531	d	Editi cum solis mss. coll. Hisp. et Isid., *a catholica fide*. Verius alii mss. *a Catholica*, supple *Ecclesia*. Sic et infra n. 11, *De Catholica ad haeresim transiens*: item, *De Catholica ad Bonosum transierunt*. Et haec quidem locutio aliis etiam scriptoribus, ac nominatim Augustino, est familiaris.	ii, qui (d) a Catholica ad haeresim transierunt	yes, key read at the plate 2026-09-23 (PDF p.271, corners 531/532); class: explanatory	cn
271	0531	e	Unus e mss. Colb. cum vetusto Corb., *Sed ante duodecim fratres quondam nostri*: corrupte. Jamne Siricii epistola 9, n. 1, didiceramus Capuanam synodum Anysio et aliis Illyrici episcopis, praesertimque Macedonibus, causae Bonosi cognitionem delegasse; nunc quodnam eorum de hac causa judicium fuerit, docemur, quod quidem dum approbat Innocentius, ab eo abesse se indicat, ut ordinationem haereticorum irritam ac nullam omnino sentiat.	Sed (e) Anysii quondam fratris nostri	yes, key read at the plate 2026-09-23 (PDF p.271, corners 531/532); class: explanatory	cn
271	0531	f	Iidem mss., *Vicensimus*: mendose. Nec melius alius Colb., *Vicibus*, ut opinor, ambiguis. Porro in ambiguo erat, utrum ordinatis ab haeretico honor ordinationis numquam non servandus sit, an semper negandus. Ambiguum hoc solvit ac superat Innocentius, dum ita eis negandum respondet, ut cum necessitas postulat, vel grave scandalum metuitur, eis servandum censeat; laudatque Anysii et sociorum judicium, quo, segregato Bonoso, ordinatis ab eo, ne cum illo remanerent, suos honores permiserunt.	ordinati reciperentur. (f) Vicimus, ut opinor	yes, key read at the plate 2026-09-23 (PDF p.271, corners 531/532); class: explanatory	cn
271	0532	g	Editi, *in suum ordinem*. Deinde Quesn., *suscipi*; quod ita non esse, addita particula negante praeter mss. fidem ac mentem Innocentii: qui quidem primum praefatus, *Possum dicere de solis hoc Novatianis esse praeceptum*; deinde istud re ipsa posse se dicere probaturus, recte adjungit, *Quod ita esse*. Horum loco in mss. Dion. seu Hadr. pessime substitutum est, *Quod si ita esset*; indeque lectionem illam auctor coll. Hispan. Isidorus et Merlinus sumpserunt. E regione hujus loci in ms. Colb. Langob. ascribitur haec marginalis nota: *De Novatianis dicit, Cum fuerint ad catholicam Ecclesiam reversi, et per manus impositionem suscepti, hi maneant in clero. Aliarum haeresum clerici dum reversi fuerint, laicam tantum communionem percipiant.*	revertentes debere (g) in suo ordine recipi	yes, key read at the plate 2026-09-23 (PDF p.271, corners 531/532; note's marginal-note text completed at foot of p.272); class: explanatory	cn
272	0533	a	Plures mss. cum Dion., *de omnibus*. Magis placet cum vulgatis, necnon ms. Corb. ac duobus Colb., *omnibus*, supple *haeresibus*. Exemplis Novatianorum, quorum baptisma suscipitur, quia in hoc sacramento conferendo nihil peccent, et Paulianistarum, quorum baptisma rejicitur, quia in eodem peccent; specimen nobis dedit Nicaena synodus eorum quorum baptisma vel admittendum vel respuendum sit.	commota est, et ideo (a) omnibus segregatis	yes, key read at the plate 2026-09-23 (PDF p.272, corners 533/534); class: explanatory	cn
272	0533	b	Isid. post. coll. Hisp. et exinde edit. Rom. et concil., *ab apostasia revertens et resipiscens*.	aut fidelis (b) ad apostasiam reversus	yes, key read at the plate 2026-09-23 (PDF p.272, corners 533/534); class: variant	cn
272	0533	c	"Edit. Rom., *admitti*. Tum Dion. cum vetustioribus mss., *quorum commissum*. Quod deinde ait Innocentius, clericum post poenitentiam fieri per canones non licere, nititur regulis ante Nicaenam synodum constitutis, quas haec ipsa synodus can. 10 notat his verbis: *Quicumque de lapsis ad ordinem cleri promoti sunt per ignorantiam vel per ordinantium dissimulationem, hoc Ecclesiae non praejudicat regulae; cogniti namque deponuntur.* Regulam hanc, quam et Siricius epist. 1, n. 18, confirmat, Augustinus epist. 185, n. 41, prudenter constitutam docet, tum ut desperatione temporalis altitudinis medicina major et verior esset humilitatis, tum ut revertentium sincerior esset conversio; quia forte patres sint experti aliquorum fictas poenitentias per affectatas honorum potentias. Tertiam ejusdem decreti rationem non minus firmam Siricius loco citato addit: quia nimirum *quamvis mundati, nulla tamen gerendorum sacramentorum instrumenta debent suscipere, qui dudum fuerint vasa vitiorum.* Quartam infra Innocentius exponit. Quintam tangit Simplicius epist. 18, ne qui diu convinci- [word hyphenated at foot of p.272; no continuation text was found at the top of p.273's apparatus, which begins its own fresh ""a"" -- likely completed as ""convincitur"" at the very bottom edge, not captured in this session's render]"	resipiscens redire voluerit, numquid eadem ratione poterit ad clerum (c) permitti	yes, key read at the plate 2026-09-23 (PDF p.272, corners 533/534); class: explanatory	cn
272	0534	d	Hoc est, postquam damnatus est in concilio episcoporum Illyrici, ad quod causa ejus a Capuensi synodo delata fuerat. Hinc liquet, tota illa tertia quaestione de unis clericis a Bonoso ordinatis disceptatum esse. Neque in hoc versabatur quaestio, utrum ii, quos haereticus ille ante concilium Illyrici ordinaverat, recipiendi essent. In hoc quippe concilio Anysius cum collegis Bonosum damnans, ne cum illo remanerent ab eo ordinati, illos in suis gradibus recipiendos esse constituerat, et hoc decretum Innocentius supra n. 9 approbat. Sed de iis agebatur, qui postquam Anysii Macedonumque judicio damnatus esset Bonosus, ordinati ab illo fuerant.	de Catholica ad Bonosum transierunt (d) damnatum, atque se passi sunt	yes, key read at the plate 2026-09-23 (PDF p.272, corners 533/534); class: explanatory	cn
272	0534	e	Solus Quesn., *Bonoso*. Non male tamen alii libri, *Bonosi*, hoc est a Bonoso collatam.	non post ordinationem (e) Bonosi, interfuit cum conficeret	yes, key read at the plate 2026-09-23 (PDF p.272, corners 533/534); class: variant	cn
272	0534	f	In vulgatis, *aut mensem*, ... intelligimus eos qui in (Quesn., *qui a*) Catholica. Quesn. infra, *reperire locum*, Merl. et Crab., *recipere locum*, ubi alii libri *invenire locum* retinent. Novam hic Innocentius rationem exponit, cur erga eos, qui ab haereticis ordinati veniunt, ne ad clerum admittantur, difficilem se praebeat, observatque haereticis plerisque id moris fuisse, ut quicumque Catholici, quantumvis corruptis ac depravatis moribus, interdum etiam ab Ecclesia ob crimina expulsi vel degradati ad ipsos transierunt, ab illis non modo sine poenitentiae satisfactione excepti, sed et aliquando novis honoribus cumulati sint. Minime enim de morum puritate sollicitus est haereticarum sectarum parens diabolus. Secus autem Ecclesia de hypocritarum aut improborum multitudine numquam laetatur. Certe se sui, non Dei amantem prodit, qui sibi addictos honorat, nec curat ut boni sint.	Caeterum qui vel post annum (f) vel menses ad Ecclesiam redierunt	yes, key read at the plate 2026-09-23 (PDF p.272, corners 533/534); class: explanatory	cn
273	0535	a	Exempla coll. Hadr., *si non sacra confecit*. Tum Crab. ad marg. et exinde edit. Rom. et concil. *si non populis distribuit*: quod et in exemplari Pith. Codicis Quesn. legitur.	confideret ordinatum, si non (a) sacramenta confecit	yes, key read at the plate 2026-09-23 (PDF p.273, corners 535/536); class: variant	cn
273	0535	b	In vulgatis ut in ms. Noviom. desiderantur verba *aut non vindicaverunt*, quae caeteris in mss. magno consensu exhibentur. Hinc plenior habetur et integrior sententia Innocentii, de iis qui a Bonoso contra fas ordinati sunt generatim pronuntiantis, sive sibi vindicaverint, sive non vindicaverint conficiendorum sacramentorum auctoritatem, illos usurpatae dignitatis esse reos, utpote qui nihil acceperunt regularis ac legitimae potestatis: adeoque frustra id se putaverint esse quod eis (male in edit. Rom. et concil., *quod de eis*) nulla fuerat regulari ratione concessum. Ita quidem Quesn. vocem *regulari* omittit, sed in omnibus libris cum editis tum scriptis exstat, nisi quod ejus loco mendose in uno Colb. habetur *relaxandi*, et in Pith. *relaxari*.	sibi vindicaverunt (b) aut non vindicaverunt auctoritatem	yes, key read at the plate 2026-09-23 (PDF p.273, corners 535/536); class: variant	cn
273	0535	c	Quesn. cum duobus mss., *non posse praesumere*. Si quid addendum esset, aptius foret *debere* quam *posse*. De caet quippe Innocentius id ecclesiis in pace constitutis, quod iis perturbatis necessitas imperavit, nequaquam praesumendum esse. Et haec igitur non obscure fatetur, sese Bonosiacis honores, quos nunc negat, si par necessitas foret, concessurum.	ecclesias constitutas (c) non praesumere	yes, key read at the plate 2026-09-23 (PDF p.273, corners 535/536); class: explanatory	cn
273	0535	d	Quatuor mss. cum Quesn., *solere*. Plures alii cum Merl. et Crab., *soleat*. Hi duo editores ut et Quesn. deinde subjiciunt, *transire*. Priora ergo. Nostra lectio est castigatiorum mss. Semper sibi constans Innocentius hic firmat, quod jam epist. 3, c. 4, circa delicta, quae vel mitius tractanda aut toleranda, vel severe coercenda ac punienda sint, docuit. Cui affine est quod Augustinus lib. III, cont. Epist. Parmen. n. 11, scribit: *Neque enim potest esse salubris a multis correptio, nisi cum ille corripitur, qui non habet sociam multitudinem. Re vera, inquit nonnullis interjectis, si contagio peccandi multitudinem invaserit, divinae disciplinae severa misericordia necessaria est: nam consilia separationis, et inania sunt, et perniciosa atque sacrilega.* At vero, ut ibid. n. 13, praemittit, *quando ita cujusque crimen notum est, ut vel nullos prorsus, vel non tales habeat defensores per quos possit schisma contingere; non dormiat severitas disciplinae, in qua tanto est efficacior emendatio pravitatis, quanto diligentior conservatio charitatis.* Ita prudens pastor discipinam pro diversa temporum conditione moderans, erga alios a Bonoso ordinatos indulgentior est, quos Dei judicio dimittere satis habet, et erga alios severior, quos ex arctioris disciplinae praescripto plectendos censet.	non potest, inultum (d) sit transire, priora	yes, key read at the plate 2026-09-23 (PDF p.273, corners 535/536); class: explanatory	cn
273	0536	e	Particulae, *et vel*, a Dionysio primum suppressae, ac deinde in coll. Hisp. et Isid. praetermissae, e sex sinceroris notae mss. revocantur. Harum ope mollit Innocentius et amovet invidiam vocis *veniam*, quasi diceret: *Photinus quidem, quem reum contestamini, venia non indiget: sed si reus fuisset, vel veniam, quam ei concessistis, ratam non habere durius existimo.*	res ad salutem redit; (e) et vel veniam nos hanc in tantum	yes, key read at the plate 2026-09-23 (PDF p.273, corners 535/536); class: explanatory	cn
273	0536	f	Editi cum pluribus mss., *more*: ex repetitione litterae ultimae praecedentis vocabuli librariis satis familiari. Praeferimus cum vetere ms. Corb. et uno Colb., *ore*, scilicet apostolicae sedis pronuntiatam. Haec autem sententia adversus Photinum non ab Innocentio ipso, sed vel ab Anastasio vel a Siricio dicta fuerat. Quocirca praemiserat, *Majorum meorum revolvam sententias*: quod licet sibi *anxium* sentiret, anxietatis tamen sensum vicit aequitatis ac justitiae amor.	post condemnationem (f) ore apostolico subrogamus	yes, key read at the plate 2026-09-23 (PDF p.273, corners 535/536); class: explanatory	cn
273	0536	g	Crab. et plures mss., *votis*: geminata perperam littera s, a qua vox sequens iterum ducit. Mox ubi alii mss., *Eustasium*, alii *Eustachium* vel *Eustatium* aut *Eustathium* atque omnes *comprobatum* exhibent, substituit Quesn. *Eustathius... comprobatus*, puto ut orationem ad grammaticae leges accommodaret. Hic rogare incipit Innocentius Macedones, ut quam adversus Eustathium dixerant sententiam condonent ac remittant quemadmodum illorum rogatu condonarat ipse ac remiserat quam apostolica sedes adversus Photinum protulerat.	labore vel testimonio vestro compotes (g) voti suscipite	yes, key read at the plate 2026-09-23 (PDF p.273, corners 535/536); class: explanatory	cn
273	0536	h	In vulgatis ac pluribus mss., *ductam*. In vetere Corb et uno Colb. *ducta ac reducta sententia*. Magis placet post in altero Colb. *dictam*. Respicit Innocentius ad verba Pauli tum I Cor. v, 4, ubi sententiam adversus Corinthium incestus reum dicit, tum II Cor. II, 6, ubi dictam reducit ac revocat.	in uno spiritu (h) dictam ac reductam sententiam	yes, key read at the plate 2026-09-23 (PDF p.273, corners 535/536); class: variant	cn
274	0537	a	Editi post Dion. et Isid., *reparatus mercatur pacem, non fictam pervidens charitatem*. Omnibus igitur vobis ac singillatim occurrat charitus, et vinculis quae ..... connexa laetetur: casigantur ope meliorum mss. in quorum tribus exstat *charitati* loco *charitatis*. Plenior esset sententia, si legeretur *charitatisque vinculis*.	non ut inimicus (a) aestimatur diabolo	yes, key read at the plate 2026-09-23 (PDF p.274, corners 537/538); class: explanatory	cn
274	0537	b	Ita mss. At editi, *adhuc, omisso usque*. Tum ms. Pith. *Dyzoniani*. Alii nonnulli, *Dezoniani* vel *Diozeniani*. Exinde plerique, *et Quiriaci*.	ad hoc usque (b) Dizoniani et Cyriaci	yes, key read at the plate 2026-09-23 (PDF p.274, corners 537/538); class: variant	cn
274	0537	c	Edit. Rom. et concil. secundum coll. Dion. Hisp. et Isid., *emendationem reviviscere*. Compescite, quaeso: corrigantur auctoritate sex mss. melioris notae.	apud vos (c) reviviscere commendatione	yes, key read at the plate 2026-09-23 (PDF p.274, corners 537/538); class: variant	cn
274	0537	d	Ita unus codex Colb. et alter Pith. cum Quesn. Alii vero, *animos ac*.	videtis (d) animosas ac non justas	yes, key read at the plate 2026-09-23 (PDF p.274, corners 537/538); class: variant	cn
274	0537	e	Editi post Dion. et Isid., *reparatus mercatur pacem, non fictam pervidens charitatem*. Omnibus igitur vobis ac singillatim occurrat charitus, et vinculis quae ..... connexa laetetur: casigantur ope meliorum mss. in quorum tribus exstat *charitati* loco *charitatis*. Plenior esset sententia, si legeretur *charitatisque vinculis*.	profundam pacem, non fictam (e) pervidens charitatem	yes, key read at the plate 2026-09-23 (PDF p.274, corners 537/538); class: explanatory	cn
274	0537	f	In vulgatis desideratur *Flavio*. Deinde in tribus mss. Colb. et Pith. exstat *Constantino*. Ex mss. Corb. et Fossat. in quibus restat *Flaviis Constantio*, conjectamus addendum esse *et Constante*. Hoc quippe anno 414 cum Constantio Constans consul creatus fuerat.	Idibus Decembris (13 Decemb. ann. 414) (f) Flavio Constantio	yes, key read at the plate 2026-09-23 (PDF p.274, corners 537/538); class: explanatory	cn
274	0538	g	In edit. concil. 7. Quae autem 18 erat, nunc 21. Non in Mercatoris tantum, sed et in Hispana et Dionysii Exigui collectione exstat. Apud hunc inter Innocentii decreta locum 55 obtinet. Hac eam referimus, tum ne longius quae ad Macedoniae res attinent, disjungantur: tum maxime quia nec deest conjectura, unde illam cum de pace Antiochenae ecclesiae	EPISTOLA XVIII (g)	yes, key read at the plate 2026-09-23 (PDF p.274, corners 537/538); class: explanatory	cn
274	0538	h	Ita potiores mss. At Navarr. *Aristeo*, et alius cum vulgatis, *Oristeo*. Aristeae hujus et Prosdocii appellationes in inscriptione superioris epistolae, in qua caeteros praenominatos legimus, non comparet. Ex quo conjectare licet, in superiore epistola nec solos necomnes Macedoniae praesules, in hac autem et omnes et solos hujus provinciae episcopos, eorum legatis in epistolae contextu adjunctis, appellari.	PROSDOCIO ET (h) ARISTEAE episcopis	yes, key read at the plate 2026-09-23 (PDF p.274, corners 537/538); class: explanatory	cn
274	0538	i	In proxima epistola, ut et in epistola 165 Chrysostomi pariter ad Macedonas scripta, *Maximiano* adjungitur *Eugenius*. Unde et huc *Eumenii*, loco *Eugenii*, irrepsisse suspicio est.	Maximiani et (i) Eumenii, vel potius	yes, key read at the plate 2026-09-23 (PDF p.274, corners 537/538); class: variant	cn
274	0538	j	Sincerae collectionis Dion. codex Reg. hic *Thariano*, et infra *Tariano* prae se fert. Alii coll. Hadr. hic *Tariano*, sed infra *Tauriano*: quod et utrobique habent mss. coll. Hisp. et Isid.	de Bulbalio et (j) Tauriano querimoniam	yes, key read at the plate 2026-09-23 (PDF p.274, corners 537/538); class: variant	cn
274	0538	k	Editi, *imitabor*: corriguntur ex laudato codice Regio.	tantorum malorum (k) metabor compendium	yes, key read at the plate 2026-09-23 (PDF p.274, corners 537/538); class: variant	cn
274	0538	l	In exemplaribus coll. Hadr. *non potuit*: Retinendum cum caeteris *non oportuit*: quo modo legit et Nicolaus I. Locum eumdem Hadriani II in epistola ad Carolum regem Indict. v data imitatur.	Grave (l) non oportuit (Nicolaus I, epist. 32	yes, key read at the plate 2026-09-23 (PDF p.274, corners 537/538); class: variant	cn
274	0538	m	Illos scilicet qui prius judicavit, ut et ad marginem Labbei est annotatum. Hinc Bubalium et Taurianum a Macedonibus judicatos, ad apostolicam sedem provocasse, ac Macedonas, quod suum ipsorum judicium recognosceretur, iniquo animo tulisse colligitur.	gravius et sine poenitentia (m) condemnatur	yes, key read at the plate 2026-09-23 (PDF p.274, corners 537/538); class: explanatory	cn
274	0538	n	Non exstant hae litterae.	Subjunximus autem his priores (n) litteras	yes, key read at the plate 2026-09-23 (PDF p.274, corners 537/538); class: variant	cn
275	0539	a	In mss. coll. Hadr. *credentibus*: cui verbo collectionis Hisp. auctor addidit *sibi*: eaque lectio et apud Isid. et in vulgatis deinceps obtinuit. Veram suppeditat sincerae collectionis Dion. exemplar Reg. Porro inter ecclesias, in quas Innocentius epist. 13, n. 2, Rufo vicem suam committit, etiam Creta recensetur.	sollicitius (a) Cretensibus episcopis relegendam	yes, key read at the plate 2026-09-23 (PDF p.275, corners 539/540); class: explanatory	cn
275	0539	b	Magis placeret, et *observent*. Deinde pro *administratione*, quod ex praestanti codice Regio revocamus, exstat in aliis *admonitione*. Mox ms. Noviom., *ne talibus sortiantur*: unde confecta est vulgata lectio *ne talibus societur*. Retinendum cum potioribus mss., *ne talia sortiantur*, hoc est, ut scientes quid de Bubalio et Tauriano sit judicatum, caveant ne talia agant, indeque in parem poenam incurrant. Quae autem fuerit illa poena, ex verbis, *qui digni administratione sunt*, intelligitur: hoc quippe per antiphrasim dictum, cum Bubalius et Taurianus ab administratione ecclesiarum fuissent dejecti.	caeterisque pronuntiatum; ut (b) servent, qui digni	yes, key read at the plate 2026-09-23 (PDF p.275, corners 539/540); class: explanatory	cn
275	0539	c	In edit. Concil. 17. Quae autem 19 erat, nunc 21. In edit. Rom. notatur ut *ex Cresconio* descripta. Verius adscriptum esset, *ex Dionysio*, apud quem sub titulo XLIV decretorum Innocentii subjicitur.	EPISTOLA XIX (c)	yes, key read at the plate 2026-09-23 (PDF p.275, corners 539/540); class: explanatory	cn
276	0541	a	Merl. Crab. cum mss. Reg. Noviom. et uno Colb. *duxit*. Is Cassianus putatur Collationum scriptor, qui, ut Palladius in Vita Chrysost., pag. 27, narrat, anno 404 labente adhuc diaconus Romam venit: sed postmodum presbyterii gradu decoratus fuit. Totus hic locus, utpote animi summo affectu loquentis, nec tam quo modo verba ordinet, quam quo affectum suum expalmat, curantis, intricatus forsitan nonnullis videbitur. Ad intelligentiam ejus recolendum est, Antiochenam ecclesiam dua in partes, Paulini videlicet, cui Evagrius successsit, et Flaviani, in cujus locum Alexander post Porphyrium, Evagrio jam vita functo, subrogatus est, fuisse discissam. Quia vero Occidens Paulino ac deinde Evagrio favebat, in Italiam sese contulerunt nonnulli qui illis addicti erant, ibique meruerant clericatus dignitatem. Ecclesiasticae autem disciplinae mos volebat, ut si his servanda judicaretur collata dignitas, ejus civitatis censerentur clerici, a cujus episcopis ordinati vel promoti fuerant. At Innocentius clericis partium Paulini aut Evagrii in Italia ordinatis vel promotis primo servandam censuit clericatus gratiam, ac deinde Cassiano auctore statuit ut idem *inter caeteros sacerdotes ministrosque, qui in civitate Antiochena sunt, annumerentur*. Eadem et infra epist. 23 firmantur, ac paulo apertius enuntiantur. Hic obiter observare est, sacerdotum vocabulo, praeter usitatum antiquorum morem, presbyteros, non episcopos significari. Eodem quoque intellectu hac voce utens Hieronymus in Ezechielis caput 48 arrogantiam arguit diaconorum, *qui ignorantes humilitatem ordinis sui, ultra sacerdotes, hoc est presbyteros, intumescunt.* Et in epistola ad Evangelum: *Si ex diacono ordinatur presbyter, noverit se lucris minorem, sacerdotio esse majorem.* Innocentius epist. 25, n. 6, presbyteros *secundos sacerdotes* esse scribit.	Cassianus gratum (a) dixit tuae fore	yes, key read at the plate 2026-09-23 (PDF p.276, corners 541/542); class: explanatory	cn
276	0541	b	Duos illos episcopos Chrysostomi causa per triennium in domibus suis inclusos fuisse Palladius pag. 195, tradit his verbis: *Elpidius magnus ille Laodiceae Syriae episcopus, et Pappus, per totum triennium de scala domus suae non descenderunt, praecautionibus vacantes.*	de episcopis (b) Elpidio atque Pappo	yes, key read at the plate 2026-09-23 (PDF p.276, corners 541/542); class: explanatory	cn
276	0541	c	In vulgatis ut apud Isid. *subscripta*. Melius in mss. coll. Dion., Hadr. et Hisp., *subjecta*. Nempe Innocentius non prius pacem firmavit, quam Alexandri legatos publico in coetu audiisset, eosque de illis quae Antiochiae gesta fuerant diligenter interrogasset. Qua de re cum gesta confici studuisset, ea epistolae huic subjici curavit.	multum in gestis, ut (c) subjecta testantur	yes, key read at the plate 2026-09-23 (PDF p.276, corners 541/542); class: explanatory	cn
276	0541	d	Colbertinum exemplar, *titulamento*: quod pro titulo seu praetextu aut colore non inepte dicatur. Paulo ante Antiocheni vocantur *apostolicae sedis condiscipuli*: quia Antiochena ecclesia eodem, quo Romana, Apostolo doctore fundata est.	nullo de caetero (d) titillamento, vel levi	yes, key read at the plate 2026-09-23 (PDF p.276, corners 541/542); class: variant	cn
276	0542	e	Edit. concil. cum uno ms. Colb. et Noviom., *Attici*: Verbi hujus loco Lab. ad marginem adscripsit *Acacii*; quod verbum mss. coll. Dion. Hadr. et edit. Rom. exhibent, ac retinendum esse epistolae 21 et 22 plane persuadent. In hac porro Innocentius nulla se ab Attico scripta accepisse testatur. Ipse vero, qui hic substituit *Attici* nomen, errorem suum in fronte epistolae 21, quae iisdem in mss. *ad Atticum Beroeae episcopum* inscripta legitur, manifeste prodit. Nam Beroeae non Atticus, sed Acacius praeerat. Hunc Acacium inter Joannis Chrysostomi hostes ac praecipuos tragoediae adversus eumdem excitatae actores Palladius primum recensere solet. Quam ob causam ut ab Innocentio suspenderetur meruerat: quod ita intelligendum, ut esset Innocentii cum ipso suspensa communio, non ut illi munere suo interdixerit. Mentem suam idem papa epist. 22 planius aperit.	Scripta autem (e) Acacii episcopi	yes, key read at the plate 2026-09-23 (PDF p.276, corners 541/542); class: explanatory	cn
276	0542	f	Editi, *quae in actis*: castigantur ex mss.	et tamen satis abunde (f) in actis statuimus	yes, key read at the plate 2026-09-23 (PDF p.276, corners 541/542); class: variant	cn
276	0542	g	Merito nunc *senex* appellatur Acacius; *cujus vel nares ipsae canos habebant pilos longissimos, cum Romam venit ferens ordinationis Joannis episcopi decretum* (hoc est ante annum 404), ut Theodorus diac. apud Palladium dial. pag. 39 loquitur. Idem et Romanae synodo sub Damaso papa interfuisse apud Baluzium nov. coll. concil. pag. 703 legitur. Quod anno 378 contigisse supra pag. 491, n. 3 et 4, probavimus.	esse communem, praestetur (g) seni favore vestro	yes, key read at the plate 2026-09-23 (PDF p.276, corners 541/542); class: explanatory	cn
276	0542	h	Ita magno consensu mss. At Merlin. *Subscripserunt episcopi xx, Italiae xxiv*. Exinde Crab. remota nota numerica xx retinuit xxiv, eaque lectio deinceps obtinuit. Errandi causa fluxit ex mss. collectionis Hispanae, in quibus post verba, *subscripserunt episcopi 20 Italiae*, additur xxiv, non ad episcoporum subscribentium numerum, sed ad ordinem, quem sequens epistola inter alias ea in collectione tenet, indicandum.	nostroque judicio communionis atque litterarum a nobis gratia praerogata. (h) Subscripserunt viginti episcopi Italiae	yes, key read at the plate 2026-09-23 (PDF p.276, corners 541/542); class: variant	cn
277	0543	a	In edit. Concil. 15. Quae autem 20 erat, nunc 41. Et haec epistola in edit. Rom. *ex Cresconio* notatur. Excerpta est potius *ex Dionysio*, a quo Innocentii decretum XLII nuncupatur.	EPISTOLA XX (a)	yes, key read at the plate 2026-09-23 (PDF p.277, corners 543/544); class: explanatory	cn
277	0543	b	Editi, *recompensare*: retragantibus mss.	amantissimo litterarum colloquio (b) repensare	yes, key read at the plate 2026-09-23 (PDF p.277, corners 543/544); class: variant	cn
277	0543	c	In edit. Concil. 19. Quae autem 21 erat, nunc 17. Apud Dionysium, ex quo, non ut in edit. Rom. notatur *ex Cresconio*, epistolam istam accepimus, titulo XLVIII decretorum Innocentii subjicitur. Una cum duabus superioribus ad Alexandrum missam esse ex epistola 19 manifestum est. Neque minus est perspicuum eam apud Merlin. et Crab., ut in mss. coll. Hisp. *ad Atticum Berroe episcopum* mendose inscribi. Nam Atticus Constantinopolis, non Beroeae episcopus erat. Quae ei a Dionysio, et exinde in collectio nibus aliis ac vetustis concil. editionibus praeposita est summa, *De sancto Joanne Constantinopolitano episcopo*, non satis accurata, Acacium, cui inscribitur, praecipuas in depositione Chrysostomi partes egisse, ex Palladio passim, necnon ex Socrate lib. vi, c. 18, et ex Sozomeno lib. viii, c. 20, notum est. Is cum a Joanne neglectum se putaret, Palladio pag. 49 ira victus dixit: *Ego ipsi ollam condio.* Subinde idem Palladius pag. 82 Acacium una cum Antiocho dixisse memorat: *Imperator, in caput nostrum sit Joannis depositio.* Hinc, ut Theodorus diac. ibid pag. 39 loquitur, *et seditionis auctor, et delicti eorum, qui res novas Constantinopoli excitarunt, dux habebatur.* Quapropter mediatore ac sequestro, cujus apud Innocentium non minor esset quam Alexandri gratia, indigebat. Neque sine causa Innocentius litteras communionis indices non ad Acacium ipsum, sed ad Alexandrum nonnisi certis conditionibus illi reddendas misit.	EPISTOLA XXI (c)	yes, key read at the plate 2026-09-23 (PDF p.277, corners 543/544); class: explanatory	cn
277	0544	d	In edit. concil. ut in uno ms. Colb., *quae his actis*. Quae ro nomine in synodo, cui saltem viginti Italiae episcopi interfuerant, acta sunt, hic notantur.	modo ut omnia, quae (d) hic actis firmata sunt	yes, key read at the plate 2026-09-23 (PDF p.277, corners 543/544); class: variant	cn
277	0544	e	Regium exemplar, *communicantes*.	ore proprio, ut (e) communicantem convenit	yes, key read at the plate 2026-09-23 (PDF p.277, corners 543/544); class: variant	cn
277	0544	f	Editi, excepto Merl. *cognosca*: emendantur ex scriptis. Acacii in toto hoc negotio sinceritas ex iis, quae de illo apud Niceph. rom. lib. xiv, c. 26 et 27, cum ab Attico ad Cyrillum, tum a Cyrillo ad Atticum scribuntur, valde suspecta evadit.	subcisivum in quoquam residere (f) cognoscatur	yes, key read at the plate 2026-09-23 (PDF p.277, corners 543/544); class: variant	cn
277	0544	g	In edit. Concil. 16. Quae autem 22 erat, nunc 16. Titulo XLIII decretorum Innocentii apud Dionysium, ex quo epistolam istam primum, non ex Cresconio habemus, subest. Ambigendum non videtur, quia Maximianus, ad quem scribitur, is ipse sit, cui et alii Macedoniae episcopis Chrysostomus exsul factus epist. 163 gratias agit, quod ab ipsius partibus constanter stetisset, quique supra epist. 17 inter episcopos Macedoniae recensetur. Nec aliis videtur ab eo Maximiano, Macedonum legato, qui in superiori epistola 18 Romae majorem, quam sperabatur, mo am fecisse memoratur. Hujus autem morae probabiliter ea causa fuit, ut Romanae interesset synodo, et omnium quae in Antiochena Ecclesiae reconciliatione acta fuerant, testis esset. Tum eorum, quae in hac synodo audierat, recitatione motus et animatus, statim ut Constantinopolim potuit pervenire, Atticum urgere, ut Antiocheni episcopi exemplum sequeretur, non destitit. Cum igitur ejus assensum utcumque elicuisset, moram, pati nesciit, quin ad Innocentium in gratiam ejus scriberet.	EPISTOLA XXII (g)	yes, key read at the plate 2026-09-23 (PDF p.277, corners 543/544); class: explanatory	cn
278	0545	a	Innocentii cum Attico communio suspensa ideo fuerat, quia is, ut testatur Palladius pag. 95, *omnium adversus Joannem militiaum artifex*, in locum illius invaserat: ita ut Orientis episcopi ac civitatis Constantinop. populi ab ejus communione abhorrerent, vixque ille, ut secum vel inviti communicarent, Imperiali rescripto consequi potuerit. Nominatim vero Occidentis episcopi, Theodoreto teste lib. v, c. 34, post mortem Chrysostomi constituerant, ut nullum episcoporum Orientis ad communionem admitterent, quoad magni hujus Doctoris nomen sacris diptychis inscripsissent. Et hanc quidem suspensae communionis causam Innocentius in primis vult amoveri, quo cum Attico communicare valeat.	Communio enim suspensa (a) restituitur demonstranti	yes, key read at the plate 2026-09-23 (PDF p.278, corners 545/546); class: explanatory	cn
278	0545	b	Unus e mss. Colb., *discusserint*: quod aliquando placuerat, quia videbatur eorum esse quae compienda erant discutere, quorum erat complere quae exigebantur. At postmodum relecta epistola 19, n. 1, patuit Innocentium sua in synodo discussisse, utrum iis conditionibus, quas variis temporibus et scriptis pacis ob nendae gratia praescripserat, fuisset satisfactum. Deinde in vulgatis *ut quae*, ubi legendum *ut ne*, id est, *et quomodo*. Mox pro *monstrarint*, in Regio exemplari exstat *nuntiaverint*, et in aliquot edit. *ostenderint*.	beatissimi Joannis quondam episcopi nostri (b) discusserim	yes, key read at the plate 2026-09-23 (PDF p.278, corners 545/546); class: explanatory	cn
278	0545	c	Editi, *magno tramite*: corriguntur ex scriptis.	et (c) magnum tramitem omnibus eamdem	yes, key read at the plate 2026-09-23 (PDF p.278, corners 545/546); class: variant	cn
278	0545	d	Merlin. *eamdem quam praestoris* corrupte. Quamvis Innocentius, pacem postulantium scriptis non contentus, etiam legationem solemnem exigere videatur, non id tamen postulabat, ut quisque suo nomine legatos ipsi mitteret: sed, ut liquet Maximiani exemplo, satis habebat si quis per legatos a quovis missos scripta sua ipsi offerret. Verum ad Atticum quod attinet, qui Joannis loco post Arsacium suffectus fuerat, etiam de probanda illius ordinatione tunc agebatur. Jam vero, ut supra pag. 598, n. 21, observavimus, induci corporat ille mos, ut regiae urbis antistitum ordinationem non prius ratam haberent Romani pontifices, quam legatione solemni certiores de illa facti fuissent.	si modo quae discussa sunt atque completa, etiam ipsi se pro suo loco fecisse vel complesse aliquando monstraverint, (d) postulaturis ostendimus	yes, key read at the plate 2026-09-23 (PDF p.278, corners 545/546); class: explanatory	cn
278	0546	e	Quas hic memoratae litterae non exstant.	sanctam fratrum nostrorum synodum dudum (e) litteras percepisti	yes, key read at the plate 2026-09-23 (PDF p.278, corners 545/546); class: variant	cn
278	0546	f	In edit. Concil. 14. Quae autem 23 erat, nunc 3. A Dionysio sub titulo XLI decretorum Innocentii ordinata est, et in edit. Rom. non secus atque superiores, ut *ex Cresconio* notatur descripta. Bonifacius, ad quem scribitur, non immerito is videatur presbyter Romanae ecclesiae, qui cum presbytero altero et episcopis quinque ab Honorio ad Arcadium destinatus esse in Palladii dialogo p. 51 legitur, quique Innocentio post Zosimum successit. Tum forte legatione apud Theodosium pro negotii apostolicae sedis fungebatur. Ex postremis verbis, quibus jubetur ut *eos informet qui pro Attici partibus intervenire solent*, epistolam hanc proxima ad Maximianum scripta non an eriorem esse liquet. Utramque simul missam jure opinemur. Huic simplex apud Dionysium et Isidorum praefigitur summa: *De Antiochena ecclesia*.	EPISTOLA (f) XXIII	yes, key read at the plate 2026-09-23 (PDF p.278, corners 545/546); class: explanatory	cn
278	0546	g	Crab. aliaeque deinceps editiones, *ab eodem*. Concinnius Merl. ut in mss. *ab eadem*, scilicet ecclesia Romana.	diu se ab (g) eadem alienam esse non passa	yes, key read at the plate 2026-09-23 (PDF p.278, corners 545/546); class: variant	cn
278	0546	h	Suple *Evagrio*. Sic enim orationem prosequitur Innocentius, quasi prius *Evagrii clericos*, non *Evagrianos* dixisset. Tum in mss. *susciperent*, tametsi in iisdem subsequatur *colligeret atque congregaret*. Utrumque ita potest intelligi, ut *susciperent* ad ecclesiam, et *colligeret* ad Alexandrum, referatur. Deinde pro verbo *promittens*, quod stylo epistolari tunc recepto effertur, mallet grammaticus, *Promittit* [note continues onto next page, beyond this session's assigned range]	quam acceperant a memorato (h), susciperet	yes, key read at the plate 2026-09-23 (PDF p.278, corners 545/546); class: explanatory	cn
279	547	a	In edit. Concil. 18. Quae autem erat 24, nunc 29. In edit. Rom. etiam epistolae huic communis cum superioribus apponitur nota, Ex Cresconio. Ipse Cresconius Breviar. c. 53 eam secundum divisionem a Dionysio inductam laudat. Is quippe res in titulos, seu decreta, scilicet XLV, XLVI et XLVII, illam partitus est, decretis singulis praefixa summa, quam de more Hispanae collectionis auctor et Isidorus exscripserunt. Divisionem eamdem cum tituli seu capituli cujusque summa a Dionysio praefixa hic repraesentamus. Quamvis autem nullam haec epistola prae se ferat temporis notam, non videtur tamen superioribus sejungenda; maxime cum probabile sit, Alexandrum Innocentii epistola 20 invitatum ut ipsum litteris suis crebrius recrearet, oblatam amicitiam colere, et scrupulis, quibus movebatur, quam primum propositum utilem sibi efficere non distulisse.	EPISTOLA XXIV, AD ALEXANDRUM EPISCOPUM ANTIOCHENUM (a)	yes, key read at the plate 2026-09-23 (PDF p.279, corners 547/548); class: explanatory	cn
279	547	b	Ita exemplaria Dionys. in Indice generali. At intra contextum epistolae titulus repetitur cum hujusmodi mutatione: quamvis eorum baptisma, quod catholicum constat, confirmet Ecclesia; idque Isidorus et ex inde Concil. edit. praetulerunt.	quamvis baptisma (b), quod per eos	yes, key read at the plate 2026-09-23 (PDF p.279, corners 547/548); class: explanatory	cn
279	548	c	Hoc est, quam non provinciae uni, sed toti Orientali dioecesi, quae quindecim provinciis constabat, praeesse debere constituit. Istud Antiochenae sedis in Oriente jus a Nicaena synodo assertum Hieronymus epist. 61, ad Pammach. adversus Joannem Jerosol. vindicat et explicat his verbis: Tu qui regulus quaeris ecclesiasticas, et Nicaeni concilii canonibus uteris, responde mihi, ad Alexandrinum episcopum in Palaestina quid pertines? Ni fallor, hoc ibi decernitur, ut Palaestinae metropolis Caesarea sit, et totius Orientis Antiochia. Aut igitur ad Caesariensem episcopum referre debueras; aut, si procul repetendum judicium erat, Antiochiam potius dirigendae litterae. Ubi respicit Hieronymus ad Nicaenos canones 6 et 7. Porro Nicaena synodus Antiochiam non tam constituit, quam constitutam recognoscit super dioecesim suam, eique hanc praerogativam illaesam servari vult.	non super aliquam provinciam (c) recognoscimus	yes, key read at the plate 2026-09-23 (PDF p.279, corners 547/548); class: explanatory	cn
279	548	d	In Reg. ms. deest prima. In uno Colb. exstat, prima sedes apostolica esse. Ex hoc loco perspicuum est cur Innocentius epist. 19, n. 1, Antiochenos apostolicae sedis condiscipulos vocet.	quod prima primi apostoli (d) sedes	yes, key read at the plate 2026-09-23 (PDF p.279, corners 547/548); class: explanatory	cn
279	548	e	Apostolorum conventum Antiochiae celebratum etiam Gregorius Pisinuntensium episcopus in Nicaeno II concilio tom. vii, Concil. Lab. pag. 63, non tantum laudat, sed et canonem pro imaginibus ex eo profert. Eruditi tamen nullam ibi Apostolorum conventum habitum censent. Qua de re vide Tillemont tom. I Hist. Eccl. pag. 525. Sed is Innocentii locus saltem argumento est, non recens fuisse scriptum illud, quod pro Antiocheno concilio ab Apostolis celebrato praedictos episcopos laudavit; adeoque spernendam non esse quam ille pro imaginibus ex eo protulit auctoritatem: non quo canon ille Apostolis vere adjudicetur, sed quo non recentior saeculo iv, esse verisimiliter credatur.	quae conventum (e) Apostolorum apud se	yes, key read at the plate 2026-09-23 (PDF p.279, corners 547/548); class: explanatory	cn
279	548	f	Corb. ms., fratres charissimi, ut sicut metropolitanus ordinat: mendose.	arbitramur, (f) frater charissime, ut	yes, key read at the plate 2026-09-23 (PDF p.279, corners 547/548); class: variant	cn
279	548	g	Nicolaus I, epist. al. 42, n. 9, hunc locum ad sedem suam accommodans ita loquitur: Omnium quique Ecclesiam faciunt cura constringimur, atque omnium (forte omnes) quorum nos maxima cura exspectat, nostrum praecipue debent promereri judicium, sicut Innocentius ad Alexandrum, etc. Et epist. al. 1, append. 4, ubi ipsa retulit Innocentii verba, infert: Ergo quia totius nos Ecclesiae cura praestolatur. Ex quo sequitur, ut Nicolaus hic verbum expectat, pro eo quod vulgo sonat, hoc est pro praestolatur, dictum esse intellexerit. Nobis tamen persuasum est, illud hic antiquo more pingi pro spectat, nec aliud sibi velle istud te exspectat, nisi ad te pertinet. Quae interpretatio ipsi Nicolai scopo longe aptior fuisset.	te maxima (g) exspectat cura, praecipue	yes, key read at the plate 2026-09-23 (PDF p.279, corners 547/548); class: explanatory	cn
279	548	h	Editi. mss. coll. Hispan. et Isid., non vere visum; Nicolaus I et codices coll. Hadr., non ergo visum; corriguntur ope Dionysiani exemplaris Regii, in quo exstat non [illeg.] visum. Ab hac Innocentii sententia dissonat, quod Chalcedonensis synodus can. 17 constituit, ut si civitas aliqua ab imperatoria auctoritate innovata est, vel deinceps innovata fuerit, civiles et publicas formas ecclesiasticarum quoque parochiarum ordo sequatur. Tantum adversus eos, qui praeter ecclesiastica statuta facientes auctoritate in duo provinciam unam dividunt, ita ut ex hoc facto duo metropolitani esse videantur in una provincia, eadem synodus can. 12, decrevit, ut qui haec deinceps tentaverit, gradus proprii [illeg.] mulctetur.	debeant nominari; non (h) esse vere	yes, key read at the plate 2026-09-23 (PDF p.279, corners 547/548); class: explanatory	cn
280	549	a	Ita mss. At in vulgatis, nominari.	episcopos convenit (a) numerari	yes, key read at the plate 2026-09-23 (PDF p.280, corners 549/550); class: variant	cn
280	549	b	Etsi temere ac praeter mss. auctoritatem Crab. hic repetiit verbum fidem: ea tamen repetitio in sequentibus edit. retenta est. Neque vero hic de fide agitur, sed de disciplina canonum regulis instituta et universae Ecclesiae usu recepta. Hortatur Innocentius Cyprios ut curent sapere juxta catholicam canonum intelligentiam. Non Alexander tantum, sed et successores ejus Cypriorum episcoporum ordinationes sibi arrogarunt: sed reclamarunt constanter Cyprii. De hac controversia exstat Ephesinae synodi actio 7, in qua cum Zeno Cariii Cypri episcopus dixisset: A sanctis Apostolis numquam possunt ostendere, quod adfuerit Antiochenus et ordinaverit, vel communicaverit umquam insulae ordinationis gratiam. Sancta synodus dixit: Memor sit sancta synodus canonis (scil. 6) sanctorum patrum in Nicaea congregatorum, qui conservat unicuique priscam dignitatem. Vide et quae antecedunt et quae consequuntur. Hoc autem in negotio Innocentius, Cyprii et Ephesina synodus in eo consentiunt, quod omnes velint Nicaenos canones servari. Neque auctor fuit Innocentius Cypriis, ut ab Antiocheno praesule ordinari se paterentur, nisi quatenus ex Alexandri fide pro certo ponebat illos sibi hoc jus contra priscum morem usurpasse.	canonum fidem (b) catholicam sapere	yes, key read at the plate 2026-09-23 (PDF p.280, corners 549/550); class: explanatory	cn
280	550	c	In mss. caeterosque.	(c) caeterasque hujusmodi pestes, quia	yes, key read at the plate 2026-09-23 (PDF p.280, corners 549/550); class: variant	cn
280	550	d	Quid sibi velit illud sub imagine poenitentiae rursus ad epistolae calcem repetitum quaeritur. Recurret et in epistola sequenti n. 7 imaginis nomen, ubi Dominici diei et sextae feriae (quibus Christus passus est et resurrexit) per singulas hebdomadas reparanda imago praedicatur. Sed magis ad hunc locum illustrandum confert alter epistolae 29, n. 2, ubi inducuntur Pelagius ac Coelestius velut perversis instructi, immo destructi verborum argutiis, sub imagine catholicae fidei disputantes. Ut enim ibi imago catholicae fidei vocatur, quod quamdam catholicae fidei speciem prae se ferat; ita et hic quod quamdam prae se fert poenitentiae imaginem, poenitentiae imago nuncupatur. Nec immerito Innocentius impositionem manus, qua olim haereticis correcti fidelibus statim sociabantur, imaginem poenitentiae appellavit: quia nimirum ista impositio quamdam habebat poenitentiae professionem. Quocirca Augustinus lib. de Bapt. contra Donatist. c. 2 apposite ad mentem hujus papae ait: Manus impositio si non adhibeetur ab haeresi venientibus, tamquam extra omnem culpam esse judicarentur. Propter charitatis autem copulationem, quod est maximum donum Spiritus sancti, sine quo non valent ad salutem quaecumque alia sancta in homine fuerint, manus haereticis correctis imponitur. Ab haec manus impositio rem poenitentiae non habebat, hoc est vestitum sordes, crebra jejunia, aliosque luctuosae poenitentiae labores et apparatus, quibus subjiciebantur, qui a fidelium coetu segregati, ad eumdem nonnisi post longam satisfactionem admittebantur. Hujus igitur poenitentiae adumbratio dumtaxat et imago erat. Porro haereticorum ad Ecclesiam redeuntium duo genera Siricius, Innocentius ac Vigilius papa distinguunt: unum eorum qui apud haereticos, puta Novatianos, Donatistas aut Arianos baptizati ad Ecclesiam se recipiunt; alterum eorum, qui baptismo in Ecclesia catholica suscepto ab haereticis illis rebaptizari se permiserunt. Et utrisque quidem manus impositionem praescribunt, sed quae in primis poenitentiae imaginem prae se ferat tantum, in postremis rem exhibeat. De primis Siricius epist. 1, n. 2 sic loquitur: Quos nos cum Novatianis aliisque haereticis, sicut est in synodo (Nicaena) constitutum, per invocationem solum septiformis Spiritus episcopali manus impositione Catholicorum conventui sociamus. De iisdem rursum epist. 4, c. 8, haec habet: Ut venientes a Novatianis vel Montensibus per manus impositionem suscipiantur. At ab his alios distinguendos notat subjecta hac exceptione, praeter eos quos rebaptizant. Siricii mentem Innocentius noster epist. 2, n. 11, explicat, ubi pariter praecipit, Ut venientes a Novatianis vel Montensibus per manus impositionem suscipiantur: sed exceptionem explicatiorem subjicit in hunc modum, praeter eos, qui si forte a nobis ad illos transeuntes rebaptizati sunt: hi si resipiscentes et ruinam suam cogitantes redire maluerint, sub longa poenitentiae satisfactione admittendi sunt. Primi igitur suscipiebantur sub imagine poenitentiae; quia manus illis imponebatur ad accipiendum Spiritum sanctum, ita ut nulla poenitentiae satisfactio sequeretur. At alii non jam sub imagine, sed sub re ipsa poenitentiae admittebantur; quia nonnisi sub longa poenitentiae satisfactione, quae impositionem manus excipiebat, eis communio indulgebatur. Duplicem illam manus impositionem aperte distinguens Vigilius papa epist. 2, ad Profuturum (seu ut corrupte in vulgatis circumfertur ad Eutherium), n. 4, explicationem nostram illustrat et confirmat, ubi de iis qui rebaptizati sunt pariter edicit: Quorum tamen reconciliatio non per illam impositionem manus, quae per invocationem sancti Spiritus operatur, sed per illam quae poenitentiae fructus acquiritur et sanctae communionis restitutio perficitur.	sub imagine (d) poenitentiae ac sancti	yes, key read at the plate 2026-09-23 (PDF p.280, corners 549/550); class: explanatory	cn
280	550	e	Exempla coll. Hadr. promittimus. Rectius Dion. cum aliis codicibus tum scriptis, tum editis, permittimus. Quod nunc non permittit Innocentius, quia nulla subest necessitas, pro necessitate et remedio, permitti posse supra epist. 16, n. 9 et 10, fatetur.	ratum esse (e) permittimus, quod utique	yes, key read at the plate 2026-09-23 (PDF p.280, corners 549/550); class: explanatory	cn
280	550	f	In vulgatis, quam per fidem. Concinnius a mss. abest particula per. Hic notatur, haereticorum fidem jure perfidiam vocari, quia ut Hilarius lib. contra Const. n. 24 observat, quidquid praeter fidem unam est, perfidia non fides est.	potius, quam (f) fidem dixerim, perdiderunt	yes, key read at the plate 2026-09-23 (PDF p.280, corners 549/550); class: explanatory	cn
280	550	g	"Huc spectat quod Donatistae, quibus clericatus honor servandus promittebatur, apud Augustinum epist. 185, n. 44, objiciunt: Si ergo oportet ut nos extra Ecclesiam et adversus Ecclesiam fuisse poenitens, quomodo post istam poenitentiam apud eos clerici vel etiam episcopi permaneamus? Quibus respondet Augustinus: Hoc non fieret, quoniam revera, quod fatendum est, fieri non deberet, nisi pacis ipsius compensatione sanaretur. Fieri autem non deberet, quia Christi honoribus non sunt digni, qui reprehensionis expertes non sunt. [continues onto PDF p.281, top of apparatus, before that page's own key ""a""]"	Christi honoribus (g) arbitremur	yes, key read at the plate 2026-09-23 (PDF p.280, corners 549/550); class: explanatory	cn
282	553	a	Merlin. ac plures mss. necessaria. Non unus hac in re fuit ecclesiarum usus. In constitutionibus Apostolorum Clementis nomine vulgatis lib. II, c. 61, oblationem excipit pacis osculum. Immo pacis osculum, Justino martyre apolog. 2, ad Antoninum Pium, teste, ipsam oblationem antecedebat. Precibus finitis, inquit, mutuis nos osculis salutamus. Deinde ei, qui fratribus praeest, offertur panis et poculum aquae et vini. Ritum illum Laodicena synodus can. 19 ita enuntiat: Postquam dederit episcopus presbyteris osculum pacis, tunc laici pacem sibi tribuent, et ita sancta celebrabitur oblatio. In Mozarabum Missali ad Dominicam Adventus pax ante Illationem, seu ut loquimur praefationem, indicenda atque offerenda populis praescribitur, ut apti sint sacrosanctis mysteriis Dei interesse. Eadem ratione in quibusdam aliis, puta Sarisberiensis ecclesiae, jubetur sacerdos diacono et subdiacono pacis osculum offerre, quo sint apti sacrosancti altaris Domini ministerio, adeoque antequam sacra mysteria celebrentur. Iis suffragatur vetus Ordo Gallicanus, in quo collectio ad pacem, seu, post pacem datam, Illationi passim praeponitur. Notanda illa Innocentii cautio ac reverentia, qua etiam episcopo scribens, de mysteriis dicit, quae aperire non debeo. Haec certe novae heterodoxorum de illis mysteriis opinioni locum non permittit.	pax sit (a) necessario indicenda	yes, key read at the plate 2026-09-23 (PDF p.282, corners 553/554); class: explanatory	cn
282	553	b	Merl. Prius enim oblationes sunt commendandae, ac tunc nomina edicenda. In uno autem ms. Colb. post verbum commendandae, subjicitur: Et nomina offerentium non ante nisi infra mysteria recitentur. Ac tunc eorum oblationes sunt edicendae, ut inter sacra, etc., haud dubie ex marginali nota scholiastis, quem in suo exemplari, ut in altero Colb. habetur, quorum sunt oblationes edicendae, pro quorum sunt edicenda. Quae lectio faverit mihi, quem Hieronymus in Ezechielis caput 18 carpendum censuit his verbis: Multos conspicimus, qui opprimunt per potentiam, vel furta committunt, ut de multis parva pauperibus tribuant, et in suis sceleribus glorientur, publiceque diaconus recitet offerentium nomina: TANTUM OFFERT ILLA, TANTUM ILLE POLLICITUS EST, placentque sibi ad plausum populi. Sed apertum est, Innocentium hujusmodi jactantiam non probare, utpote qui velit ut fidelium oblationes Deo, non populo, nec publica diaconi recitatione, sed tacita sacerdotis oratione commendentur. Praeceptum illius anno 794 Francofordiense concilium renovavit, edito decreto de non recitandis nominibus antequam oblatio offeratur. Quod enim ibi haec synodus oblationem, hoc Innocentius supra precem vocat. Et utroque illo nomine id quod Canonem appellamus intelligitur. Hinc Gregorius Magnus in eadem epistola ad Joannem alias 64, Indict. 2, ubi praemisit a nonnullis expostulatum esse, quod orationem Dominicam mox post Canonem idcirco mox post PRECEM dicimus. Eamdem sacrorum mysteriorum partem etiam euchas Socrates lib. vii, c. 25, nuncupat. Quocirca Innocentius ac Francofordiensis synodus non probant eos, qui cum Orientali ecclesia ante canonem nomina recitabant, seu, ut Cyprianus epist. 10, ad clerum suum loquitur, nomina offerebant. Enim tamen usum, quem improbant, etiam postea in Galliis atque Hispaniis receptum fuisse antiquus ordo Gallicanus atque Mozorabum Missale fidem faciunt.	Prius (b) ergo oblationes sunt	yes, key read at the plate 2026-09-23 (PDF p.282, corners 553/554); class: explanatory	cn
282	554	c	In vulgatis desideratur secundi: quod vetustioris ms. Corb. aliorumque duorum auctoritate revocamus. Huc spectat illud Optati lib. 1: Quid diaconos in tertio, quid presbyteros in secundo sacerdotio commemorem? Ipsi apices et principes omnium episcopi.	licet (c) secundi sint sacerdotes	yes, key read at the plate 2026-09-23 (PDF p.282, corners 553/554); class: explanatory	cn
283	555	a	Hinc non sola frontis unctione, sed et praescriptis quorumdam verborum formulis Confirmationis sacramentum perfectum fuisse conficitur. Verum haec verba dum Innocentius consulto tacet, quanta antiquorum fuerit religio ne sacramentorum mysteria retegerent, palam facit. Hujus rei frequentiora sunt exempla, cum illis de Eucharistia sermo est.	Verba vero dicere (a) non possum	yes, key read at the plate 2026-09-23 (PDF p.283, corners 555/556); class: explanatory	cn
283	555	b	In mss. qui (Quesn. hic addit dies) inclusus.	praetermittere non debemus, (b) quod inter	yes, key read at the plate 2026-09-23 (PDF p.283, corners 555/556); class: variant	cn
283	556	c	Capitularium lib. vii, c. 430, ubi habetur, Canonibus quippe jubentibus biduo isto sacramenta non debent celebrari, ad hunc locum respici haud temere conjectemus. Hunc ipsum morem libro pontificali praescriptum esse Rothomagense concilium ann. 1072 c. 22 memorat.	Ecclesiae habeat, (c) isto biduo	yes, key read at the plate 2026-09-23 (PDF p.283, corners 555/556); class: explanatory	cn
283	556	d	Supple, jejunii ab Apostolis servati. Nam proximus de sacramentis biduo ante resurrectionem Domini non celebratis sermo tantum in transcursu fit, utpote ad asserendum sabbati jejunium unice adjectus, idque ipsa orationis series confirmat. Ait quidem Socrates lib. v, c. 22: Cum omnes ubique terrarum ecclesiae per singulas hebdomadas die sabbati sacra mysteria celebrent, Alexandrini tamen et Romani, vetustam traditionem secuti, id facere detrectant. Sed secus suadent Gregorii Gelasiique liturgiae, quae etiam Quadragesimae sabbatis Missas praescribunt. Nec Hieronymus epist. 28, ad Lucinium scripsisset: De sabbato quod quaeris, utrum jejunandum sit; et de Eucharistia, an accipienda quotidie, quod Romanae ecclesiae observare perhibentur, nisi sacra mysteria, ex quibus Eucharistia percipitur, quotidie fuissent celebrata. Eumdem Eucharistiae quotidie percipiendae usum Augustinus epist. 54, ad Januarium, n. 4, tradit. Ex quo sequitur, ut et quotidie celebrata sint divina mysteria. Non enim vulgo extra illorum celebrationem Eucharistia nisi ab aegrotis percipiebatur. Id forte quod mox attulimus, dixit Socrates, quia Romani Alexandrinique, sabbati solemnitate in Dominicam translata, utrumque illum diem pari religione celebrare detrectarent.	non celebrari. Quae utique (d) forma	yes, key read at the plate 2026-09-23 (PDF p.283, corners 555/556); class: explanatory	cn
283	556	e	In mss., Dominicum... celebrandum. Pessime autem apud Merl. et Crab., Dominica... celebrandum.	jejunandum; ergo et (e) Dominica	yes, key read at the plate 2026-09-23 (PDF p.283, corners 555/556); class: variant	cn
283	556	f	In uno ms. Corb. desideratur a nobis confectum. Fermenti nomine alii benedictum panem, qui Eucharistiae vice sit, alii vero longe plures Eucharistiam ipsam hic intelligunt. Et vero illam in Ordine Romano fermenti vocabulo saepius designari Mabillonius noster observat. Neque verecundum, ne hac postrema intelligentia eorum juvetur opinio, qui Eucharistiam ex fermentato pane olim in Ecclesia Latina confectam putant. Valde enim leve est quod inde in opinionis hujus gratiam deducitur argumentum. Quippe venerandum illud sacramentum, pro illorum temporum consuetudine, qua sacrae rei arcanum profanis tegere affectabant, cum ad ecclesias mitteretur, apposite vocatum est fermentum, ut quemadmodum fermentum in farinam immissum, eique commixtum, totam conglutinat, ita eis quoddam unitionis atque communionis mutuae vinculum esse significaretur. Ea ratione ipse Christus etiam extra Eucharistiae sacramentum in encyclio epistolarum ad Leonem augustum missarum codice, epist. 37, tom. IV Concil. Lab. pag. 920, fermentum appellatur, ob idque concilium Chalcedonense ab episcopis Phoeniciae maritimae laudatur, quod eos, qui prodigiose, non ex Dei genitrice virgine esse nostrum FERMENTUM credunt, destruxit. Fermenti autem vocabulo ne meram eulogiam ab Innocentio intelligi censeamus, vetat subjecta ipsius ratio, qua hunc mittendi fermenti ritum neque in Eugubinam ecclesiam, neque in caeteras, quae plures intra unam civitatem titulos non haberent, convenire docet, quia nimirum sacramenta non longe portanda sunt. Nam eulogiam seu benedictum panem sine ullo discrimine longius ferri posse si quis negaret, revinceretur epistolis tum Paulini Nolani apud Augustinum 24 n. 6, 25 n. 5, et 32 n. 5, necnon ipsius Augustini epistola olim 34, nunc 31, n. 9, in quibus sanctos illos viros ab Italia in Africam, ac vicissim, benedictos panes sibi invicem in unitatis seu communionis mutuae symbolum misisse legimus. Fermenti autem ad ecclesias mittendi usus, qui forsitan Romanae civitati peculiaris fuit, Melchiadi attribuitur, uti supra pag. 339 observatum est, ubi et plura de hac re disseruimus.	idcirco fermentum (f) a nobis confectum	yes, key read at the plate 2026-09-23 (PDF p.283, corners 555/556); class: explanatory	cn
284	557	a	Editi, parochias. In exemplis Dion. et Hadr. paroecias seu parroecias. In veterrimo Corb. proicias, haud dubie pro paroicias. Ex quo colligere est non id primum, sed temporis decursu obtinuisse, ut parochias seu parrochias antiquarii scriberent. Hoc autem nomine hic intelligit Innocentius ecclesias extra civitatem episcopalem sitas. Coemeteria quoque apud Romanos, utpote quibus corpora intra muros condere religioni erat, extra urbes exstitisse nullus ignorat.	Quod per (a) paroecias fieri debere	yes, key read at the plate 2026-09-23 (PDF p.284, corners 557/558); class: explanatory	cn
284	557	b	Quesn. post veteres edit. concil. necnon mss. coll. Hisp. et Isid., ut et presbyteri eorum. Duo mss. ut precibus eorum. Pith., et precibus eorum. Lectio postmodum vulgata et sanior et potiorum est mss. Innocentius priori ratione, qua sacramenta in parcecias portari non decere docuerat, nunc alteram adjicit, qua istud nec necessarium ostendit.	destinamus) (b) et presbyteri eorum	yes, key read at the plate 2026-09-23 (PDF p.284, corners 557/558); class: explanatory	cn
284	558	c	Ita aliquot probae notae mss. At Pith., Dion et Isid., quaesivit dilectio.	arripiuntur, (c) est sollicita dilectio	yes, key read at the plate 2026-09-23 (PDF p.284, corners 557/558); class: variant	cn
284	558	d	Sic vetus codex Corb. cum antiquis Codicis a Quesn. vulgati exemplaribus, necnon alio probae notae ms. Colb. Ita et legisse videtur Dionysius, cujus exemplum Regium etiamnum habet assignari. In caeteris autem libris exstat consignari. Tum edit. Rom., quod hoc nisi episcopis praecipere. Quesn., quod nisi, suppresso hoc praeter omnium codicum consensum. Integra erit oratio, si ante illud quod, verbum censeo suppleatur, aut cum Regio Dion. exemplari aliisque nonnullis praeferatur, Quod hoc nisi episcopum praecipere non liceat.	possint aut debeant (d) designari	yes, key read at the plate 2026-09-23 (PDF p.284, corners 557/558); class: explanatory	cn
284	558	e	Corb. ms. imponantur. Illa manus impositio quaedam erat poenitentiae species. Quidquid vero ad poenitentiam publicam attinet, episcoporum potestati semper in Ecclesia subjectum fuit. Ubi vero episcopus aderat, cum ab ipso, tum ab ipsius clero manus poenitentibus imponebatur. Unde Cyprianus epist. 10, ad clerum suum, queritur quod cum in minoribus peccatis agant peccatores poenitentiam longo tempore, et secundum disciplinae ordinem ad exomologesin veniant, et per impositionem manus episcopi et cleri jus communionis accipiant; nunc crudo tempore... nondum poenitentia acta, nondum exomologesi facta, nondum manu eis ab episcopo et clero imposita, eucharistia illis datur. Verum episcopus, quando aberat, ac nec necessitas urgebat, hoc ipsum presbyteris vel etiam diaconis permittebat. Quocirca et ad clerum suum idem Cyprianus epist. 13 scribit: Si incommodo aliquo et infirmitatis periculo occupati fuerint, non exspectata praesentia nostra, apud presbyterum quemcumque praesentem, vel si presbyter repertus non fuerit, et urgere exitus coeperit, apud diaconum quoque exomologesin facere delicti sui possint, ut manu eis in poenitentiam imposita, veniant ad Dominum cum pace. Huc spectat quod Regino lib. I, c. 295 et 296, necnon Burchardus lib. X, c. 155 et 156, velut ex Poenitentiali Romano proferunt: Sicut enim sacrificium offerre non debent nisi episcopi et presbyteri, sic nec poenitentium judicia alii usurpare debent. Si autem necessitas evenerit, et presbyter non fuerit praesens, diaconus suscipiat poenitentem ad sanctam communionem. Et haec quidem de poenitente reconciliando, ubi periculum mortis imminet, dicta sunt: at Innocentius circa energumenos quamdam ab episcopo potestatem tribui posse definit, quae non presbytero aut diacono solis, sed et caeteris clericis competere videatur, inter quos infimus est exorcistarum ordo. Quod ita intelligendum, ut eos ritus, quos exercere solis sacerdotibus concessum est, inferiores clerici praetermiserint.	a caeteris clericis (e) imponatur	yes, key read at the plate 2026-09-23 (PDF p.284, corners 557/558); class: explanatory	cn
285	559	a	Ita duo mss. Colb. At alii libri, satisfactionem. Sane si quis. Quam solliciti fuerint antiqui ne poenitentes aut ante congruam satisfactionem absolverentur, aut sine reconciliatione et communione de saeculo discederent, testis est, ut alios mittam, locis mox allatis Cyprianus. Ibi etiam sanctus ille martyr de minoribus peccatis actam poenitentiam memorat, sed haec cum gravioribus comparata, minora ac leviora dici haud temere sentiamus.	viderit congruam (a) satisfactionem suam	yes, key read at the plate 2026-09-23 (PDF p.285, corners 559/560); class: explanatory	cn
285	560	b	Sic potiores mss. sex, qui in hoc loco exprimendo cum antiquo Italicae interpretationis exemplari pene omnino consentiunt. At excusi, Infirmatur quis in vobis? Inducat presbyteros Ecclesiae: nisi quod Ecclesiae vox apud Merlinum, ut in reliquis mss. non exstat. Tum duo Colb., ut orent pro eo: Pith., et orent pro eo.	Si infirmus (b) aliquis in vobis	yes, key read at the plate 2026-09-23 (PDF p.285, corners 559/560); class: explanatory	cn
285	560	c	Unus e mss. Colb. cum Pith. et laudato Italicae interpretationis exemplari, in fide: ac deinde cum vetustioribus, salvabit laborantem: ubi in vulgatis, salvabit infirmum.	et oratio (c) fidei salvabit laborantem	yes, key read at the plate 2026-09-23 (PDF p.285, corners 559/560); class: variant	cn
285	560	d	Editi, si in peccatis fuerit, remittentur ei: corriguntur auctoritate meliorum mss. in quorum tribus exstat, si peccata fecit. Deinde apud Dion. remittetur ei, quomodo legitur et in antiquo Italicae interpretationis exemplari.	illum Dominus, (d) et si peccatum	yes, key read at the plate 2026-09-23 (PDF p.285, corners 559/560); class: variant	cn
285	560	e	Crab. aliique deinceps editi, quo ab episcopo confecto, Merl. et mss. renitentibus. Apud Graecos oleum illud etiam a presbyteris confici solere noster Edmundus Martene tom. II de Antiq. Eccl. rit. pag. 114 probat.	perungi possunt, (e) quod ab episcopo	yes, key read at the plate 2026-09-23 (PDF p.285, corners 559/560); class: explanatory	cn
285	560	f	Quesn., ungendo. Edit. Rom., ad ungendum. Caeterae, inungendo. Verius mss., ungendum, seu, ut in plerisque pingitur, unguendum. Neque vero grammaticis insolens est verbo uti quartum casum adjungere, ut videre est in his Plauti, Caetera quae utimur. Porro ab Innocentii mente aberrant, qui eum hoc loco omnibus Christianis tum se, tum suos oleo sancto ungendi jus attribuere, et fideles omnes hujus sacramenti ministros praedicare arbitrantur. Tantum opinionem refutat eorum, qui tum forte sibi persuaserant, olei sancti usum sacerdotibus a quibus conficitur, ita proprium esse, ut eo nulli alii ungendi essent; ac docet illud ab iis confici, non ut inde ipsi soli, verum etiam omnes Christiani ungantur. Nondum quippe hic de unctionis ministro, sed de eo tantum cui conferri possit, sermo est. Inde ad alteram progrediens quaestionem, an scilicet presbyterorum ita proprium sit hoc sacramentum administrare, ut illud conferre episcopis non liceat, falsam ea de re nonnullorum opinionem, de qua illum Decentius consulendum duxerat, confutat. Et haec quidem Decentii interrogatio, quantum abhorreret ab illorum temporum fide, ut Christiani quique infirmos sacro oleo ungere posse crederent, aperte indicat.	suorum necessitate (f) ungendum. Caeterum	yes, key read at the plate 2026-09-23 (PDF p.285, corners 559/560); class: explanatory	cn
285	560	g	Edit. Rom. et concil. post Crab. cum uno ms. Colb., de presbyteris. Merl. cum caeteris mss., presbyteris, quod ita intelligimus, ut subaudiatur licere. Nec displicet quod apud Quesn. presbyteros, eo scil. intellectu: idcirco (a Jacobo) dictum est presbyteros, supplendo vocet.	Nam idcirco (g) presbyteris dictum	yes, key read at the plate 2026-09-23 (PDF p.285, corners 559/560); class: explanatory	cn
285	560	h	Quesn., et ungere. Licet supra n. 6 legerimus, chrismate baptizatos ungere licet: hic tamen in nullo veteri codice reperimus ungere. In duobus mss. desideratur tangere; et in eorum altero pro chrismate, exstat chrismare: cui lectioni consentanea est haec Toletani I concilii, can. 2, ubi statuitur, diaconum non chrismare. Locutione autem chrismate tangere Gregorius lib. 4, epist. 26, ad Januarium, semel ac secundo utitur.	benedicere et (h) tangere chrismate	yes, key read at the plate 2026-09-23 (PDF p.285, corners 559/560); class: explanatory	cn
286	561	a	In uno mss. Colb., sacramentorum. Cui favet quod in vetusto Corb. legitur sacratorum. Hanc quippe lectionem mendosam esse, atque infirmorum inunctionem non inter sacrata tantum, verum etiam inter sacramenta ab Innocentio computari ex subnexis perspicuum est. Ubi vero hoc sacramentum iis negat poenitentibus, quibus reliqua sacramenta negantur, satis aperte docet usu tum fuisse receptum, ut aliis fidelibus citra periculum mortis laborantibus concederetur. Nam et poenitentibus, si in desperatam aegritudinem incurrissent, reliqua sacramenta sine mora conferri supra n. 10 praecipit. Graeci autem teste Petro Arcudio lib. v, c. 4, eo processere, ut non solum infirmos nulla periculosa aegritudine laborantes, sed et poenitentes bene valentes, adhibita quoque forma sacramenti, non aliter atque infirmos inunguant.	quia genus est (a) sacramenti	yes, key read at the plate 2026-09-23 (PDF p.286, corners 561/562); class: explanatory	cn
286	561	b	Editi, viris clarissimis. Rectius mss. v. c. hoc est viro clarissimo: quod in unum Palladium cadit. Ubi vero notarii viris clarissimis exprimere volunt, notam eamdem geminant in hunc modum: vv. cc. quae tum de duobus consulibus praedicari intelligitur.	Theodosio augusto VII et Palladio (b) viro clarissimo	yes, key read at the plate 2026-09-23 (PDF p.286, corners 561/562); class: explanatory	cn
287	564	a	Ita mss. uno excepto, in quo Fidentianus. At editi, Fidentius, favente Collatione Carthag. in qua tres episcopi leguntur Fidentii nomine donati.	RUSTICIANUS, (a) FIDENTINUS, EVAGRIUS	yes, key read at the plate 2026-09-23 (PDF p.287, corners 563/564); class: variant	cn
287	564	b	Apud Crab. in marg. Antonius: quod et habent hic mss. Sed epistola, qua Innocentius huic rescripsit, in mss. Corb. et Germ. Antonio, non Antonino, inscribitur.	EVAGRIUS, (b) ANTONIUS, PALATINUS	yes, key read at the plate 2026-09-23 (PDF p.287, corners 563/564); class: variant	cn
287	564	c	Edit. Rom., Pantonius, refragantibus mss. In Collatione Carthag., cap. 126, Pannonius episcopus plebis Puppitanae legitur.	TUTUS, (c) PANNONIUS, VICTOR	yes, key read at the plate 2026-09-23 (PDF p.287, corners 563/564); class: variant	cn
287	564	d	In mss. Corb. et Germ. nomen desideratur hujus episcopi, qui in iisdem mss. in rescripto Innocentii Ambivius vocatur, notaturque in Collatione Carthagin., c. 133, Pisitensis episcopus. At apud Quesn. ut in mss. Pith., Colb. et coll. Isid., Avivius, et apud Merl., Crab. ut in edit. Rom., Avinius appellatur.	AMPELIUS, (d) AMBIVIUS, FELIX	yes, key read at the plate 2026-09-23 (PDF p.287, corners 563/564); class: variant	cn
287	564	e	In uno ms., Majorianus. Deinde edit. Rom., post Merl., Porturianus; tum eadem editio, Trispulus; Merl. et Crab., cum mss. Isid., Crispotis. In Collat. Carthag. c. 123, Posthamianus episcopus plebis Tagorensis; et c. 128, Crispulus episcopus ecclesiae Volitanae memorantur.	SEROTINUS, (e) MAJORINUS, POSTHUMIANUS	yes, key read at the plate 2026-09-23 (PDF p.287, corners 563/564); class: variant	cn
287	564	f	Navar. ms. coll. Isid. Leucianus. Duo Colb. et Corb., ut apud Merl., Leutius. Alius Colb., Lucius, Collat. Carthag. favente; Vatic., Leontius; Germ., Eleutius. Deinde edit. Rom. Macinus, Merl. Marinus, Crab. Marinianus. In Coll. Carth. duo leguntur episcopi nomine Mariani nuncupati.	alius VICTOR, (f) LEUCIUS, MACIANUS	yes, key read at the plate 2026-09-23 (PDF p.287, corners 563/564); class: variant	cn
287	564	g	Quesn. ac duo mss. Colb., Magerius; Alius Colb., Magarus; Pith., Megarius; Capuc. Coll. Isid., Magorus; Merl. Crab. et edit. Rom., Magarius. Ex mss. Corb. ac Germ. necnon ex edit. Aug. revocamus Megasius.	MAXIMUS, (g) MEGASIUS, RUSTICUS	yes, key read at the plate 2026-09-23 (PDF p.287, corners 563/564); class: variant	cn
287	564	h	Sic mss. nisi quod in uno Colbert., ut apud [note cut off: the printed column ends here at the foot of PDF p.287 with no visible continuation on this page or the next; text as printed]	RUSTICUS, (h) RUFINIANUS, PROCULUS	yes, key read at the plate 2026-09-23 (PDF p.287, corners 563/564); class: variant	cn
287	564	i	Garnerii conjecturae, qua Proculianus legendum putat, nullus e nostris mss. suffragatur. Deinde ex mss. Corb. et Germ. atque nova Augustini editione suppletur Severi nomen, quod in aliis scriptis et editis deest.	RUFINIANUS, (i) PROCULUS, SEVERUS	yes, key read at the plate 2026-09-23 (PDF p.287, corners 563/564); class: variant	cn
287	564	j	In uno ms. ut apud Quesn. hic praemittitur item: quod in quinque aliis ut apud Augustin. abest. In edit. Rom. Crab. et Merl. hic desideratur Quodvultdeus. Immo idem nomen etiam ante in mss. Isid. omittitur.	PENTADIUS, (j) QUODVULTDEUS, CYPRIANUS	yes, key read at the plate 2026-09-23 (PDF p.287, corners 563/564); class: variant	cn
287	564	k	Ita apud Aug. ut in mss. Corb. et Germ. In aliis autem libris, Pelagius.	SERVILIUS, (k) PELAGIANUS, MARCELLUS	yes, key read at the plate 2026-09-23 (PDF p.287, corners 563/564); class: variant	cn
287	564	l	Unus ms. Colb., Bazathinus; alter e Vatic., Bizatensis; duo alii Colb. ac Pith., cum edit. Rom. et Quesn., Bazacenus; Merl. et Crab., Bazecenus; Isid., Batecenus. Augustini editionem sequimur cum mss. Corb. et Germ. consentientem.	SATURNINUS, (l) BIZACENUS, GERMANUS	yes, key read at the plate 2026-09-23 (PDF p.287, corners 563/564); class: variant	cn
287	564	m	Apud August., Inventius. In edit. Rom., Quesn., Crab. et Merl., ut in ms. Pith., Juventius. Isid., Viventius. Aliis in mss., Invenitus.	GERMANIANUS, (m) INVENITUS, MAJORINUS	yes, key read at the plate 2026-09-23 (PDF p.287, corners 563/564); class: variant	cn
287	564	n	Editi ac mss. mox dicti, cum quibus Isidorus jam consentit, etiam hic retinent Inventius vel Juventius, cui voci Quesn. praefixit item. Isthic quidem codex Corb. prae se fert Juventinitus, sed in rescripto Inveniti nomen, quod etiam hic duo Colb. et Germ. exhibent, retinent.	MAJORINUS, (n) INVENITUS, CANDIDUS	yes, key read at the plate 2026-09-23 (PDF p.287, corners 563/564); class: variant	cn
287	564	o	Primum in edit. August. auctoritate codicum Corb. et Germ. hic adjectum est et caeteri.	AFRICANUS, et MARCELLINUS, (o) et caeteri	yes, key read at the plate 2026-09-23 (PDF p.287, corners 563/564); class: variant	cn
287	564	p	Mos eis erat, ut circa mensem Junium vel circa autumnum Carthaginem convenirent. Sed non iisdem mensibus constanter conveniebant. Quapropter illud ex more magis ad locum quam ad tempus attinet.	Cum ex more (p) ad Carthaginensem	yes, key read at the plate 2026-09-23 (PDF p.287, corners 563/564); class: explanatory	cn
288	565	a	In mss. Isid., Nerotis, aut Anerotis. In edit. concil., Averothis. Erat Heros Arelatensis, et Lazarus Aquensis episcopus. Ambo e sedibus suis pulsi, in Palaestinam pervenissent, libellum contra Pelagium et Coelestium Eulogio Caesareensi obtulerunt; cujus deinde auctoritate Diospolitana synodus anno 415 congregata fuit. Memoratae autem episcoporum illorum litterae exciderunt.	nostrorum dedit (a) Herotis et Lazari	yes, key read at the plate 2026-09-23 (PDF p.288, corners 565/566); class: explanatory	cn
288	565	b	Verbum argui, quod prius decrat, cum edit. Aug. ex mss. Corb. et Germ. supplemus. Inde quoque, ut et ex ms. Pith. anathemandi, loco anathematizandi, restituimus.	auctores (b) argui nefarii prorsus	yes, key read at the plate 2026-09-23 (PDF p.288, corners 565/566); class: explanatory	cn
288	565	c	Edit. Rom., ex subsequentibus. Concinnius alii libri, ex subditis. Gesta illa episcopalia, quae epistolae huic subnexa erant, interierunt, iis exceptiis, quae M. Mercator initio Commonitorii adversus Pelagianos ex illis delibat, et quae Augustinus tum lib. II de Peccato originali c. 3 et 4, tum lib. de Gestis Pelagii cap. 11, ex iisdem describit. Praeterea ab eodem Doctore in epistola 157, ad Hilarium, n. 22, perstringuntur.	sicut ex (c) subditis advertere	yes, key read at the plate 2026-09-23 (PDF p.288, corners 565/566); class: explanatory	cn
288	565	d	Haec sententia, Quod auxilium fides impetrat quae est in Christo J. D. N. in mss. Corb. et Germ. omittitur.	(d) Quod auxilium fides impetrat	yes, key read at the plate 2026-09-23 (PDF p.288, corners 565/566); class: variant	cn
288	566	e	Edit. Rom. et concil. cum Isid., necnon duobus mss. Colb. et Pith. in lege.	captivantem me (e) sub lege	yes, key read at the plate 2026-09-23 (PDF p.288, corners 565/566); class: variant	cn
288	566	f	Apud Aug. ut in mss. Corb. et Germ. tempus. Cum aliis libris retinemus tomus; quo vocabulo apud antiquos epistola synodica significari solet. Et eo quidem sensu Athanasius Alexandrinae synodi epistolam tomum ad Antiochenos inscripsit: Ipsius Damasi synodica epistola 4, ab eodem concilio CP. can. 5, tomi nomine designatur. Vocis hujus eodem intellectu frequentior est usus in concilio Chalcedonensi, puta edit. Lab. tom. IV, pag. 187 d, 264 d, 491 e. Vulgo etiam celebris epistola Leonis ad Flavianum tomus nuncupatur. Interdum etiam tomus longioris sermonis Compendium sonat, eaque ratione in praefatione Toletani viii concilii accipitur: ad litteram vero id est quod sectio. Ad Afros quod attinet, non aliud hic sibi velle videntur, nisi se consuetae epistolae modum excessuros, si omnia, quae e re sua sunt, testimonia colligerent.	colligere velimus, (f) tomus non sufficit	yes, key read at the plate 2026-09-23 (PDF p.288, corners 565/566); class: explanatory	cn
288	566	g	Edit. Rom. et concil. post Crab., qui majore. Concinnius alii libri, quae majore.	commemorando, (g) quae majore gratia	yes, key read at the plate 2026-09-23 (PDF p.288, corners 565/566); class: variant	cn
289	568	a	Pith. ms., fusus esset; Isid. necnon edit. Rom. et concil. fusus esse, omisso deinde qui fusus: restaurantur ex melioris notae mss. Christi autem sanguis in remissionem peccatorum fundendus Matth. xxvi, 28, legitur.	nec pro eis (a) fusus est sanguis	yes, key read at the plate 2026-09-23 (PDF p.289, corners 567/568); class: variant	cn
289	568	b	In edit. Rom. ut apud Merl. perperam hic additur dicunt. Hoc ipsum de Coelestio Augustinus epist. 157, n. 22, ita eloquitur: Coactus est confiteri propter baptizandos parvulos, quod et ipsis redemptio sit necessaria. Ubi, inquit, quamquam noluerit de originali peccato aliquid expressius dicere, tamen ipso redemptionis nomine non parum sibi praescripsit.	parvulorum (b) fieri redemptionem	yes, key read at the plate 2026-09-23 (PDF p.289, corners 567/568); class: explanatory	cn
289	568	c	Edit. Rom. et concil., possunt astutia. Vocem astutia removemus auctoritate omnium mss.	possunt (c) affirmare non cessant	yes, key read at the plate 2026-09-23 (PDF p.289, corners 567/568); class: variant	cn
289	568	d	In ms. Corb. a I manu, ad nitenda, et secundis curis, ad vitanda: quod et exstat in Germ. et in editione Augustini praelatum est. Retinemus tamen vincenda tum plurium mss. auctoritate, tum quod infra epist. 28, n. 13, episcopi quinque rursum scribunt, Pelagium defendere possibilitatem naturae ad vincenda peccata et implenda mandata. Quapropter e in Diospolitana synodo compulsus fuerat fateri, quando contra tentationes concupiscentiasque illicitas dimicamus, non ex propria voluntate, sed ex adjutorio Dei provenire VICTORIAM.	humanam sibi ad (d) vincenda peccata	yes, key read at the plate 2026-09-23 (PDF p.289, corners 567/568); class: explanatory	cn
289	568	e	In edit. Rom. et Aug. desideratur senex: quae vox in omnibus nostris mss. exprimitur. Idem Silvanus apud Augustinum et ad calcem epistolae 128, senex ecclesiae Summensis, et in fine epistolae 129, primae sedis provinciae Numidiae subscribitur. Porro Afris perinde est senex atque primas: quia apud illos primatus ei deferebatur, qui ordinatione senior erat.	SILVANUS (e) senex, VALENTINUS	yes, key read at the plate 2026-09-23 (PDF p.289, corners 567/568); class: explanatory	cn
289	568	f	Merl. et Crab. cum uno ms., Lictorius. Aliae edit. concil. post Rom., Victorius. Caeteri libri, Litorius aut Littorius. In collatione Carthagin. c. 133, Litorius Suavensis episcopus appellatur.	MALCHUS, (f) LITTORIUS, FORTUNATUS	yes, key read at the plate 2026-09-23 (PDF p.289, corners 567/568); class: variant	cn
290	569	a	Pith. ms. et unus Colb., Ponticianus. Alii duo cum Merl., Crab. et Quesn., Pontianus.	(a) PONTICANUS, SATURNINUS	yes, key read at the plate 2026-09-23 (PDF p.290, corners 569/570); class: variant	cn
290	569	b	In edit. Rom. et Aug., Christonius. In editis aliis ut in omnibus nostris mss., Cresconius. Afris familiare fuisse Cresconii seu Crisconii nomen testis est Collatio Carthaginensis, cui plures diversarum sedium episcopi interfuisse leguntur eodem nomine donati.	SATURNINUS, (b) CRESCONIUS, HONORIUS	yes, key read at the plate 2026-09-23 (PDF p.290, corners 569/570); class: explanatory	cn
290	569	c	Quinque e nostris mss. cum Merl., Crab. et Quesn., Rufinus.	ASIATICUS, (c) RUFINIANUS, FAUSTINUS	yes, key read at the plate 2026-09-23 (PDF p.290, corners 569/570); class: variant	cn
290	569	d	Rursum Sabinus, loco Faustini, apud Quesn., Lab., Crab., Merl., ut in exemplaribus Isid. repetitur, refragantibus potioribus mss.	SABINUS, (d) FAUSTINUS, CRESCONIUS	yes, key read at the plate 2026-09-23 (PDF p.290, corners 569/570); class: variant	cn
290	569	e	Apud Aug., Gignantius. Hujus autem episcopi ac novem subsequentium nomina, propter repetitum Victoris vocabulum, usitato librariorum lapsu, in edit. concil. praetermittuntur.	VICTOR, (e) GIGANTIUS, POSSIDONIUS	yes, key read at the plate 2026-09-23 (PDF p.290, corners 569/570); class: explanatory	cn
290	569	f	Isid. mss. necnon alii duo Colb. cum Pith. Innocentius, Felix, omissis Praesidii et Crescentii nominibus.	ANTONINUS, (f) INNOCENTIUS, PRAESIDIUS	yes, key read at the plate 2026-09-23 (PDF p.290, corners 569/570); class: variant	cn
290	569	g	Garnerius e priscis Augustini editionibus revocavit, perniciosa tempestas inimicorum gratiae coepit, refragantibus aliis editis et omnibus mss.	perniciosa (g) tentat assurgere	yes, key read at the plate 2026-09-23 (PDF p.290, corners 569/570); class: variant	cn
290	570	h	Edit. Rom. et concil., si nullis, quibus suffragantur mss. Deinde apud Garn. et August. innoventur. Lectioni etsi nullis favet illud superioris epistolae n. 5, promittentes ETIAMSI non baptizentur, habituros vitam aeternam. Inde etiam perspicuum est gratiae Christianae sacramenta hic baptismum vocari.	parvulos, (h) etsi nullis imbuantur	yes, key read at the plate 2026-09-23 (PDF p.290, corners 569/570); class: explanatory	cn
290	570	i	Pro nequaquam, Garner. substituit nequam: quod exinde in edit. Aug. translatum. Ambiguitas tolletur, si legeris praesumptione nequaquam Christiana.	aeternam, (i) nequaquam Christiana	yes, key read at the plate 2026-09-23 (PDF p.290, corners 569/570); class: explanatory	cn
290	570	j	Garner., non sustinent, adjecta particula negante praeter veterum codicum fidem ac citra necessitatem.	corda (j) sustineant, non esse	yes, key read at the plate 2026-09-23 (PDF p.290, corners 569/570); class: variant	cn
290	570	k	Apud Quesn. et Aug., te ita permoveant.	te (k) ista permoveant	yes, key read at the plate 2026-09-23 (PDF p.290, corners 569/570); class: variant	cn
290	570	l	Rem ita narrat Mar. Mercator Common. c. 1 edit. Baluz. p. 133. Coelestius de sex capitulis in Carthaginensi concilio accusatus, eaque damnare jussus, sed nullo modo acquiescens, ecclesiastica communione privatus est. A qua sententia ad Romani episcopi examen credidit appellandum: qua mox idem appellatione neglecta, Ephesum Asiae urbem contendit, ibique ausus est per obreptionem locum presbyterii petere. Antea circa exitum anni 411, teste Augustino epist. 157, n. 22, Carthagine constitutus, in ejusdem civitatis ecclesia jam ad presbyterii honorem subrepere coeperat: sed fidelissima libertate fratrum propter has ipsas contra Christi gratiam disputationes usque ad judicium episcopale perductus est. Exstat ad eum Nestorii epistola apud Mar. Mercatorem pag. 131, honorabili et religiosissimo presbytero Coelestio inscripta.	in Asia (l) pervenisse	yes, key read at the plate 2026-09-23 (PDF p.290, corners 569/570); class: explanatory	cn
291	571	a	Quia scilicet Carthaginensis Ecclesia seu synodus superiori epistolae 26 gesta subnexuerat alterius concilii super Coelestii nomine ante annos ferme quinque Carthagine habiti. Cum et haec Milevitani concilii epistola, et illa Carthaginensis per eumdem episcopum Julium delatae, simul Innocentio traditae fuerint, nil opus erat ut pro melius instruitur Garn. de suo substitueret melius instruetur.	Carthaginensi ecclesia (a) melius instruitur	yes, key read at the plate 2026-09-23 (PDF p.291, corners 571/572); class: explanatory	cn
291	571	b	Unus ms., dignabitur. In novam August. editionem dignetur, mera librarii oscitantia irrepsit.	orantem exaudire (b) dignatur	yes, key read at the plate 2026-09-23 (PDF p.291, corners 571/572); class: variant	cn
291	571	c	Isid. mss., de clarum (ex imperitia librarii, qui in exemplari suo legerat de scarum, hoc est de sanctarum). Capucin. secundis curis, declaratione sacrarum) Scripturarum depromptae. Inde in edit. Rom. et concil. factum fuerat, de claro Scripturarum lumine depromptae. Lectionem sinceriorem suppeditant meliores mss. Hic declarant Milevitani concilii patres Romani pontificis auctoritatem ipsa Scripturarum auctoritate fulciri.	tuae, (c) de sanctarum Scripturarum	yes, key read at the plate 2026-09-23 (PDF p.291, corners 571/572); class: explanatory	cn
291	571	d	Edit. Rom. et Garn. omittunt Carthaginensem ecclesiam, et: quae verba ex aliis libris restituuntur.	imitantes (d) Carthaginensem ecclesiam	yes, key read at the plate 2026-09-23 (PDF p.291, corners 571/572); class: variant	cn
291	571	e	Ab Augustino lib. de Peccato orig. c. 9, et epist. olim 47, nunc 215, ad Valentinum, n. 12, haec epistola memoratur ut a quinque episcopis scripta. Quocirca quinque episcoporum non male in edit. concil. inscripta fuit. Ab eodem Doctore epist. olim 106, nunc 186, n. 2, ad discrimen superiorum, quae synodicae sunt, familiaris appellatur.	EPISTOLA XXVIII (e). EPISCOPORUM QUINQUE	yes, key read at the plate 2026-09-23 (PDF p.291, corners 571/572); class: explanatory	cn
291	572	f	Unus codex Colb. tunc fortior sum: quod et primum videtur habuisse.	infirmor, (f) tunc fortis sum	yes, key read at the plate 2026-09-23 (PDF p.291, corners 571/572); class: variant	cn
291	572	g	Ita Quesn. ex ms. Oxon. et exinde nova Aug. editio: quibus consentanea sunt quae Innocentius rescribit. At Merl. et Crab., qui nobis talia persuasisse perhibentur: ubi Crab. ad marg. addidit, qui vos et quia vos. Exinde edit. Rom. et aliae concil., quia vos talia persuasisse perhibent. Similia mss. nisi quod pro perhibent, in plerisque exstat perhibetur, et in uno Colb. atque altero Vatic. perhibetur. In hoc praeterea legere est quia vobis. Unde commode conflci posset haec lectio: quia vobis talia persuasisse perhibetur. Nempe Pelagiani, teste Possidio c. 18, perfidiam suam per suam ambitionem persuadere conabantur sanctae sedi. Et quod non valuerunt perficere, hoc se perfecisse mendaciter jactarunt. Inter eos autem quibus prava dogmata sua Romae persuasisse se gloriabantur, praecipuus erat Xystus tunc presbyter, ac postea summus pontifex, cui post detectam calumniam Augustinus epist. alias 101, nunc 191, n. 1, ita gratulatur: Quid enim gratius legi vel audiri potest, quam gratiae tam pura defensio adversus inimicos ejus, ex ore ejus qui eorumdem inimicorum magni momenti patronus jactabatur? Vide et ejusdem epistolam 194, n. 1.	quia (g) eis talia persuasisse	yes, key read at the plate 2026-09-23 (PDF p.291, corners 571/572); class: explanatory	cn
292	573	a	Duo mss. Colb. tantum ante oculos: majori quadam emphasi. Quomodo Pelagius in memorata synodo gratiam Dei confessus sit, Augustinus lib. de gestis ipsius Pelagii c. 6 et 7 exponit, subindeque cap. 10 explicat unde eum ibi subdole gratiam Dei confessum esse deprehenderit.	sed (a) ante oculos suos ferret	yes, key read at the plate 2026-09-23 (PDF p.292, corners 573/574); class: explanatory	cn
292	573	b	Merlin., conjunctas. Edit. Rom. recentioresque concil. et Garner., convictas. Nova Augustini editio, vinctas. Praeferimus cum Crab. ac potioribus mss., convinctas, quasi simul vinctas. Non displiceret devinctas, propter illud quod Innocentius epist. 31, n. 2, rescribit: Si ergo sunt aliqui, quos in defensionem perversitas tanta devinxit. Et huic quidem verbo propius accedit quod in exemplis Isid. legimus, pervinctas.	velut convinctas (b) trahentibus	yes, key read at the plate 2026-09-23 (PDF p.292, corners 573/574); class: explanatory	cn
292	574	c	In edit. Rom. et concil. hic additur liberum, ex abundanti et praeter fidem mss. Quod episcopi paulo superius liberum arbitrium non addita voce voluntatis, nunc arbitrium voluntatis, non praemisso epitheto liberum, vocant. Illinc initio num. 5. aiunt: Nec lex juberet, nisi esset voluntas; nec gratia juvaret, si sat esset voluntas, jam sola voluntatis mentione facta.	arbitrium voluntatis, (c) tamen ejus potestas	yes, key read at the plate 2026-09-23 (PDF p.292, corners 573/574); class: explanatory	cn
292	574	d	Ita Merl., Crab., Garner., ac nostri mss. Hic tamen aliquid desiderari manifestum est. Quocirca editor Romanus istud intra uncinos altero charactere adjecit: [Hic aliquid deest ejusmodi: Sint lumbi restri praecincti: et tamen oramus eam dari nobis ubi dicitur.] Quod et postea in quibusdam aliis editionibus retentum. Additamenti hujus loco Quesn. substituit: A voluptatibus tuis avertere, et tamen oratur ut habeamus continentiam, ubi dicitur. Neutrum supplementum placet. Quo autem pacto resarciendus sit hic locus, ex alio simili Augustini expiscari licet. Is Doctor epist. 147, ad Hilarium, n 9, idem argumentum pertractans ita scribit: Cum dicit Lex, Non concupisces, quid videtur aliud imperare, nisi ab illicitis cupiditatibus continentiam?... et tamen oratur ut habeamus continentiam, ubi dicitur, Cum scirem quia nemo potest esse continens, etc. Moxque concludit: Jubet ergo Deus continentiam, et dat continentiam. Ad mentem igitur Augustini integer fiet hic noster locus, si restituamus: Jubetur ut habeamus continentiam, ubi dicitur, Non concupisces: et tamen oratur ut habeamus continentiam, ubi dicitur, Cum scirem, etc. Proxima earumdem vocum repetitio, fecunda lacunarum seges, huic occasionem dedit.	Cum sci-rem (d) quia nemo potest	yes, key read at the plate 2026-09-23 (PDF p.292, corners 573/574); class: explanatory	cn
281	551	a	In edit. Concil. 1. Quae autem 25 erat, nunc 50. Epistolam hanc exhibent Corbeiense exemplar saeculo sexto exaratum, et Codex a Quesnello vulgatus, necnon collectiones Dionysii Exigui, Hadriani Hispana et Isidori. A Dionysio appellatur epistola regularis, atque omnibus Innocentii decretis sub titulis octo, id est I, II, etc., ad viii praeponitur. Eam laudant tacito quide n l Innocentii nomine concilium Hispalense II anno 619 habitum c. 7, Parisiense vi ann. 829, lib. 2, c. 27; illo autem appellato Isidorus Hispal. lib. II Offic. eccl. c. 26, Meldense concilium ann. 845 c. 44, et Nicolaus I, epist. alias 2, append. 2.	EPISTOLA XXV (a). Ex Dionysio	yes, key read at the plate 2026-09-23 (PDF p.281, corners 551/552); class: explanatory	cn
281	551	b	Pro subnexis titulis, qui ex Dionysianis atque codicis a Quesnello vulgati exemplaribus describuntur hos exhibet vetus codex Corbeiensis. I. De pacem qualiter in ecclesia dare debet. II. De nominibus recitandis. III. De signandis infantibus. IV. De fermento. V. De baptizatis qui postea a daemonio vexantur. VI. De inunguendis infirmis.	(b) De pacis osculo dando	yes, key read at the plate 2026-09-23 (PDF p.281, corners 551/552); class: explanatory	cn
281	551	c	Unus codex Colb., Capuano. Alii probae notae, Egubino. In exemplis Dion. ubi legitur Eugubino, additur salutem, quod et in vulgatis inde expressum est.	episcopo Eugubino (c) salutem	yes, key read at the plate 2026-09-23 (PDF p.281, corners 551/552); class: variant	cn
281	551	d	Corb. ms. cum uno Colb. ant Apostolis. Tum cum iisdem alii tres, vel apostolicis ipsis, non raris. Deinde unus Colb., contraria et non utenda inducta. Jam supra epist. 17, n. 9, Innocentium audivimus commendantem regulas veteres, quas ab Apostolis vel apostolicis viris traditas Ecclesia Romana custodit.	viris contrarietatem (d) inductam	yes, key read at the plate 2026-09-23 (PDF p.281, corners 551/552); class: explanatory	cn
281	552	e	Supple terrasque. Illarus iis qui una fidei communione ac societate cum Gallis copulabantur, librum de Synodis scribens, cum iisdem Germaniae primas et secundae, Britanniarumque episcopos recenset. Illis si adjunguntur variae Illyrici provinciae, quas Innocentius epist. 13, n. 2, suam in eas vicem Rufo committens recenset, dioeceseon, satis accurata habebitur enumeratio. Ex ecclesiis autem ab hoc papa nominatis, non desunt qui excipiendam censeant Lugdunensem, quam neque a Petro neque a successoribus ejus primum sacerdotem suum accepisse arbitrantur. Sed opinionis hujus auctor, a quonam Potinus primus ejusdem ecclesiae praesul vel ordinatus vel missus sit, sibi incompertum esse alibi fatetur.	et insulas (e) interjacentes, nullum	yes, key read at the plate 2026-09-23 (PDF p.281, corners 551/552); class: explanatory	cn
281	552	f	Verbum arbitrarer in priscis edit. concil. ut in mss. hic additur.	ecclesiae tuae (f) vel reformationem	yes, key read at the plate 2026-09-23 (PDF p.281, corners 551/552); class: variant	cn
282	554	d	Ita mox dicti mss. Alii vero libri, Haec autem pontificibus solis deberi, ut vel consignent. Hoc Innocentii dictum Theologi de jure ordinario interpretari solent. Et Hieronymus quidem dial. adversus Lucifer. docet eum usum, quo in Ecclesia baptizatus nisi per manus episcopi non accipit Spiritum sanctum, ad honorem potius sacerdotii, quam ad legis necessitatem esse institutum. Neque solum idem Doctor consignandi jus presbyteris asserere videtur, sed et ejus usum aliquando eis permitti in epistola ad Evangelum innuit, ubi ait: Quid enim facit excepta ordinatione episcopus, quod presbyter non faciat? Cui consentaneum est quod Chrysostomus homil. II, in I epistolam ad Timotheum, de episcopis scribit: Sola quippe ordinatione superiores sunt, atque hoc tantum plus quam presbyteri habere videntur. Gregorius quidem lib. IV, epist. 9, ad Januarium Caralis in Sardinia episcopum scribit: Presbyteri baptizandos ungant in pectore, ut episcopi postmodum ungere debeant in fronte. Verum ibid., epist. alias 24, ad eumdem rescribit: Pervenit quoque ad nos quosdam scandalizatos fuisse, quod presbyteros chrismate tangere eos qui baptizandi sunt prohibuimus. Quibus primo respondet, Et nos quidem secundum usum veterem ecclesiae nostrae fecimus; tum addit, Sed si omnino hac de re aliqui contristantur; ubi episcopi desunt, ut presbyteri etiam in frontibus baptizandos chrismate tangere debeant concedimus. Neque his adversatur Gelasius, cum epist. 12, c. 6, presbyteris praecipit non conficiendi chrismatis, non consignationis pontificalis adhibendae sibimet arripere facultatem. Aliud est enim hujusmodi facultatem sibimet arripere, et aliud concessa potestate uti. In commentariis Ambrosii nomine vulgatis in Ephes. c. IV legere est: Apud Aegyptum presbyteri consignant, si praesens non sit episcopus. Quibus concinit et quod antiquus auctor quaestionum ex utroque Testam. mixtim apud Augustin. append. tom. III, cap. 101, tradit: In Alexandria et per totam Aegyptum, si desit episcopus, consecrat (rectius Colb. ms. consignat) presbyter. Atque hic usus etiamnum apud Graecos obtinet. Neque ab eo abhorrere videtur concilium Toletanum I, can. 20, quo statutum est diaconum non chrismare, sed presbyterum absente episcopo; praesente vero, si ab ipso fuerit praeceptum; sicut nec Arausicanum I, can. 11, et Epaonense can. 16, dum haereticos in mortis discrimine positos, si catholici esse desiderant, si episcopus desit, a presbyteris cum benedictione et chrismate consignari volunt. Ad Innocentium quod attinet, tum ex hoc, tum ex superioribus decretis ac totius epistolae proaemio apparet, hoc eum maxime cavere voluisse, ne ecclesiae, quae a Romana fidem susceperunt, ad alienos ab ejusdem ecclesiae consuetudine ritus declinarent. Morem illi gerens concilium Hispalense II anno 619 habitum c. 7 definit, presbyteris non licere nec chrisma conficere, nec chrismate baptizatorum frontem signare. Ad ipsius quoque imitationem Theodulfus Aurelianensis epis. lib. de Bapt. c. 17 concludit: Quod ergo presbyteris baptizatos chrismate ungere licet, Spiritum vero sanctum per manus impositionem tradere non licet, antiquus iste mos ab Apostolis (hoc est Apostolorum exemplo in Actibus consignato) est traditus. Neque presbyteris solum, sed etiam chorepiscopis et concilium Parisiense VI, ann. 827, part. II, c. 27, et Meldense ann. 845, c. 44, hanc potestatem negant. Quocirca Isaac Lingonensis episcopus tit. XI, can. 30, decernit: Si quis non ab episcopo, sed a chorepiscopo fuerit confirmatus, reiterari aliis benedictionibus debet. Idipsum et Capitulare anni 803, apud Baluz. pag. 381, ut Leonis III antea consulti auctoritate fultum edicit.	pontificium solis deberi (d) episcopis	yes, key read at the plate 2026-09-23 (PDF p.282, corners 553/554); class: explanatory	cn
293	0575	a	Ita hic locus in novissima Augustini editione e ms. Vaticano, cui et duo Colb. favent, instauratus fuit. In aliis autem libris, Merlini editione excepta, desideratur quae naturam... fovet. Ex tribus illis vocibus solam primam Quesn. retinuit. Deinde in iisdem libris, necnon in Merlini editione, sicut plantatur quodammodo et irrigatur, nisi quod Quesn. particulam sicut expunxit.	sed qua salvatur natura: (a) quae naturam non auribus	yes, key read at the plate 2026-09-23 (PDF p.293, corners 575/576); class: explanatory	cn
293	0576	b	Edit. Rom. agere debeamus: corrigitur ex aliis libris.	creatori nostro gratias agere (b) valeamus	yes, key read at the plate 2026-09-23 (PDF p.293, corners 575/576); class: variant	cn
293	0576	c	Apud Merl., Crab. et in Augustini editione hic adjicitur non immerito.	Hanc apostolica doctrina gratiam (c) isto nomine appellat	yes, key read at the plate 2026-09-23 (PDF p.293, corners 575/576); class: variant	cn
293	0576	d	Solus Quesn. naturam creati referri ad gratiam creatoris. Istud referre, id est quod in se exhibere ac repraesentare. Ipsa Pelagii verba Augustinus lib. de Nat. et grat. c. 51, exscribit ac refert in hunc modum: Ipsa non peccandi possibilitas non tam in arbitrii potestate, quam in naturae necessitate est. Quidquid in naturae necessitate positum est, ad naturae pertinere non dubitatur auctorem, utique Deum. Quomodo ergo absque Dei gratia dici existimatur, quod ad Deum proprie pertinere monstratur? Ibi, inquit statim Augustinus, expressa est sententia quae latebat. Ideo Dei gratiae tribuit non peccandi possibilitatem, quia ejus naturae Deus auctor est, cui possibilitatem non peccandi inseparabiliter insitam dicit.	nisi naturam (d) creati hominis referre	yes, key read at the plate 2026-09-23 (PDF p.293, corners 575/576); class: explanatory	cn
294	0577	a	Edit. Rom. et concil., Non enim. Subinde Merl. et Crab., nec ascendisset in altum et captivans; edit. Rom. et Lab., nec ascendens in altum, captivans.	mortuus est (Rom. IV, 25). (a) Num enim	yes, key read at the plate 2026-09-23 (PDF p.294, corners 577/578); class: variant	cn
294	0577	b	In quibusdam mss. mendose, suae possibilitas. Hinc antiquario data occasio secundis curis in Navarreo ac forte in aliis addendi naturae. Unde et in editis, excepto Aug. obtinuit suae possibilitas naturae. Infra in epistola 29, Innocentii, n. 3, lecturi sumus, quasi ex nostra in totum simus possibilitate (non addito naturae vocabulo) perfecti. Vide infra epist. 30, n. 4.	neminem liberavit aut liberat (b) sua possibilitas	yes, key read at the plate 2026-09-23 (PDF p.294, corners 577/578); class: variant	cn
294	0578	c	Apud Quesn. et Aug. ut in ms. Pith., proposita est.	Transgressionis gratia (c) posita est	yes, key read at the plate 2026-09-23 (PDF p.294, corners 577/578); class: variant	cn
295	0579	a	Particulam si, pro qua Garner. substituit sic, Quesn. penitus expunxit.	(a) si et ante tempus Legis	yes, key read at the plate 2026-09-23 (PDF p.295, corners 579/580); class: variant	cn
295	0579	b	Edit. Rom. et concil. ac plures mss., indignae: quod factum ex induguae; sic enim verbum indigae antiquis pingere placebat.	non possibilitas naturae infirmae et (b) indigae ac vitiatae	yes, key read at the plate 2026-09-23 (PDF p.295, corners 579/580); class: variant	cn
295	0579	c	Pith. ms. Ecclesia: mendose. Totum hunc locum Quesn. ita vulgavit: si non vult; onerosum sibi et perniciosum esse discat Ecclesiae scandalum afferre, quod auditores; praeter omnium codicum fidem et Innocentii mentem. Lectio autem, quam minus rectam judicavit, cum antecedentibus et consequentibus apprime cohaeret. Nempe episcopi quinque Pelagio auctores sunt, ut discat quo pacto scandalum et onerosum sibi, et Ecclesiae perniciosum auferat. Nec illud auferendum dubitant, statim ut librum ipsius nomine vulgatum, ab ipsomet damnatum esse discipuli ejus cognoverint.	onerosum sibi et perniciosum (c) discat Ecclesiae scandalum	yes, key read at the plate 2026-09-23 (PDF p.295, corners 579/580); class: explanatory	cn
295	0579	d	Apud Quesn. hic additur verbum conari: quod rectius abest ab aliis libris.	verum etiam justi et sancti sint, (d) non in sua virtute	yes, key read at the plate 2026-09-23 (PDF p.295, corners 579/580); class: variant	cn
295	0579	e	Neque hic Quesnello opus erat adjicere verbum causa. Hunc locum alter ille libri Augustini de gestis Pelagii c. 52 illustrat: In chartula defensionis suae, quam mihi per quemdam Charum nostrum Hipponensem civem, Orientalem autem diaconum, misit, fecit aliquid quod aliter se habeat quam gestis episcopalibus continetur. Quod autem habent gesta, longe melius est ac firmius et enodatius pro catholica veritate contra illius haeresis pestem. Ex quo manifestum est, Pelagium vocasse purgationis suae scripta vel gesta (seu ut loquitur Augustinus epist. olim 252, nunc 179, n. 7, quamdam a se conscriptam velut defensionem suam, qua se dixit objectis respondisse Gallorum) quae ad Augustinum miserat adulterata Diospolitanae synodi gesta. De his rursum Augustinus in eodem libro de gestis Pelagii c. 29 ita loquitur: Qualibet purgationis suae gesta protulerit. Neque hinc minus perspicuum est, ab episcopis quinque unius nostrum nomine Augustinum intelligi, cujus quidem epistola tunc missa excidit, et ad nos non pervenit.	purgationis suae (e) quaedam scripta transmisit	yes, key read at the plate 2026-09-23 (PDF p.295, corners 579/580); class: explanatory	cn
295	0580	f	Quesn. cum uno ms. Colb. et Pith., ut eam emittere. Sanior est lectio librorum aliorum.	petentes, ut eam (f) ei mittere ipse digneris	yes, key read at the plate 2026-09-23 (PDF p.295, corners 579/580); class: variant	cn
295	0580	g	Merl. et Crab., quoniam merito quaeri potest. Retinuit Quesn. quaeri potest: quod in nullo offendimus ms. Pro quaeri, Crab. ad marg. annotavit debere, quod et Pith. ms. habet in textu.	tamen quoniam non immerito (g) movere potest	yes, key read at the plate 2026-09-23 (PDF p.295, corners 579/580); class: variant	cn
295	0580	h	Apud Garn. et Aug., a vita. Ad eorum, de quibus hic sermo est, opinionem aliquando accessit Pelagius. Eum enim Augustinus epist. olim 252, nunc 179, n. 7, istud ad se scripsisse narrat: Non diximus quoniam inveniatur quis ab infantia usque ad senectam, qui numquam peccaverit; sed quoniam a peccato conversus labore proprio, et gratia Dei adjutus, potest absque peccato esse. Sed in hac sententia eum non semper stetisse idem Doctor in eadem epistola n. 8 probat.	et (h) via reproba ad bonam vitam	yes, key read at the plate 2026-09-23 (PDF p.295, corners 579/580); class: explanatory	cn
295	0580	i	In uno e mss. Colb. per orationes sacrificiorum.	Sicut ergo (i) nunc per orationis sacrificium convincimur	yes, key read at the plate 2026-09-23 (PDF p.295, corners 579/580); class: variant	cn
296	0581	a	Idem ms., Qui ex Deo est. Alter Colb. cum Pith. Ex Deo, omissis verbis Qui natus est.	profecto illud quod scriptum est, (a) Qui natus est ex Deo	yes, key read at the plate 2026-09-23 (PDF p.296, corners 581/582); class: variant	cn
296	0581	b	Edit. Rom. et concil., profectu excellenti atque justitia. Garner. ac mss. Isid., profectu, excellentia atque justitia: corriguntur ex Quesn. Augusti. et potioribus mss.	reperitur in quolibet (b) provectu excellentiaque justitiae	yes, key read at the plate 2026-09-23 (PDF p.296, corners 581/582); class: variant	cn
296	0581	c	Merl. et Quesn. cum uno ms. Colb. et Pith., qualescumque etiam tentationes. Verior est caeterorum codicum lectio, qua eos qui sine querela vivere praedicantur, a gravibus quidem peccatis, sed non item a levibus, quae tentatione seu fragilitate humana contrahimus, immunes intelligendos esse edocemur.	Non enim (c) qualecumque etiam tentationis humanae	yes, key read at the plate 2026-09-23 (PDF p.296, corners 581/582); class: explanatory	cn
296	0582	d	In duobus mss. Colb., non cum parva. In caeteris, non comparva. Apud August., non tamen parva. At Merl. et Crab. post superius verbum refundimus, proxime subjiciunt, verum etiam no ter licet exiguus, etc., omissis intermediis.	sed in hac (d) non parva tentatione temporis	yes, key read at the plate 2026-09-23 (PDF p.296, corners 581/582); class: variant	cn
296	0582	e	In edit. Concil. 24. Quae autem 29 orat, nunc 7.	EPISTOLA (e) XXIX	yes, key read at the plate 2026-09-23 (PDF p.296, corners 581/582); class: variant	cn
296	0582	f	Editi, excepto Aug. secundum Codicis a Quesnello vulgati et Isidori vetera exempla, Aurelio et omnibus sanctis episcopis vel caeteris qui in concilio Carthaginensis ecclesiae adfuerunt, singulorum episcoporum nominibus omissis, quae in sincerioribus mss. recensentur.	(f) Innocentius Aurelio, Numidio, Rusticiano	yes, key read at the plate 2026-09-23 (PDF p.296, corners 581/582); class: variant	cn
296	0582	g	Hinc liquet et alterum istum Restitutum in epistolae 26 inscriptione desiderari.	Victori, Restituto, (g) alteri Restituto, Rustico	yes, key read at the plate 2026-09-23 (PDF p.296, corners 581/582); class: explanatory	cn
296	0582	h	Edit. concil., Inquirendo de his rebus. Apud Garner. Quesn. et Aug., In requirendo de his rebus. Edit. Rom. et aliquot mss., In requirendis de his rebus. Verius mss. Remig., Corb. et Germ., In requirendis Dei rebus, eamque lectionem confirmat Afrorum epistola ad Theodorum papam in concilio Lateranensi sub Martino I, act. 2, tom. VI Concil. Labb. pag. 128 inserta, cujus exordium, uti praemonuimus, ex Innocentii verbis ac sententiis expressum, hic repraesentare juverit. Sic porro incipiunt: Magnum et indeficientem omnibus Christianis fluenta redundantem apud Apostolicam sedem consistere fontem nullus ambigere possit, de quo rivuli prodeunt affluenter, universum largissime irrigantes orbem Christianorum, cui etiam in honore beatissimi Petri patrum decreta peculiarem omnem decrevere reverentiam IN REQUIRENDIS DEI REBUS, quae omnino et sollicite debent, maxime vero justeque ab ipso praesulum examinari vertice apostolico, cujus vetusta sollicitudo est tam mala damnare, quam probare laudanda. Antiquis enim regulis sancitum est, ut quidquid quamvis in remotis vel in longinquo positis ageretur provinciis, non prius tractandum vel accipiendum sit, nisi ad notitiam almae sedis vestrae fuisset deductum, ut hujus auctoritate, justa quae fuisset pronuntiatio firmaretur, indeque sumerent caeterae ecclesiae velut de natali suo fonte praedicationis exordium, et per diversas totius mundi regiones puritatis incorruptae maneant fidei sacramenta salutis.	1. (h) In requirendis Dei rebus quas omni	yes, key read at the plate 2026-09-23 (PDF p.296, corners 581/582); class: explanatory	cn
297	0583	a	Edit. Rom. et concil. necnon Quesn., puri capitis; deinde Merl., incorrupti; Crab., incorrupte: caeterae, incorruptae: ex edit. August. et mss. Corb. atque Germ. instaurantur. Hujus exordii materiam maxime sumpsit Innocentius ex eo quod episcopi quinque ad calcem epistolae superioris sibi scripserant: Non enim rivulum nostrum tuo largo fonti refundimus... utrum etiam noster licet exiguus ex eodem, quo etiam tuus abundans, emanet capite fluentorum, hoc a te probari volumus.	et per diversas totius mundi regiones puri (a) latices capitis incorrupti	yes, key read at the plate 2026-09-23 (PDF p.297, corners 583/584); class: explanatory	cn
297	0583	b	Ita mss. Germ. et Corb. At plures alii cum edit. Rom. et concil., quid praecipere. Deinde in codice Germ. quos absolvere, ubi in aliis quos abluere. Apud Quesn. et Aug. repositum est quid praeciperent, quos abluerent. Totum autem hunc locum Garnerius, ingenio suo plus aequo indulgens, ita edidit: unde aquas sumerent caeterae ecclesiae, velut de natali suo fonte a quo cuncta procedunt, et per diversas totius mundi regiones puri capitis incorruptae manant; unde perciperet quos veluti coeno, etc. Nostra lectio, in qua nihil non veterum codicum auctoritate fulcitur, integra erit, si post verba quos abluere, subaudiatur deberent. Neque temere sentiamus hic triplicem hominum sese Ecclesiae judicio sistentium classem distingui, et ejusdem Ecclesiae circa illos judiciorum triplicem rationem, ex triplici aquae proprietate repetitam, exponi. Illa enim velut aqua munda innoxios et incontaminatos tamquam puros rivulos ultro in se recipit; sordidatos vero, sed poenitentes, abluit; et incorrectos, qui eam commaculare valeant, prudens vitat et respuit.	quid praecipere *[Forte leg. praeciperent]* quos (b) abluere	yes, key read at the plate 2026-09-23 (PDF p.297, corners 583/584); class: explanatory	cn
297	0583	c	Editio Rom. et recentiores concil. ex hoc, ac deinde cum vetustioribus, quod illos caveat pronuntiationis justae firmata decretalibus (Merl., petere; Crab., patere; edit. Rom. et sequentes, pavere) non possit. Garner. resecans hoc quod illos caveat, retinuit et pronuntiationis justae firmata decretalibus pavere non possit. Nostra lectio est Quesn., Aug. et meliorum mss., nisi quod apud Quesn. expunctum est hoc, et apud Aug. ut in mss. Corb. et Germ. pro patere, exstat parete: Sic porro est intelligenda, quasi diceret Innocentius: A me decernendum esse deposcitis, ut Ecclesia veteribus suis jam constabilita regulis, etiam nunc firmata juste pronuntiato hoc novo decreto, quo memoratos illos haereticos cavere jubeatur, talibus deinceps patere non possit, sed iis seclusa perpetuo maneat.	Ecclesia, (c) et hoc, quo illos caveat	yes, key read at the plate 2026-09-23 (PDF p.297, corners 583/584); class: explanatory	cn
297	0584	d	Unus e mss. Colb., exsecrandis animorum moribus inserpat. Alter, exsecrandos animis morbos inserpat. Verbum inserpat, edit. Rom. et concil. cum aliquot aliis mss. retinet. Ejus loco melius mss. Germ. et Corb. exhibent inrepat.	Sanandum ergo celerius, ne longius (d) exsecrandus animis morbus	yes, key read at the plate 2026-09-23 (PDF p.297, corners 583/584); class: variant	cn
297	0584	e	Crab. ac deinceps edit. concil. et Rom., quia sine illo.	nullam Dei gratiam consequuntur; (e) qui sine illo tantum	yes, key read at the plate 2026-09-23 (PDF p.297, corners 583/584); class: variant	cn
297	0584	f	Edit. Rom. et concil. cum mss. Pith. et Isid., et accipiunt. Unus codex Colb., ut accipiunt; unde Quesnello ut accipiant placuit. Apud August. ut in ms. Corb. accipere, non praemissa particula et, quae cum Germ. et aliis retinetur. Perspicua erit sententia hunc in modum disposita: quantum vix illi etiam, qui postulant, accipere promerentur.	quantum vix illi, qui ab illo postulant, (f) et accipere promerentur	yes, key read at the plate 2026-09-23 (PDF p.297, corners 583/584); class: explanatory	cn
297	0584	g	Sic mss. At edit. Rom. et concil., quam potest is esse.	praestantior, quam (g) potest in eo esse	yes, key read at the plate 2026-09-23 (PDF p.297, corners 583/584); class: variant	cn
297	0584	h	Garner., Si huic putes debere. Editi alii, Et cum te putes ei debere. Pelagius tacito nomine hic arguitur: qui quidem posse, velle et esse distinguens, posse in natura, velle in arbitrio et esse in affectu constituebat. Tum posse ad Deum naturae auctorem proprie pertinere ita largiebatur, ut velle et esse, seu agere ad hominem referenda esse contenderet. Solius Dei esse docebat, quod potest homo velle bonum atque perficere; sed quod illud velit perficere, ac re ipsa perficiat, adeoque et quod bonus ac perfectus velit esse, vel etiam sit, ipsius hominis esse praedicabat. Non infitiabatur hominem gratiae semper adjuvari auxilio: sed auxilium illud in hoc ponebat, quod voluntatis atque operis possibilitatem Deus numquam non daret. Ipsa illius verba videsis apud Augustinum lib. de Gratia Christi, cap. 4.	esses effecit? (h) Et cui putes debere quod vivis	yes, key read at the plate 2026-09-23 (PDF p.297/298, corners 583/584-585/586, note continues onto p.298 foot); class: explanatory	cn
298	0585	a	In edit. Rom. et Concil. desideratur simus.	quasi ex nostra (a) simus in totum possibilitate perfecti	yes, key read at the plate 2026-09-23 (PDF p.298, corners 585/586); class: variant	cn
298	0585	b	Vocabulum ejus ex ms. Germ. et edit. Aug. revocatur. Solus Garn. locum hunc ita exhibet: Dic quomodo vere adjutorium ejus in nos, cum tales a nobis etiam esse possimus, provocemus. Eum qui adjutorium Dei negat, rursus vellem interrogare cur dicat nos id non promereri?	quomodo non (b) adjutorium ejus in nos	yes, key read at the plate 2026-09-23 (PDF p.298, corners 585/586); class: explanatory	cn
298	0585	c	Quesn. cum uno ms. Colb., praestolari.	unusquisque hoc (c) debeat postulare	yes, key read at the plate 2026-09-23 (PDF p.298, corners 585/586); class: variant	cn
298	0585	d	Ita mss. necnon veteres edit. Concil. At Rom. edit. et recentiores Concil. cum Garn., precamur.	Hoc enim seu bene (d) vivimus provocamus	yes, key read at the plate 2026-09-23 (PDF p.298, corners 585/586); class: variant	cn
298	0585	e	Garn. nequidquam; et infra, David inclamat, pro, Nam si ille clamat.	gratia in nos implorata (e) descendat, nequaquam terrenae labis	yes, key read at the plate 2026-09-23 (PDF p.298, corners 585/586); class: variant	cn
298	0586	f	Edit. Rom., Nos ergo dicimus manifeste, etc. Garn., Nos dicimus manifeste, ut quid oremus Deum, ille: et infra, David ergo, pro, David enim.	ille Deum ne derelinquatur (f) exorat. Non, rogo, manifeste discimus	yes, key read at the plate 2026-09-23 (PDF p.298, corners 585/586); class: variant	cn
298	0586	g	Edit. Rom. et Concil., in sua natura esse. Mox Garn., adjutorem invocat, nec illi sufficit assiduum invocare: refragantibus aliis libris, ex quibus liquet vocabulum adjutorem a verbo exoptat regi.	qui cum sciat tantum (g) sua inesse natura	yes, key read at the plate 2026-09-23 (PDF p.298, corners 585/586); class: variant	cn
298	0586	h	Aliquot mss. cum Quesn., nec non edit. Rom. et Concil., ita magnum scit, ut assidue diceret. Apud August., ita magnus sicut assidue dicere. Garner., hoc illi tam magnum visum sit, ut assidue diceret, tam necessarium confessum sit. Id quod plures ac vetustiores mss. exhibent retinemus. Mallemus tamen, ita magnus scivit assidue dicere, et ita.	hoc ille ita (h) magnus scit ut assidue dicere	yes, key read at the plate 2026-09-23 (PDF p.298, corners 585/586); class: variant	cn
298	0586	i	Merlin. et ex eo Quesn., Libero enim arbitrio olim ille perversus; reluctantibus omnibus mss. et editis aliis, non solum hic, sed et in libro II Augustini ad Bonifacium, cap. 4, n. 6, in libro Prosperi contra Collatorem, c. 5, n. 15, et in Coelestini epistola 21, n. 5, ubi haec eadem verba citantur. Sane Innocentii sententia potius permissus, quam perversus, postulat.	6. (i) Liberum enim arbitrium olim ille perpessus	yes, key read at the plate 2026-09-23 (PDF p.298, corners 585/586); class: explanatory	cn
298	0586	j	In mss. ut in edit. Merl. et Rom., ruinae latuisset oppressus vel oppressum, nisi quod in Pith. exstat oppressu, et in Corb. ab antiqua manu restitutum est jacuisset: quam emendationem rectam probant cum Augustini liber II ad Bonif. contra duas epist. Pelag. n. 6, tum epistola 21 Coelestini papae, cap. 4, ubi haec verba citantur. Quamquam nec in illis duobus locis desunt mss. qui exhibeant latuisset oppressu. Apud Crab. et exinde in edit. concil. hic legere est, huic ruinae suae jacuisset oppressus, apud Garner. et Quesn., hujus ruina subjacuisset oppressus.	suaque in aeternum libertate deceptus, hujus (j) ruinae jacuisset	yes, key read at the plate 2026-09-23 (PDF p.298, corners 585/586); class: explanatory	cn
298	0586	k	Ita mss. magno consensu cum edit. Aug. At in edit., per suam gratiam.	nisi eum post (k) Christi pro sua gratia relevasset	yes, key read at the plate 2026-09-23 (PDF p.298, corners 585/586); class: variant	cn
299	0587	a	Conjunctio Nam ex edit. Merl., Crab., Aug. et pluribus mss. revocatur. Deinde in mss. Isid. desideratur nostra. Mox edit. Rom. et Concil. cum aliquot mss., Sic enim, ubi cum aliis libris praeferimus, Ipsi enim. Garnerius vero locum hunc mutilum censens, nota ad marginem adscripta, sic resarciri posse monet: Pelagium igitur et Coelestium, quos auctores nefarii prorsus et omnibus anathematizandi erroris advertistis, justa sententia damnastis: nec illi nostra, etc. At sententiam adversus Pelagium et Coelestium a Carthaginensis concilii patribus nominatim dictam non sonant haec eorum ad calcem superioris epistolae 26 dicta: Si Pelagius Coelestiusque correcti sunt, vel se ista numquam sensisse dicunt, et quaecumque scripta contra eos prolata fuerint, sua esse negant, nec est quemadmodum de mendacio convincantur, generaliter tamen anathema sit dogmatum, quorum auctores existimantur, quicumque deprehensus fuerit propugnator. Nil etiam in hoc Innocentii loco apparet, unde matius judicetur.	Dei beneficiis profitetur ingratum. (a) Nam nec nostra communione	yes, key read at the plate 2026-09-23 (PDF p.299, corners 587/588); class: explanatory	cn
299	0587	b	Ita apud Garn. et Aug. ut in potioribus mss. In aliis autem libris, omnes; et infra, Negantes enim Dei adjutorium.	Sunt quidem isti (b) omni caecitate dignissimi	yes, key read at the plate 2026-09-23 (PDF p.299, corners 587/588); class: variant	cn
299	0587	c	Editi excepto Aug., ne diu multa. Concinnius apud Aug. ut in mss. Corb. et Germ., ne diu inultus multa. Hinc apte subnectitur: Si enim diu fuerint sub hac IMPUNITATE.	visceribus; ne (c) diu inultus multa occupans	yes, key read at the plate 2026-09-23 (PDF p.299, corners 587/588); class: variant	cn
299	0587	d	Hanc Garnerii lectionem, quae est et mss. Corb. atque Germ. Quesnellus approbat, quamvis ipse vulgatam in edit. Rom. et Concil. scilicet non sequuntur, retineat. Hic autem apud Aug. particula nunc librarii oscitantia excidit.	imprudentes, qui fidem (d) catholicam nunc sequuntur	yes, key read at the plate 2026-09-23 (PDF p.299, corners 587/588); class: explanatory	cn
299	0588	e	In edit. Rom. et Concil., aliquando in se.	8. Qui si tamen (e) aliquod in se Dei adjutorium	yes, key read at the plate 2026-09-23 (PDF p.299, corners 587/588); class: variant	cn
299	0588	f	Apud Quesn. et Aug., aspicerent.	quibus totus, ne verum (f) aspiceret, foedabatur	yes, key read at the plate 2026-09-23 (PDF p.299, corners 587/588); class: variant	cn
299	0588	g	Apud Garner., conciliis. Verbum antecedens, sanandos, quod Quesn. removit, omnes nostri mss. asservant.	veris se (g) sanandos consiliis tribuant	yes, key read at the plate 2026-09-23 (PDF p.299, corners 587/588); class: variant	cn
299	0588	h	Verbum revocati apud Merl. desideratur. Ejus loco edit. Rom. et posterioribus concil. substitutum est remoti.	ut a suis (h) revocati praecipitiis	yes, key read at the plate 2026-09-23 (PDF p.299, corners 587/588); class: variant	cn
299	0588	i	Quesn., praesidio aede munitionis. Garner., praesidio fidae munitionis. Minus displicet haec postrema lectio.	et tanto praesidio (i) a fide munitionis exclusi	yes, key read at the plate 2026-09-23 (PDF p.299, corners 587/588); class: variant	cn
299	0588	j	In ms. Corb., Luni Quarti. In Germ., p. c. Theodosio augusto VII et Lucio Quarto v. consulibus: ex imperitia antiquarii, qui et priore nota p. c. significari post consulatum, adeoque Theodosii augusti, etc., retinendum, non Theodosio augusto substituendum esse ignoravit, et posteriorem notam, v. c. verbis viri clarissimi, non v consulibus reddendam esse nescivit.	Data VI kal. Febr. (Jan. 27 ann. 417) post consulatum (j) Theodosii augusti VII et Junii Quarti	yes, key read at the plate 2026-09-23 (PDF p.299, corners 587/588); class: explanatory	cn
299	0588	k	In edit. Concil. 25. Quae autem 30 erat nunc in append.	(k) EPISTOLA XXX	yes, key read at the plate 2026-09-23 (PDF p.299, corners 587/588); class: variant	cn
300	0589	a	Innocentium in hac inscriptione singulos episcopos, qui in ipsa concilii epistola praenominati fuerant, appellasse eo probabilius est, quod rescripti hujus ea sola supersint exemplaria, quae pariter in epistola superiore, Aurelio nominato, episcopos caeteros sub generali formula indicabant.	INNOCENTIUS SILVANO seni, VALENTINO, (a) et caeteris	yes, key read at the plate 2026-09-23 (PDF p.300, corners 589/590); class: explanatory	cn
300	0589	b	In edit. Rom. et Concil., ex mss. Isid., modica: mendum, quod Garnerius corrigere de suo nisus, adjicit non ante modica.	consulta fideli ac (b) medica disceptatione tractamus	yes, key read at the plate 2026-09-23 (PDF p.300, corners 589/590); class: variant	cn
300	0589	c	In unis collectionis Isid. exemplaribus, et exinde apud Merl. et Crab., ex Milevitano ex nostra auctoritate concilio: glossema Mercatore dignum, ac merito in editione Rom. submotum. Quasi vero Innocentius concilii, quod ipsius auctoritate fuisset congregatum, litteras sibi inopinanter ingestas dixisset.	quas ex (c) Milevitano concilio cura fidei	yes, key read at the plate 2026-09-23 (PDF p.300, corners 589/590); class: explanatory	cn
300	0589	d	Merl., sive; Crab., saevae; aliae edit. Concil., post Rom. necnon Garner., obscaenae; rectius libri caeteri scaerae: quod et Lab. ad marg. annotavit. Deinde mss. Isid., dilectionis.	si quas magis ovium (d) scevae delectationis herba	yes, key read at the plate 2026-09-23 (PDF p.300, corners 589/590); class: variant	cn
300	0589	e	Quesn., seducantur.	ne vel suscipiendo tales, simili (e) caeterae ducantur exemplo	yes, key read at the plate 2026-09-23 (PDF p.300, corners 589/590); class: variant	cn
300	0589	f	Garn., consolatio. Edit. Rom. et Concil. cum mss. Isid., consultationis voluntas. In uno ms. Colb. exstat quidem consultationis, sed abest voluntas. Aptior est, uti Quesn. jam observavit, licet minus Latina vox consultio, quam alter codex Colb. exhibet. Sic porro id vocatur, quo in utraque parte consulunt, seu hoc utantur consilio, ut nec pertinaces admittant, nec spernant redeuntes.	et catholicae fidei plena (f) consultio	yes, key read at the plate 2026-09-23 (PDF p.300, corners 589/590); class: explanatory	cn
300	0589	g	Apud Aug., se corrigentem.	aut non recipere (g) corrigentem	yes, key read at the plate 2026-09-23 (PDF p.300, corners 589/590); class: variant	cn
300	0589	h	Garner. cum edit. Rom., apostolico consulitis honori, honori. Quesn. secundum unum ms. Colb., apostolici consulitis honoris arcanis, honoris. Nec differt alter codex Colb. nisi quod pro arcanis habet arcani. Isid. mss., apostolici consulitis honores arcani, honoris. Unus e Vaticanis, apostolici consulitis oneris arcana, oneris. Sincerior est lectio, quam hic post edit. concil. et Aug. repraesentamus. Hoc enim sibi vult: qui sedem apostolicam, cujus est arcana retegere, consulitis. Eodem loquendi modo Bonifacius I, epist. 5, n. 4, dicit quae hujus consulis sedis arcanum. Hinc liquet, perperam in margine Crab. arcam, loco vocis arcana, hic ascriptum esse.	Diligenter ergo et (h) congrue apostolici consulitis	yes, key read at the plate 2026-09-23 (PDF p.300, corners 589/590); class: explanatory	cn
300	0590	i	Ita nostri mss. Idem sonat et quod apud Merl.: Qui id etiam actione firmastis, nisi scientes. At edit. Rom. et Concil., post Crab., quid id etiam, suppresso deinde nisi: quod omittit pariter Quesn. praeferens antea quod etiam. Apud Aug., Qui id enim actione, etc. Apud Garner., Cur id enim actione, etc. Si cui istud, per omnes provincias de apostolico fonte petentibus responsa semper emanare, exaggeratum videatur, ipsi recolendum est quod Hieronymus epist. 110, nunc 91, scripsit: Cum in chartis ecclesiasticis juvarem Damasum Romanae urbis episcopum, et Orientis Occidentisque synodicis consultationibus responderem.	prudentiam. (i) Quid id etiam actione firmastis	yes, key read at the plate 2026-09-23 (PDF p.300, corners 589/590); class: explanatory	cn
300	0590	j	Utpote a quo ipse episcopatus et tota auctoritas nominis hujus emersit, quemadmodum in epistola superiori n. 1. habet; seu, ut Siricius epist. 5, n. 5, loquitur, per quem et apostolatus et episcopatus in Christo coepit exordium: quod et Innocentius noster epist. 2, n. 2, exscribit.	id est, sui nominis et honoris (j) auctorem referre debere	yes, key read at the plate 2026-09-23 (PDF p.300, corners 589/590); class: explanatory	cn
300	0590	k	Solus Quesn., se ab ecclesiastica communione sejungi. Mox Garner., fruetur, pro fungetur.	sententiae nostrae statutis (k) viderint ab ecclesiastica communione	yes, key read at the plate 2026-09-23 (PDF p.300, corners 589/590); class: variant	cn
300	0590	l	In edit. Rom. et Concil., tutabitur.	et beneficio vestro totus orbis (l) utetur	yes, key read at the plate 2026-09-23 (PDF p.300, corners 589/590); class: variant	cn
300	0590	m	Particula cum hic in uno ms. praemittitur.	quis saltem ipsam lucem vitae communione partiri? (m) Novae haereseos nimirum	yes, key read at the plate 2026-09-23 (PDF p.300, corners 589/590); class: variant	cn
301	0591	a	In veteribus edit. concil. ut apud Aug.: Advertat id tandem. In editis aliis ac duobus mss.: Adverte tandem: quibus et favet epistola 21 Coelestini. c. 7, ubi iste locus sic refertur: Adverte tandem o pravissimarum mentium doctrina. Quocirca licet ibi verborum Innocentii ordo mutetur, tamen propter auctoritatem tam antiquam ad retinendum adverte propenderemus, nisi repugnaret series orationis, in qua non audi, ut Garn. et Quesn. invitis mss. ediderunt, sed audiat legere est. Magis igitur placet cum nonnullis mss. advertens, seu attendens.	O pravissimarum mentium perversa doctrina! (a) Advertens tandem	yes, key read at the plate 2026-09-23 (PDF p.301, corners 591/592); class: explanatory	cn
301	0591	b	Quesn. cum uno ms. Colb, praesumptionis. Merl. et Crab., cum mss. Isid., in praevuricationis praesumptione.	in (b) praevaricationem praesumptione conciderit	yes, key read at the plate 2026-09-23 (PDF p.301, corners 591/592); class: variant	cn
301	0591	c	Solus Quesn., adventu.	statum pristinae libertatis Christi Domini (c) reformasset adventus	yes, key read at the plate 2026-09-23 (PDF p.301, corners 591/592); class: variant	cn
301	0591	d	Garner., si totum.	Quae in cassum dixerit, (d) si tantum in ejus	yes, key read at the plate 2026-09-23 (PDF p.301, corners 591/592); class: variant	cn
301	0591	e	Apud Quesn., gravius et dignius. Deinde pro dolore communi, substituunt Garn., dolore, communiter. Tum pro particula jam, quae in edit. Rom. est suppressa, male apud Merl. et Crab. exstat nam.	sibimet, immo, quod (e) est dignius dolore communi	yes, key read at the plate 2026-09-23 (PDF p.301, corners 591/592); class: variant	cn
301	0591	f	Duo mss. Colb., ad instruendum: quam lectionem Merl. et Crab. secuti sunt.	Multifariis (f) equidem, ad destruendum tale magisterium	yes, key read at the plate 2026-09-23 (PDF p.301, corners 591/592); class: variant	cn
301	0591	g	Garn., Ergone Dei.	(g) Ergo Dei gratiam conantur auferre	yes, key read at the plate 2026-09-23 (PDF p.301, corners 591/592); class: variant	cn
301	0592	h	Quesn., quippe qui nec aliquas; Garn., quippe nefarias. Neutri suffragantur nostri mss.	ramus; (h) quippe qui nec alias diaboli machinas	yes, key read at the plate 2026-09-23 (PDF p.301, corners 591/592); class: variant	cn
301	0592	i	Ita Quesn. ac duo mss. Colb. At Merl. cum alio ms. Colb, distingui: mendose. Nec melius alii libri, discindi. Dixit et Silius, dolos ratione discingere.	ceferi veritatis (i) possit ratione discingi	yes, key read at the plate 2026-09-23 (PDF p.301, corners 591/592); class: variant	cn
301	0592	j	Duo mss. Colb., prohibere a me. Pro qua re Pelagium.	Sinite infantes, et nolite (j) eos prohibere venire ad me	yes, key read at the plate 2026-09-23 (PDF p.301, corners 591/592); class: variant	cn
301	0592	k	In uno ms., capti.	de diaboli laqueis, a (k) quo captivi tenentur	yes, key read at the plate 2026-09-23 (PDF p.301, corners 591/592); class: variant	cn
301	0592	l	Edit. Rom. et Concil., quo ad ipsi perversae viae (Merl., secuti tramitem, aliae quem secuti sunt tramitem) deserere voluerint: castigantur ex mss.	eosque interim Dominico ovili non (l) recipi, quod ipsi	yes, key read at the plate 2026-09-23 (PDF p.301, corners 591/592); class: variant	cn
301	0592	m	Duobus in mss., nos.	Abscidendi sunt enim, (m) qui vos conturbant	yes, key read at the plate 2026-09-23 (PDF p.301, corners 591/592); class: variant	cn
301	0592	n	Supple, constringere par vindicta debet. Apud Quesn. hic adjicitur, digni sunt poena. haud scio an aliqua auctoritate. Horum loco apud Merl. et Aug. ex duobus mss. Vatic. habetur, digni sunt morte. Garnerius vero haec velut Scripturae verba repraesentat: Non solum enim digni sunt morte qui faciunt, sed etiam qui consentiunt facientibus. Tres illae lectiones interpolatoris operam eo magis subolent, quod in mss. nostris, ut in edit Rom., Crab. et aliis mera exstent Apostoli verba. Et ea quidem episcopis Scripturas callentibus indicasse satis fuit.	sed etiam qui consentiunt facientibus (Rom. I, 32) (n): quia non multum	yes, key read at the plate 2026-09-23 (PDF p.301, corners 591/592); class: explanatory	cn
301	0592	o	Particula duntaxat apud Aug. desideratur. Eamdem non solum praetermisit Garner. sed et Innocentii sententiam ita mutavit, Caveat custodia pastoralis. Quemadmodum is papa in epistolae hujus exordio pastores laudat, qui oves illicenter dudum petita vitantes, hoc est ad meliorem frugem conversas, custodiae pristinae circumspectione tuari non dedignantur; ita nunc oves illas, quae in errore pertinaciter permanent, carere vult custodia pastorali, seu a grege, qui pastorum custodiae commissis est, separari.	fixa sententia: absint atriis Domini, careant (o) dumtaxat custodia pastorali	yes, key read at the plate 2026-09-23 (PDF p.301/302, corners 591/592-593/594, note continues onto p.302 foot); class: explanatory	cn
302	0593	a	Garner. propria voluntate significavit. Verbum significavit exinde apud Aug. translatum.	quoniam Christus Dominus noster (a) propria voce signavit	yes, key read at the plate 2026-09-23 (PDF p.302, corners 593/594); class: variant	cn
302	0593	b	In uno ms. Colb. deest ad sanum, pro quo alter prae se fert sano, Quesn. sanum, Garn. sani.	si umquam (b) ad sanum deposito pravi dogmatis	yes, key read at the plate 2026-09-23 (PDF p.302, corners 593/594); class: variant	cn
302	0593	c	Apud Quesn., ut in uno ms. Colb., velut, pro vere. Hujus vocis loco Garn. substituit ores. Deinde apud Augustin. ex mss. Vatic., ut in marg. Labb., remanentes et exspectantes. Tum Merl. hostis rapidi. Aliae edit. Concil. cum Rom. hostis rapidis. At Garn. vocem rabidis omittit, nec ullam ei substituit.	ne dum eos redeuntes forsitan (c) prohibemus, vere extra ovile	yes, key read at the plate 2026-09-23 (PDF p.302, corners 593/594); class: variant	cn
302	0593	d	Garn. quas in semetipsas. Quesn. cum vetere exemplari Colb. quo auctore semetipsos quibusdam (Colb. ms. quosdam) spiritalis.	exspectantis hostis rabidis faucibus glutiantur, (d) quas in semetipsos spiculis	yes, key read at the plate 2026-09-23 (PDF p.302, corners 593/594); class: variant	cn
302	0593	e	In mss. Isid. Constantino. Apud Merl. Constantio consulibus. In aliis edit. concil. ac Rom. Constantio viris clarissimis (unus codex Colb. vv. cc.) consulibus. Apud Garner. Honorio XI et Constantio II coss. Ut accurata esset nota illa consularis, enuntiari sic deberet, Honorio Augusto XI et Constantio v. c. (hoc est viro clarissimo, non vv. cc. quod est viris clarissimis) consulibus. Verum ex epistolis 29 et 31, quae ex melioris notae mss. quam ista, ad nos transmissae sunt, reformanda est haec nota. Non enim videtur ambigendum, quin tres epistolas simul datas eadem ratione, adeoque post consulatum Theodosii VII et Junii Quarti, Innocentius consignarit. Sed quia post consulatum Theodosii VII et Junii Quarti Honorius et Constantius eadem dignitate insigniti sunt: conjectura est antiquarii alicujus opera ad marg. adjectam esse Honorio et Constantio cons. atque hoc scholion e margine in textum fuisse translatum.	Honorio et (e) Constantio viris clarissimis consulibus	yes, key read at the plate 2026-09-23 (PDF p.302, corners 593/594); class: explanatory	cn
302	0593	f	In edit. Concil. 26. Quae antem erat 59, nunc 5.	(f) EPISTOLA XXXI	yes, key read at the plate 2026-09-23 (PDF p.302, corners 593/594); class: variant	cn
302	0594	g	In ms. Corb., Dilectissimis fratribus Aurelio, Alypio, Augustino, Evodio, Possidonio Innocentius.	(g) INNOCENTIUS, AURELIO, ALYPIO, AUGUSTINO, EVODIO, POSSIDIO	yes, key read at the plate 2026-09-23 (PDF p.302, corners 593/594); class: variant	cn
302	0594	h	Garn hic contertio est, et infra integra relatio ita consistit, pro integra ratione consistit. Antea pro correctione, exstat in ms. Corb., correptione.	omnisque (h) contextio in consideratione quotidianae gratiae	yes, key read at the plate 2026-09-23 (PDF p.302, corners 593/594); class: variant	cn
302	0594	i	Apud Quesn. ut in ms. Pith., pos int. Rectius alii libri possit, scil. contextio litterarum. Deinde edit. Rom. et Concil. idoneo dato cuiris, nisi quod in vetustioribus edit. Concil. restat quovis. Apud Garner. idoneum cuivis, dato legis.	et idoneum (i) tollere possit errorem	yes, key read at the plate 2026-09-23 (PDF p.302, corners 593/594); class: variant	cn
302	0594	j	In edit. Merl., Crab, Garn. et Aug., ut in mss. Vatic., deesse. Praeferendum videtur cum aliis libris esse: quasi dicatur. Nec potest aliquando fieri, ut id vincat dogma, quod tam miserum tamque impium est, ut fidei nostrae virtute et ipsa veritate plenius vincatur.	nec potest (j) aliquando esse quod vincat	yes, key read at the plate 2026-09-23 (PDF p.302, corners 593/594); class: explanatory	cn
302	0594	k	Vatic. mss., quid requirit.	qui sibi hoc abstulit, (k) ulterius quid reliquit	yes, key read at the plate 2026-09-23 (PDF p.302, corners 593/594); class: variant	cn
302	0594	l	Merl., defixit, Garner., devinxerit. Inferius Crab. et Lab., oberrans; et edit. Rom., aberrans pro abhorrens.	quos in sui defensionem perversitas (l) tanta devinxit	yes, key read at the plate 2026-09-23 (PDF p.302, corners 593/594); class: variant	cn
302	0594	m	Editi, infecti; Vaticanus ms., infectis: corriguntur ex veteri exemplari Colb. Haec respondent verbis quinque e. i-covorum n. 14. quod scandalum auditores et in perversum DILECTORES EJUS usquequaque spargere non cessant. Si enim cognoverint, etc.	penitus approbatur (m) adversum, affectu illorum et monitis	yes, key read at the plate 2026-09-23 (PDF p.302, corners 593/594); class: explanatory	cn
302	0594	n	Garner., nec diutius.... invadet.	(n) festinabunt, ne diutius mentem obsidens	yes, key read at the plate 2026-09-23 (PDF p.302, corners 593/594); class: variant	cn
303	0595	a	Unus codex Colb. ac Pith. cum Corb. a 1 manu, seu hic illi, etc. Alter ut apud Quesn., seu hic aliqui decepti sint, quos nescientes.	hac affirmatione decepit, (a) seu hac illi in urbe	yes, key read at the plate 2026-09-23 (PDF p.303, corners 595/596); class: variant	cn
303	0595	b	In uno ms., quolibet nostrorum.	vel talia (b) aliquo nostrorum praesente jactare	yes, key read at the plate 2026-09-23 (PDF p.303, corners 595/596); class: variant	cn
303	0595	c	Apud Garner., nec ubi lateat possit. Inferioris notae mss., nec deprehendi aliquis facile vel alicubi.	in tanta populi multitudine (c) deprehendi aliquis facile	yes, key read at the plate 2026-09-23 (PDF p.303, corners 595/596); class: variant	cn
303	0595	d	Loco particulae nec, Garner. substituit vix.	3. Nobis (d) tamen nec persuaderi potest	yes, key read at the plate 2026-09-23 (PDF p.303, corners 595/596); class: variant	cn
303	0595	e	Garner. e priscis Augustini edit. huc revocavit, a nostris quibusdam laicis. Diospolitanae synodi gesta hic memorantur.	quamvis ad (e) nos a nescio quibus laicis	yes, key read at the plate 2026-09-23 (PDF p.303, corners 595/596); class: explanatory	cn
303	0595	f	Merl. et Crab., executione; deinde Garner., innotuerint: refragantibus aliis libris.	quod sub nulla illius (f) concilii prosecutione venerunt	yes, key read at the plate 2026-09-23 (PDF p.303, corners 595/596); class: variant	cn
303	0595	g	Apud Quesn. quid judicaverint, quod et secundis curis habet codex Navarreus: qui quidem cum aliis Isidori exemplaribus prae se ferebat quid judicaverunt. Posteriores edit. Concil., qui judicarerunt. Apud Aug. qui dijudicaverunt. In edit. Rom., ut in mss. Colb., Pith. et Corb., quid judicaverant. Ad haec propius accedit quod ex Merl., Crab., etc., revocamus qui dijudicaverant. At istud Garn. quod judicaverant more ecclesiastico indicare, glossema sapit.	ut illos cogeret (g) epistolis suis quid judicaverant	yes, key read at the plate 2026-09-23 (PDF p.303, corners 595/596); class: explanatory	cn
303	0595	h	Unus e mss. Colb., quod ad tempus. Totum hunc locum ita Garn. exhibet, quam vera ratione purgavit negando, alia falsa interpretando, ne ad tempus quidem videri potuerit absolutus, verbis demptis additisve aut loco motis praeter fidem aliorum librorum. Ex hac Innocentii narratione suspicari est non sincera ad eum missa esse Diospolitanae synodi gesta, sed ea quae Pelagius adulteraverat, quaeque defensionis suae chartulam vocabat, qualia et ad Augustinum idem haereticus miserat. Certe cum operam dedisse, ut adulterata illa gesta usquequaque discurrerent, suspicatur et Augustinus lib. de Gestis Pelagii, n. 57, ubi ait: Quis non credat id fuisse procuratum, ut tamquam pro gestorum illorum breviatione ista charta usquequaque discurreret? Nec immerito opinemur ignotos illos viros, qui scriptum memoratum detulerunt, Pelagio addictos fuisse, atque id Innocentio tradidisse, quod magistro suo favore persuasum haberent. Jure igitur Innocentius de gestis illis, utrum vera sint, dubitare se superius ait, inferiusque repetit.	quam vera ratione (h) ut ad tempus videri poterat	yes, key read at the plate 2026-09-23 (PDF p.303, corners 595/596); class: explanatory	cn
303	0596	i	Apud Aug. ut in mss., verum. Mox Lab., post edit. Rom. et Merl., gestorum judicio: mendose.	ut videatur (i) vere et approbetur ab omnibus	yes, key read at the plate 2026-09-23 (PDF p.303, corners 595/596); class: variant	cn
303	0596	j	Quesn. praemisso antea, Qui si se confidit, hic subjicit, ut confirmet verum esse quod dicat, aut etiam hoc totum, etc., merum glossema, quod neque in veteribus Codicis ab ipso vulgati exemplaribus deprehendimus. In edit. Rom. desideratur conjunctio aut ante jam hoc totum. A Garnerio et exinde in nova Aug. editione ita vulgatus est hic locus: Quod si confidit novitque nostra dignum se esse damnatione, quod dicat jam totum hoc refutare (apud Aug., refutasse) quod dixerat. Nostra lectio eo est potior, quod non solum ad veterum codicum fidem expressa, sed et caeteris plenior atque integrior est. Hoc enim sibi vult Innocentius, ut si Pelagius confidat damnatione dignum non esse quod etiam nunc dicat ac doceat, vel jam refutasse seu retractasse ac repudiasse quod pridem dixerat ac docuerat, ipse de absolutione sua certus Romam debeat properare.	novitque non nostra (j) dignum esse damnatione	yes, key read at the plate 2026-09-23 (PDF p.303, corners 595/596); class: explanatory	cn
303	0596	k	Editi, acceptis; Pith. ms., acceptus. Concinnius Corb., accitus. Paulo ante pro accersiri, in ms. Vatic. exstat acciri.	quando se nostro judicio, (k) quibusvis accitus litteris	yes, key read at the plate 2026-09-23 (PDF p.303, corners 595/596); class: variant	cn
303	0596	l	Istud pene, ac superiora verba, multa contra Dei gratiam legimus esse conscripta, ex editione Aug. et mss. Vatic. et Corb. cum deessent in aliis, sunt restituta.	nihil quod placeret, (l) nihil pene quod non penitus	yes, key read at the plate 2026-09-23 (PDF p.303/304, corners 595/596-597/598, note continues onto p.304 foot); class: variant	cn
304	0597	a	Edit. Rom. et Concil. totam rem. Corb. ms., totum. Verius editi alii et scripti libri, totam, scilicet legem. Ut enim annotavit Quesnellus, alludit Innocentius ad illud Apostoli Rom. VII, 1: scientibus enim legem loquor. Ita et postea Coelestinus Ephesinam synodum alloquens epist. 17, n. 4, ait: His omnibus breviter animati, quia, sicut ait Apostolus, scientibus legem loquor.	duximus; cum vobiscum (a) totam scientibus	yes, key read at the plate 2026-09-23 (PDF p.304, corners 597/598); class: explanatory	cn
304	0597	b	In tribus mss. ut in edit. Concil., prudentes. Rectius alii libri imprudentes, hoc est imperitos ac rudes, qui legem minus calleant. Quocirca proximum melius perinde est atque opportunius et convenientius.	quos harum constat (b) rerum imprudentes esse	yes, key read at the plate 2026-09-23 (PDF p.304, corners 597/598); class: explanatory	cn
304	0597	c	Garn., qualiter vel iis possit subveniri, quos non scelus huc, sed magis error induxit: corrupte. Hic erroris auctor ab iis, quos ille seduxit, distinguitur.	agendum (c) est quatenus vel iis possit subveniri	yes, key read at the plate 2026-09-23 (PDF p.304, corners 597/598); class: explanatory	cn
304	0597	d	Apud Quesn. ut in edit. Rom. et Concil. ac plerisque mss. desunt quae subsequuntur. Horum loco substituit Garner., Honorio XI et Constantio II coss. Qui Corbeiensem pinxit codicem, nisi vetustius sit mendum, sinceram lectionem prae oculis habens, eam ex imperitia sic depravatam exhibuit: Pridie kalendas Februarias gloriosissimi Theodosii qui et Junii quarti Palladii v. c. coss. Nempe, ut in novissima Augustini editione observatum fuit, notam p. c. loco movens, et cum VI kalendas conjungens, inde fecit pridie kalendas; et loco Theodosii VII aug. legit Theodosii qui. Ex collatione epistolae 29, ut manifestus fit utrique lapsus, ita et restauratur. Eadem inscriptio in ms. Vatic. ita effertur: Data kal. Februarii post. cons. Theodosii aug. et Junii Quarti Palladii, omissis scil. duabus numericis notis.	Februarias (Jan. 27, ann. (d) 417) post consulatum gloriosissimi	yes, key read at the plate 2026-09-23 (PDF p.304, corners 597/598); class: explanatory	cn
304	0597	e	In edit. Concil. 27. Quae autem 32 erat, nunc 35. In veteribus Codicis a Quesnello vulgati nec non collectionis Isidori exemplaribus habetur, inscribiturque magno consensu epistola familiaris. Eodem tempore, quo tres superiores, scripta ac per eumdem episcopum Julium missa est.	(e) EPISTOLA XXXII	yes, key read at the plate 2026-09-23 (PDF p.304, corners 597/598); class: explanatory	cn
304	0597	f	Edit Rom. et Concil., melius se orsa mercantur: corriguntur ex mss. Mox extrinsecus missae, id est separatim scriptae.	charitatis officia (f) melius seorsum mercantur	yes, key read at the plate 2026-09-23 (PDF p.304, corners 597/598); class: variant	cn
304	0597	g	Vetus exemplar Cod. Quesn., respondere maluimus, ne apud nos forsitan, mox omisso frater charissime.	missae (g) respondere gestivi	yes, key read at the plate 2026-09-23 (PDF p.304, corners 597/598); class: variant	cn
304	0597	h	In priscis edit. Concil. ac Rom. perperam hic vox dignum et praeter fidem mss. additur. Porro judicata appellat Innocentius responsa, quae apostolicae sedis de rebus ad ipsam relatis judicium indicent. Haec duo verba, judicatum et constitutum Vigilio papae et Gregorio synonyma esse suo loco visuri sumus.	cum apostolicae (h) sedis ad relationem duplicis synodi	yes, key read at the plate 2026-09-23 (PDF p.304, corners 597/598); class: explanatory	cn
304	0598	i	Nota consularis hic praetermissa, ex superioribus epistolis est supplenda.	Data sexto kalendas (i) Februarias	yes, key read at the plate 2026-09-23 (PDF p.304, corners 597/598); class: variant	cn
305	0600	a	In edit. Concil. 34. Quae autem 33 erat, nunc 34.	(a) EPISTOLA XXXIII	yes, key read at the plate 2026-09-23 (PDF p.305, corners 599/600); class: variant	cn
305	0600	b	Hieronymi sicut et Eustochii ac Paulae ad Innocentium litteras ab Aurelio ipso perlatas fuisse hinc sibi nonnulli secundum Baronium persuadent. Hic tamen Aurelius in Urbem perveniendi affectionem habere, non pervenisse memoratur. Nec si exstitisset coram, litteris istis opus fuisset. Satius igitur censuerimus eum, ut ab aliquo e suis deferrentur, operam dedisse.	Piissimam etiam ad nos (b) perveniendi tuam affectionem	yes, key read at the plate 2026-09-23 (PDF p.305, corners 599/600); class: explanatory	cn
305	0600	c	In edit. Concil. 32. Quae autem 34 erat, nunc 33.	(c) EPISTOLA XXXIV	yes, key read at the plate 2026-09-23 (PDF p.305, corners 599/600); class: variant	cn
305	0600	d	Ita corrigendum duxeramus, quod nullo, immo Innocentii menti contrario sensu ita vulgatum erat, magisque diuturna, cum ex ipsius archetypi Vaticani recognitione conjectura nostra firmata est, ac mendum ex mera librarii in legendis veteribus libris imperitia natum esse didicimus. Respicit Innocentius ad istud Pauli Tit. III, 10: Haereticum hominem post primam et secundam correptionem devita. Id vero maxime docet ille papa de haeretico pertinaci et fraudulento, qualis erat Pelagius, qui fallere magis studebat et haeresim suam tegere, quam quaerere veritatem.	correptiones primum fieri (d) jubet magis, quam diuturna	yes, key read at the plate 2026-09-23 (PDF p.305, corners 599/600); class: explanatory	cn
305	0600	e	Baronius rejecto ad oram libri aspicitur, quod hic perinde est atque consideratur, substituit in textu accipitur.	Quae regula dum negligenter (e) aspicitur, malum non vitatur	yes, key read at the plate 2026-09-23 (PDF p.305, corners 599/600); class: explanatory	cn
305	0600	f	In ms. Vatic. deest ratio. Aliquod aliud vocabulum ad integritatem sententiae desideratur. Integrior erit, si legatur, ut nulla ratio.	(f) ut ratio non tractandi consulendique sit	yes, key read at the plate 2026-09-23 (PDF p.305, corners 599/600); class: explanatory	cn
305	0600	g	In edit. Concil. post Baron. qui exspectat. Verius Rom. cum ms. Vatic. quia exspectet. Nitidior fiet haec lectio ita constructa: Quisque (ceu quisquis) injuria aut periculo pro veritate percelletur, quia is beatitudinem exspectet, ipsi multis saepe narratis, seu exposuistis. Ex quo sequitur, ut hujusmodi vir, cum spe beatus sit, minus sit lugendus.	aut, ut dicis, periculo (g) percelletur, quia exspectet beatitudinem	yes, key read at the plate 2026-09-23 (PDF p.305, corners 599/600); class: explanatory	cn
305	0600	h	Edit. Rom., et tu averte praedicationum; caeterae, et tuae verbis praedicationis: ope ms. Vatic. exstat tuarum te praedicationum, castigantur.	multis saepe narratis, (h) et tuarum te praedicationum	yes, key read at the plate 2026-09-23 (PDF p.305, corners 599/600); class: variant	cn
305	0600	i	Integrior fiet hic locus, si ita legatur: ne si circa ecclesiam sibi creditam adhuc tale aliquid fiat, quale providere eum oportuit ne accideret, vel ne accidat. Hic memorat Innocentius quod sub epistolae sequentis initium ad Joannem scribit: Oportuit custodire germanitatem tuam, et gregi suo sollicitius providere, ne quid hujusmodi oriretur, necnon alia, quibus eamdem epistolam claudit. Cum iis, quae Innocentius nunc scribit, haec Augustini lib. de Gestis Pelagii, n. 66, conferenda sunt de iisdem malis verba: Impia tiones, cum plus se adhuc metuere dicant, quam conquerantur esse perpessas? Altius censerem, si essent aliquid de hac re mecum apertius collocutae. Vide, frater, antiqui hostis insidias, et spiritu boni rectoris pervigila, ut haec, quae ad nos opinione magis, quam accusatione manifesta, delata sunt, vel corrigantur, vel retundantur: ne jus ecclesiasticum de labefactatis causas eum, qui non defenderit, praestare compellat.	(i) ne quid circa ecclesiam sibi creditam	yes, key read at the plate 2026-09-23 (PDF p.305/306, corners 599/600-601/602, note continues onto p.306 foot); class: explanatory	cn
306	0601	a	In edit. Concil. 32.	(a) EPISTOLA XXXV	yes, key read at the plate 2026-09-23 (PDF p.306, corners 601/602); class: variant	cn
306	0601	b	Placuit aliquando cum Baronio et edit. Concil. dementiae: sed nobis postmodum visum est potius hinc laudari sanctas virgines velut extremae clementiae, quod infesti hominis nomen odiorumque causam reticuerint: adeoque Romanae editionis lectioni haerendum.	omne facinus, (b) extremae clementiae generosissimae	yes, key read at the plate 2026-09-23 (PDF p.306, corners 601/602); class: explanatory	cn
306	0601	c	Hujus facinoris suspicio in Pelagium cadebat.	Quod etsi ambiguum non (c) sit a quo commissum	yes, key read at the plate 2026-09-23 (PDF p.306, corners 601/602); class: variant	cn
306	0601	d	Ita Baron. At edit. Rom. gregis. Is primus est locus, ex quo epistolam hanc e Graeco conversam conjecimus. Nam quod Graece τῷ ποιμνίῳ ἑαυτοῦ seu αὐτοῦ, si Latine non ad verbum gregi illius, sed ut locutio Latina postulat, gregi suo reddatur, quae manca primum et obscura apparebat orationis series, plena et aperta fiet.	custodire germanitatem tuam, (d) et gregi illius sollicitius	yes, key read at the plate 2026-09-23 (PDF p.306, corners 601/602); class: explanatory	cn
306	0601	e	Edit. Rom. et Concil., amittere gregem, ex prava lectione veterum librorum, in quibus ammittere pro admittere scribi solet: corriguntur ex Baronio, apud quem tamen deinde non levius exstat erratum.	tua lacessit (e) negligentia admittere in gregem	yes, key read at the plate 2026-09-23 (PDF p.306, corners 601/602); class: explanatory	cn
306	0601	f	Redolet et alter iste locus Graecum Latine ex more linguae suae loquentem, et qui cum Graece τὴν εὐσέβειαν praelegisset, articulum τὴν vocabulo illam Latine exprimendum existimarit. Deinde Latinius tanta... potestas, quam de tanta... potestate, dixisset.	Nihil movet (f) pietatem illam sacerdotii tui	yes, key read at the plate 2026-09-23 (PDF p.306, corners 601/602); class: explanatory	cn
306	0601	g	Apud Baron., sacerdotii.	prorsus (g) enim sacerdotis gravitatem condemnat	yes, key read at the plate 2026-09-23 (PDF p.306, corners 601/602); class: variant	cn
306	0602	h	Editi, causis, pro quo verbo causam, hoc est rationem, restituendum esse jam conjeceramus, cum in archetypo causas legi didicimus. Porro jus ecclesiasticum recto in casu hic enuntiatur.	de labefactatis (h) causas eum, qui non defenderit	yes, key read at the plate 2026-09-23 (PDF p.306, corners 601/602); class: explanatory	cn
306	0602	i	In edit. Concil. 9. Inter Innocentii decreta Dionysius Exiguus epistolae huic 37 locum tribuit. Eam inde sumpsit Hispanae collectionis compilator, ex quo et Isidorus, ut solet, eamdem exscripsit. A Cresconio c. 226 laudatur. Nullam prae se fert temporis, quo scripta sit, notam. Quapropter eam in classem epistolarum incerti temporis amandare cogimur.	(i) EPISTOLA XXXVI	yes, key read at the plate 2026-09-23 (PDF p.306, corners 601/602); class: explanatory	cn
306	0602	j	Hic Probus filius exstitisse videtur Probi praefecti praetorio et Probae Faltoniae insignis illius matronae, de qua et de liberis ejus Hieronymus epist. 8, ad Demetriadem, haec habet: Proba illa omnium dignitatum et cunctae nobilitatis in orbe Romano nomen illustrius, cujus sanctitas et in universos bonitas etiam apud barbaros venerabilis fuit, quam trium liberorum Probini, Olybrii et Probi non fatigarunt ordinarii consulatus: et cum incensis direptisque domibus in Urbe captivitas sit, nunc habitas dicitur renumdare possessiones. Ursa quidem captivitate illa, quae anno 409, mense Augusto, Urbe ab Alarico expugnata, accidit, abducta facile creditur, sed quando redierit ignoratur.	(j) INNOCENTIUS PROBO	yes, key read at the plate 2026-09-23 (PDF p.306, corners 601/602); class: explanatory	cn
306	0602	k	Ita edit. Rom. cum sincero Dion. exemplari Regio. Alii vero libri, legis.	barbaricae (k) facultati legum intulit casum	yes, key read at the plate 2026-09-23 (PDF p.306, corners 601/602); class: variant	cn
306	0602	l	Conjugium, quod catholica fides divina gratia fundatum censet, merito credimus sacramentum. Simili de causa simile Leonis epist. 149, n. 2, postea responsum fuit. Sub uno etiam canone 226 Cresconius utriusque pontificis responsa indicat. Antea Ter- [note continues past page 306, into S6's range]	illud esse conjugium, quod erat (l) primitus gratia divina fundatum	yes, key read at the plate 2026-09-23 (PDF p.306, corners 601/602, note continues past this page's foot — beyond S5 range); class: explanatory	cn
307	0603	a	In edit. Concil. 4. In quinque titulos seu decreta XXVIII, XXIX, XXX, XXXI et XXXII, a Dionysio Exiguo divisa est. Citatur a Cresconio non semel. Extat et in Hispana, ut in Isidori collectione.	## EPISTOLA (a) XXXVII. 1.	yes, key read at the plate 2026-09-23 (PDF p.307, corners 603/604); class: explanatory	cn
307	0603	b	Ita codex Regius, ubi in aliis, Nuceriano.	INNOCENTIUS FELICI episcopo (b) Nucerino	yes, key read at the plate 2026-09-23 (PDF p.307, corners 603/604); class: variant	cn
307	0603	c	Editi, faciendum pronuntiet, omissa conjunctione, quae revocatur ex mss.	des apostolica ex ipsis rebus dubiis certum aliquid (c) faciendumque pronuntiet	yes, key read at the plate 2026-09-23 (PDF p.307, corners 603/604); class: variant	cn
307	0603	d	Reg. ms., labsu aliquo.	Cui vero (d) casu aliquo contigit	yes, key read at the plate 2026-09-23 (PDF p.307, corners 603/604); class: variant	cn
307	0603-0604	e	In eodem codice, voluntas est quae sibi ausa fuerit ferrum incidere, omisso judicata; quod verbum perinde est atque damnata, utpote cui mox veniam meruit opponitur. Judicii autem hujus ea subjicitur ratio, quod is judicaturus non dubitaturus hoc in alios committere, seu nullo scrupulo commissurus, quod in se ipse commississet. Hinc non placet quod subinde in vulgatis, dubitari. Tum in ms. Reg., possint; quod verbum ad eos quorum voluntas arguitur, non ad ipsam voluntatem relatum, admitti nil repugnat.	In illis enim (e) voluntas judicata est	yes, key read at the plate 2026-09-23 (PDF p.307, corners 603/604); class: explanatory	cn
307	0604	f	Lab. ut in ms. Reg., bigamis. Elegantius alii libri, digamis.	CAP. II. -- 4. De (f) digamis autem nec consuli debuit	yes, key read at the plate 2026-09-23 (PDF p.307, corners 603/604); class: variant	cn
307	0604	g	Hoc verbo designatur advocatus, qui poenas a judicibus adversus reos decerni postulat, sicut mox administrantis voce indicatur judex, cujus est hujusmodi rebus ac tormenta decernere. De utroque aliquando dubitavit Exsuperius Tolosanus episcopus, utrum etiam ad communionem admittendi essent. Qua de re consultus Innocentius epist. 6, cap. 3 et 5, ei respondet.	hoc est, (g) postulaverit, si quis fidelis administraverit	yes, key read at the plate 2026-09-23 (PDF p.307, corners 603/604); class: explanatory	cn
307	0604	h	Sic Dion. quod nec in exemplaribus ab Hadriano ad Carolum Magnum missis mutatum. At mss. coll. Hisp. et Isid. ut in vulgatis, concubinam. Notandum est Innocentium iis, qui uxorem duxerint, aditum ad clerum ita permittere, ut eos vita, ex quo baptizati sunt, innocenter actae testimonium habere velit.	et si non (h) concubam, non pellicem noverint	yes, key read at the plate 2026-09-23 (PDF p.307, corners 603/604); class: explanatory	cn
307	0604	i	Vox omnibus a Crabbio primum expuncta, nec deinceps restituta, revocatur ex Merl. et mss.	si in omnibus (i) bonis operibus vigilaverint	yes, key read at the plate 2026-09-23 (PDF p.307, corners 603/604); class: variant	cn
307	0604-0605	j	Exemplar Reg., in omnibus officiis. Ex hoc loco perspicitur quam frivolum sit quod scribit imperitus scriptor, qui cum Romanos pontifices semel tantum per annum mense Decembri ordinare consuevisse sibi persuasisset, eos qui ordinati fuerant, nulla nisi necessitatis lege ad annum alterum exspectare debuisse obtendit, ut ad altiorem gradum proveherentur.	quia in (j) minoribus officiis	yes, key read at the plate 2026-09-23 (PDF p.307, corners 603/604); class: explanatory	cn
308	0605	a	In edit. Concil. 5. Haec epistola in Dionysiana collectione, unde in Hispana et Isidoriana transcripta, locum obtinet, inscribiturque Innocentii titulus seu decretum xxviii.	## EPISTOLA (a) XXXVIII.	yes, key read at the plate 2026-09-23 (PDF p.308, corners 605/606); class: explanatory	cn
308	0605	b	Editiscum mss. coll. Hisp. et Isid. in rebus hujusmodi qualem querelam: castigantur ex Dionys. et Hadrian. exemplaribus.	agens in rebus (b) cujusmodi querelam	yes, key read at the plate 2026-09-23 (PDF p.308, corners 605/606); class: variant	cn
308	0605	c	Ita mss. coll. Dion. et Hadr. Alii vero cum vulgatis, si convicti fuerint; et mox tractare, pro tentare. Non me fugit quod Afri Cod. can. eccl. Afr. c. 4, sancientes, ut episcopus, presbyter, et diaconus, vel qui sacramenta CONTRECTANT, pudicitiae custodes ab uxoribus se abstineant, postremae lectioni favere videantur. At nequaquam recedendum duximus a mss. quos experti sumus sinceriores: maxime cum hic de solis presbyteris sit sermo, ac nomine sanctorum non una corporis et sanguinis Christi sacramenta, sed quaecumque ad presbyterorum ministerium pertinent, intelligantur. Quocirca verbum tentare, quo generalius est, eo etiam ad id enuntiandum est aptius.	(c) si convinci potuerint	yes, key read at the plate 2026-09-23 (PDF p.308, corners 605/606); class: explanatory	cn
308	0605	d	Reg. ms., polluunt.	vivendo illicite (d) polluerunt	yes, key read at the plate 2026-09-23 (PDF p.308, corners 605/606); class: variant	cn
308	0606	e	In edit. Concil. 6. Collectioni Hispanae et Isidori inserta est secundum Dionysium Exiguum, qui eam sub titulo XXXIV decretorum Innocentii subjecit.	## EPISTOLA (e) XXXIX.	yes, key read at the plate 2026-09-23 (PDF p.308, corners 605/606); class: explanatory	cn
308	0606	f	In vulgatis, Mauriano, Reg. ms., Martino. Caeteri, Mariano.	et (f) Mariano epicopis Apulis	yes, key read at the plate 2026-09-23 (PDF p.308, corners 605/606); class: variant	cn
308	0606	g	Non conceptis quidem verbis, sed quia illud sanciunt hujus concilii patres, unde istud consequens esse intelligitur. Immo cum can. 10 sequi se profitentur ecclesiasticam ea de re regulam, hanc jam ante constitutam ponunt. Et vero ad eos omnes, qui aliqua gravis peccati macula contaminati sunt, attinet ea ratio, qua Cyprianus, epistola 72, eos qui ab haeresi vel schismate ad Ecclesiam redirent, communi fratrum consensu a clero arcet ac removet: Oportet enim sacerdotes ac ministros, qui altari et sacrificiis deserviunt, integros atque immaculatos esse.	poenitentes etiam ab infimis officiis clericorum (g) excludant	yes, key read at the plate 2026-09-23 (PDF p.308, corners 605/606); class: explanatory	cn
308	0606	h	Crab. atque alii deinceps editi, ab episcopatus ambitione; Merl. atque omnibus mss. refragantibus. Neque vero tantum ab episcopatu arcetur Modestus, sed a quolibet etiam gradu, quem nondum erat adeptus, et ex quo ad episcopatus apicem tendebat.	non solum (h) ab ambitione	yes, key read at the plate 2026-09-23 (PDF p.308, corners 605/606); class: explanatory	cn
308	0606	i	In edit. Concil. 8. In collectionibus Isidori, Hispana et Dionysii exhibetur. Apud hunc decretum xxxvi Innocentii appellatur.	## EPISTOLA (i) XL.	yes, key read at the plate 2026-09-23 (PDF p.308, corners 605/606); class: explanatory	cn
308	0606	j	Ita veteres coll. Dion. et Hadr. codices. Alii autem, Florentio.	INNOCENTIUS (j) FLORENTINO episcopo Tiburtinensi	yes, key read at the plate 2026-09-23 (PDF p.308, corners 605/606); class: variant	cn
308	0606	k	In Regio ms. Faciliensem. Deinde paroeciae vocabulum, non ecclesiarum plurium collectionem episcopo subjectam, quo sensu priscis temporibus vulgo...	Nomentanam sive (k) Feliciensem paroeciam	yes, key read at the plate 2026-09-23 (PDF p.308, corners 605/606); class: explanatory	cn
309	0606-0607	a	Pasch. Quesnellus in i Leonis epistolam, not. 4, pro certo ponens vocem DIOECESIS vix illis temporibus (Leonis) esse prolatam a Romanis vel Orientalium partium episcopis pro parochia provinciali alicui episcopo subjecta, hunc sibi objicit Innocentii locum, in eoque sibi videri ait, vocem dioecesis sumi pro administratione, licet hanc eo, quo nunc frequens est, usu et tunc Afris, et post Leonis tempora Gallis familiarem fuisse fatetur. At cum dioceceses, prout haec vox administrationem sonat, duae tantum in Italia tunc essent, Romana scilicet, cui Romanus praeerat antistes, et Italica, quae Mediolanensi episcopo suberat, eo intellectu Nomentana paroecia ad Romani antistitis, non ad Ursi aut Florentini dioecesim pertinebat. Sed et dioecesis vocabulum pro territorio episcopali ab Hilaro Leonis successore, ut et a Gelasio, Vigilio, etc., usurpatum visuri sumus. Idem ejus usus est tum in Augustini epistola 209, n. 8, tum in his concilii Toletani i. can. 20: Placuit ex hac die nullum alium, nisi episcopum, chrisma conficere, et per DIOECESIM destinare.	ad suam (a) dioecesim a majoribus pertinentem	yes, key read at the plate 2026-09-23 (PDF p.309, corners 607/608); class: explanatory	cn
309	0607	b	Crabbins de suo hic addidit culpam: quae vox nequaquam non leviter, sed non levem postulabat. Neque tamen postea castigatus fuit. Porro incurrere et offendere Tullio synonyma sunt.	non leviter te (b) incurrisse cognoscas	yes, key read at the plate 2026-09-23 (PDF p.309, corners 607/608); class: explanatory	cn
309	0607	c	Editi, post Crab., memoratis. Concinnius Merl. et mss. memorati, scil. Ursi. Deinde intentionibus id est quod expostulationi. Quippe antiquis intentio pro controversia et expostulatione seu hac intenta familiaris est.	ut (c) memorati possis intentionibus respondere	yes, key read at the plate 2026-09-23 (PDF p.309, corners 607/608); class: variant	cn
309	0607	d	In edit. Concil. 20 Trium seu quatuor collectionum saepius nominatarum ope ad nos pervenit. Apud Dionysium praenotatur Innocentii decretum XLIX de Bonosiacis, quod Judaei sint comparandi. Quae summa exinde ab aliis canonum compilatoribus ex-[cerpta est, ut infra n. 6 et 7 videbimus.]	## EPISTOLA (d) XLI.	yes, key read at the plate 2026-09-23 (PDF p.309, corners 607/608); class: explanatory	cn
309	0607	e	In aliquot mss., Siniensi. Apud Merl., Symensi.	episcopo (e) Seniensi	yes, key read at the plate 2026-09-23 (PDF p.309, corners 607/608); class: variant	cn
309	0607	f	Edit. Rom., rusticorum. Rectius alii libri, rusticanorum: qua voce non ruris incolae, sed homines doctrinae expertes designantur.	animas simplicium ac (f) rusticanorum secum in gehennam	yes, key read at the plate 2026-09-23 (PDF p.309, corners 607/608); class: variant	cn
309	0607-0608	g	Defensorum ecclesiae Rom. nomen ac munus si bene memini, nunc primum in epistolis summorum pontificum memoratum legimus. Sed non de eo munere ut recens instituto Innocentius loquitur. Eorumdem mentio ad calcem epistolae 9, Zosimi ad Hesychium recurret.	actum est adversus eos a (g) defensoribus Ecclesiae nostrae	yes, key read at the plate 2026-09-23 (PDF p.309, corners 607/608); class: explanatory	cn
310	0609	a	In haec verba Augustinus: << Nempe, inquit, manifestum est, eum dicere gratiam secundum merita dari, quamlibet eam vel qualemlibet significet; quam tamen aperte non exprimit. >>	et Dei gratiam (a) promereri, male utuntur libertate concessa	yes, key read at the plate 2026-09-23 (PDF p.310, corners 609/610); class: explanatory	cn
310	0609	b	His rursum subdit Augustinus: << Hanc ego legi; et inveni eum pene per totam non immorari nisi in facultate et possibilitate naturae, et pene ibi tantum Dei gratiam constituere. Christianam vero gratiam tanta brevitate perstringit, ut nihil aliud videatur, quam eam tacere timuisse. >>	<< Legant illam epistolam (b), quam ad sanctum virum Paulinum	yes, key read at the plate 2026-09-23 (PDF p.310, corners 609/610); class: explanatory	cn
310	0609	c	Hanc reperire se non potuisse Augustinus testatur. << Sed si, inquit, non est dissimilis caeteris, non habet etiam ipsa quod quaerimus. >>	Legant etiam epistolam (c) ad sanctum Constantium episcopum	yes, key read at the plate 2026-09-23 (PDF p.310, corners 609/610); class: explanatory	cn
310	0609	d	De hac ita idem Doctor loquitur: << Istam sane legi, mihique pene persuaserat, hanc illum gratiam, de qua quaestio est, confiteri. Sed cum in manus meas et alia venissent, quae posterius latiusque conscripsit, vidi quemadmodum potuerit etiam illic gratiam nominare, sub ambigua generalitate quid sentiret abscondens, gratiae tamen vocabulo frangens invidiam offensionemque declinans. >> In hoc autem Pelagii opere virus latens retexit Augustinus epist. olim 143, nunc 188, ad Julianam, ad cujus epistolae calcem hanc Pelagii ad Innocentium, immo et hunc ipsum locum non obscure notat ubi ait: << In quadam vero epistola sua idem Pelagius, ubi et nomen suum apertissime ponit, nec nomen sacrae virginis tacet, dicit ad eam se scripsisse, et ejusdem sui operis testimonio probare nititur, se gratiam Dei, quam vel tacere vel negare asseritur, apertissime confiteri. >>	Legant etiam quam (d) ad sacram Christi virginem Demetriadem	yes, key read at the plate 2026-09-23 (PDF p.310, corners 609/610); class: explanatory	cn
310	0609	e	[CONTINUES ONTO NEXT PAGE, cut off at foot:] De opusculo hoc ea est Augustini censura. << Quatuor sunt libri operis hujus, et hos legi... Sed in [continues on p.311]	Legant etiam recens meum (e) opusculum	yes, key read at the plate 2026-09-23 (PDF p.310, corners 609/610); note text truncated at foot of page, continues on p.311 which S6 also read and found no continuation printed (see PAGES.json remark); class: explanatory	cn
310	0610	f	Ad haec Augustinus loco citato: << Non sic illis haec objiciuntur, ut posuit. Nam neque parvulis negant baptismi sacramentum, nec absque redemptione Christi aliquibus coelorum regna promittunt... Objicitur autem illis, quod non baptizatos parvulos nolunt damnationi primi hominis obnoxios confiteri. >>	querebatur >> se ab hominibus (f) infamari	yes, key read at the plate 2026-09-23 (PDF p.310, corners 609/610); class: explanatory	cn
310	0610	g	Ista Pelagii verba in medium prolaturus Augustinus, praemittit: << Videte latebras ambiguitatis falsitati praeparare refugia, offundentem caliginem veritati; ita ut etiam nos, cum primum ea legimus, recta vel correcta propemodum gauderemus. Sed latiores, inquit, disputationes ejus in libris, ubi se quantumlibet operiat, plerumque aperire compellitur, fecerunt nobis et ista suspecta, ut attentius intuentes inveniremus ambigua. >>	dum eos baptizari et in Christo renasci (g) vetat	yes, key read at the plate 2026-09-23 (PDF p.310, corners 609/610); class: explanatory	cn
310	0610	h	Circa horum verborum intelligentiam quantum laborarit Augustinus ubi explicuit, adjicit: << Tam sunt ambigua, ut possint eorum dogmati praebere latibula, unde ad insidiandum prosiliat haereticus sensus. >>	et in perpetuam certamque vitam renasci (h) vetet eum	yes, key read at the plate 2026-09-23 (PDF p.310, corners 609/610); class: explanatory	cn
