idx	vol	startCol	cols	greek	english	note	author	title
0	100	37	122	yes	Y	Ignatius the Deacon's Life: Fisher in Talbot, Byzantine Defenders of Images (1998)	S. NICEPHORUS CP. PATRIARCHA	Vita S. Nicephori ex Actis Sanctorum Bollandianis
1	100	159	10	latin-only	N		S. NICEPHORUS CP. PATRIARCHA	Oratio de exsilio S. Nicephori et translatione reliquiarum ejus
2	100	169	36	yes	U	synodal letter to Leo III: possibly translated; check	S. NICEPHORUS CP. PATRIARCHA	Epistola ad Leonem III papam, ex Conciliis
3	100	205	329	yes	U	Antirrhetici: no complete English known to me; check	S. NICEPHORUS CP. PATRIARCHA	Antirrhetici tres adversus Constantinum Copronymum, ex editione card. Ang. Mai
4	100	534	316	yes	N		S. NICEPHORUS CP. PATRIARCHA	Apologeticus duplex pro sacris imaginibus, ex eodem
5	100	850	1	yes	N		S. NICEPHORUS CP. PATRIARCHA	Demonstratio altera de sacris imaginibus
6	100	851	12	yes	N		S. NICEPHORUS CP. PATRIARCHA	Canones, ex Conciliis
7	100	863	132	yes	Y	Mango, CFHB 13 (1990)	S. NICEPHORUS CP. PATRIARCHA	Breviarium historicum de rebus gestis post Mauricii imperium, ex editione Dionysii Petavii ab Immanuele Bekkero recognita
8	100	995	68	yes	N		S. NICEPHORUS CP. PATRIARCHA	Chronographia brevis, ab Adamo ad Michaelis et Theophili tempora, ab Augusto Carolo Credner Gissae anno 1822 auctior edita
9	100	1063	3	yes	N		S. NICEPHORUS CP. PATRIARCHA	Epistola ad Theodosium monachum et inclusum continens quarumdam quaestionum solutionem, ex Seunclavii Jure Graeco-Romano
10	100	1066	3	latin-only	N		S. NICEPHORUS CP. PATRIARCHA	Epistola ad eumdem de ligandi solvendique potestate
11	100	1069	117	yes	N	French only (Auzépy 1997)	STEPHANUS DIACONUS CP.	Vita S. Stephani junioris, monachi et martyris, ex Bernardi de Montefalconis et Jacobi Lopini, Benedictinorum monachorum, Analectis Graecis
12	100	1186	15	yes	N		PROCOPIUS DIACONUS CP. ET CHARTOPHYLAX	Encomium in S. Marcum Evangelistam, ex Actis SS. Bolland.
13	100	1201	14	yes	U	possibly excerpted in English work on Byzantine-Muslim polemic	S. GREGORIUS DECAPOLITA	Sermo historicus 'de visione quam cum habuisset Saracenus quidam, credidit, et propter Jesum Christum martyrio affectus fuit.'
14	100	1215	16	yes	N		CHRISTOPHORUS ALEXANDRINUS PATRIARCHA	Paraenesis in usus animarum 'demonstrans cuinam similis sit vita haecce hominum et in quem finem desinat.' (Homilia cui vita humana sit similis)
15	100	1271	20	latin-only	N		S. METHODIUS CP. PATRIARCHA	Oratio in Sanctam Agatham, ex Bibliotheca concionatoria Combefisii
16	100	1291	2	yes	N		S. METHODIUS CP. PATRIARCHA	Epistola ad patriarcham Hierosolymitanum de depositione apostatarum sacerdotum, ex Ang. Mai Bibliotheca nova Patrum
17	100	1293	2	yes	N		S. METHODIUS CP. PATRIARCHA	Epistola contra Studitas ex ejusdem Spicilegio, sed addita interpretatione nostra
18	100	1295	4	yes	N		S. METHODIUS CP. PATRIARCHA	De unitate Ecclesiae et obedientia pastoribus debita
19	100	1299	34	yes	N		S. METHODIUS CP. PATRIARCHA	De iis qui abnegarunt secundum diversas personas et aetates et ad orthodoxam veramque fidem revertuntur, ex Goari Rituali Graecorum
20	100	1333	194	yes	P	some Marian homilies may be in Cunningham, Wider than Heaven (2008); check	GEORGIUS NICOMEDIENSIS METROPOLITA	Orationes
21	100	1527		yes	N		GEORGIUS NICOMEDIENSIS METROPOLITA	Idiomela
22	101	45	1126	yes	N		PHOTIUS CONSTANTINOPOLITANUS PATRIARCHA	Photii Amphilochia, sive in sacras litteras et quaestiones diatribe
23	101	1189	86	yes	N		PHOTIUS CONSTANTINOPOLITANUS PATRIARCHA	Commentariorum in Novum Testamentum quae supersunt
24	101	1275		yes	N		PHOTIUS CONSTANTINOPOLITANUS PATRIARCHA	Supplementum ad quaestiones Amphilochianas
25	102	9	254	yes	N		PHOTIUS CONSTANTINOPOLITANUS PATRIARCHA	Contra Manichaeos libri quatuor, ex editione J. Christophori Wolfi
26	102	263	284	yes	Y	Holy Transfiguration Monastery (1983); Farrell (1987)	PHOTIUS CONSTANTINOPOLITANUS PATRIARCHA	De Spiritus sancti mystagogia liber, quem primus edidit et notis illustravit J. Hergenroether, in universitate Wirceburgensi theologiae doctor
27	102	547	28	yes	Y	Mango, The Homilies of Photius (1958)	PHOTIUS CONSTANTINOPOLITANUS PATRIARCHA	Homiliae, ex editione Franc. Combefisii
28	102	575	11	yes	N		PHOTIUS CONSTANTINOPOLITANUS PATRIARCHA	Carmina, ex Junio Bollandiano et Ang. Maio
29	102	586		yes	P	selected letters (to Boris-Michael, encyclical; White 1981)	PHOTIUS CONSTANTINOPOLITANUS PATRIARCHA	Epistolarum libri tres, ordine novo dispositi, ex Baronio, Montacutio, Combefisio, Franc. Scorso, Cotelerio, Ang. Maio, Jagero
30	103	41		yes	P	Freese vol. 1 (codd. 1-165, 1920); Wilson selection (1994)	PHOTIUS CONSTANTINOPOLITANUS PATRIARCHA	Myriobiblon sive Bibliotheca (codd. 1-249)
31	104	9	422	yes	P	Wilson selection (1994)	PHOTIUS CONSTANTINOPOLITANUS PATRIARCHA	Myriobiblon sive Bibliotheca (codd. 250-280)
32	104	441	534	yes	N		PHOTIUS CONSTANTINOPOLITANUS PATRIARCHA	Syntagma Canonum
33	104	975	244	yes	N		PHOTIUS CONSTANTINOPOLITANUS PATRIARCHA	Nomocanon
34	104	1219	20	yes	N		PHOTIUS CONSTANTINOPOLITANUS PATRIARCHA	Interrogationes decem cum totidem responsionibus
35	104	1239	67	yes	Y	Hamilton & Hamilton, Christian Dualist Heresies (1998)	PETRUS SICULUS ET PETRUS ARGORUM EPISCOPUS	Petri Siculi Historia Manicheorum
36	104	1306	45	yes	U	possibly excerpted in Hamilton & Hamilton (1998)	PETRUS SICULUS ET PETRUS ARGORUM EPISCOPUS	Ejusdem adversus Manichaeos sermones tres
37	104	1351	15	yes	N		PETRUS SICULUS ET PETRUS ARGORUM EPISCOPUS	Petri Argorum episcopi Oratio de conceptione B. Annae
38	104	1366	17	latin-only	N		PETRUS SICULUS ET PETRUS ARGORUM EPISCOPUS	Vita S. Athanasii Methonensis
39	104	1383	64	yes	N		BARTHOLOMAEUS EDESSENUS MONACHUS	Elenchus et confutatio Agareni
40	104	1447		yes	N		BARTHOLOMAEUS EDESSENUS MONACHUS	Contra Muhammed
41	105	15	472	yes	N		NICETAS DAVID PAPHLAGO	Orationes laudatoriae aliaeque nonnullae festivae
42	105	487	88	yes	Y	Smithies & Duffy, DOT 13 (2013)	NICETAS DAVID PAPHLAGO	Vita S. Ignatii archiepiscopi Constantinopolitani
43	105	575	2	yes	N		NICETAS DAVID PAPHLAGO	Fragmenta Expositionis in Lucae Evangelium
44	105	577	6	yes	N		NICETAS DAVID PAPHLAGO	Exegesis carminum arcanorum S. Gregorii Theologi
45	105	587	82	yes	N		NICETAS BYZANTINUS	Nicetae Refutatio epistolae regis Armeniae
46	105	669	180	yes	N		NICETAS BYZANTINUS	Confutatio dogmatum Mahomedis
47	105	849	6	yes	N		THEOGNOSTUS MONACHUS	Encomium in omnes sanctos
48	105	855	8	yes	N		THEOGNOSTUS MONACHUS	Libellus ad Nicolaum Papam in causa Ignatii archiepiscopi Constantinopolitani
49	105	863	68	yes	N		ANONYMUS	Vita S. Nicolai Studitae
50	105	931	46	yes	N		S. JOSEPHUS HYMNOGRAPHUS	Vita S. Josephi auctore Joanne diacono CP., ex Actis sanctorum Bollandianis
51	105	977	438	yes	N		S. JOSEPHUS HYMNOGRAPHUS	Mariale S. Josephi
52	105	1415	6	yes	N		S. JOSEPHUS HYMNOGRAPHUS	Canon in terrae motus periculo
53	105	1421		yes	N		S. JOSEPHUS HYMNOGRAPHUS	Laudatio in S. Bartholomaeum apostolum
54	106	15	163	yes	Y	Grant & Menzies, Joseph's Bible Notes (1996)	JOSEPPUS CHRISTIANUS	Libellus memorialis in Vetus et Novum Testamentum
55	106	178	29	latin-only	N		NICEPHORUS PHILOSOPHUS CHRISTIANUS	Vita S. Antonii Cauleae, patriarchae Constantinopolitani, ex Actis Sanctorum Bollandianis
56	106	207	280	yes	Y	Constantinou, FC 123 (2011)	S. ANDREAS CAESAREAE CAPPADOCIAE ARCHIEPISCOPUS	Commentarius in Apocalypsin
57	106	487	300	yes	N		ARETHAS S. ANDREAE DISCIPULUS ET SUCCESSOR	Commentarius in Apocalypsin
58	106	787	4	latin-only	N		ARETHAS S. ANDREAE DISCIPULUS ET SUCCESSOR	Oratio de SS. Samona, Guria et Abibo
59	106	791	20	latin-only	N		ARETHAS S. ANDREAE DISCIPULUS ET SUCCESSOR	Oratio de translatione S. Euthymii archiepiscopi CP.
60	106	811	36	yes	N		JOANNES GEOMETRA	Sermo in SS. Deiparae Annuntiationem
61	106	847	6	yes	N		JOANNES GEOMETRA	Oratio de malo
62	106	853	14	yes	N		JOANNES GEOMETRA	Hymni quinque in S. Deiparam
63	106	867	23	yes	N		JOANNES GEOMETRA	Paradisus
64	106	890	11	yes	N		JOANNES GEOMETRA	Elogium S. Panteleemonis martyris
65	106	901	105	yes	N		JOANNES GEOMETRA	Carmina varia argumenti sacri vel historici, ex Anecdotis Parisiensibus J.-A. Crameri, addita interpretatione nostra
66	106	1006	8	yes	N		COSMAS VESTITOR	Sermo in SS. Joachim et Annam
67	106	1014	5	yes	N		COSMAS VESTITOR	Appendix ad Cosmam. Canon acrostichus in festivitatem Conceptionis SS. Deiparae
68	106	1019	4	yes	N		LEO PATRICIUS	Epitome ex ejus interpretatione in Genesin e variis Patribus
69	106	1023	268	yes	N		ATHANASIUS CORINTHIORUM ARCHIEPISCOPUS	Fragmentum ex quatuor libris Jacobi Jacobiti
70	106	1023	268	yes	N		OPUSCULA GRAECA INCERTAE AETATIS	Opuscula scripturistica
71	106	1291	44	yes	N		OPUSCULA GRAECA INCERTAE AETATIS	Opuscula liturgica
72	106	1335		yes	N		OPUSCULA GRAECA INCERTAE AETATIS	Opuscula moralia
73	107			yes	N		BASILIUS I IMPERATOR (printed in the Leo volume)	Basilii imp., Leonis patris, capita hortatoria ad filium, ex edit. Bandurii, Imp. Orient. tom. I
74	107			yes	N		BASILIUS I IMPERATOR (printed in the Leo volume)	Ejusdem capita altera ad eumdem, ex edit. card. Ang. Mai
75	107			yes	N		CONSTANTINUS, Leonis discipulus	Constantini, Leonis discipuli, versus in magistrum cum interpretatione nostra
76	107	1	298	yes	N		LEO IMPERATOR, COGNOMINE PHILOSOPHUS, VEL SAPIENS	Homiliae et panegyrici XIX, ex edit. Hipp. Maracci, Franc. Combefisii, Jac. Gretseri, Scipionis Maffei, Petri Possini, Henr. Savilii, Baronii
77	107	299	10	yes	N		LEO IMPERATOR, COGNOMINE PHILOSOPHUS, VEL SAPIENS	Preces liturgicae, ex antiqua Collectione liturgica Venetiis edita 1594
78	107	309	6	yes	N		LEO IMPERATOR, COGNOMINE PHILOSOPHUS, VEL SAPIENS	Canticum compunctionis ex meditatione aeterni judicii, in Anecdotis P. Matrangae, cum interpretatione nostra
79	107	315	10	latin-only	N		LEO IMPERATOR, COGNOMINE PHILOSOPHUS, VEL SAPIENS	Epistola ad Omarum Saracenorum regem de fidei Christianae veritate et Mahumetanorum erroribus, ex Biblioth. Patrum Lugdun. edit
80	107	325	79	yes	N		LEO IMPERATOR, COGNOMINE PHILOSOPHUS, VEL SAPIENS	Orientalium Episcopatuum Notitiae a Leone Sapiente ad Andronicum Palaeologum, ex edit. Jacobi Goari
81	107	404	15	yes	N		LEO IMPERATOR, COGNOMINE PHILOSOPHUS, VEL SAPIENS	Formula epistolarum Constantinopolitani patriarchae ad papam, archiepiscopos, et ad cunctos in dignitatibus secularibus constitutos (Expositio nova quomodo CP. patriarcha ad papam ... nunc scribat)
82	107	419	240	yes	N		LEO IMPERATOR, COGNOMINE PHILOSOPHUS, VEL SAPIENS	Novellae Constitutiones sive correctoriae legum repurgationes, ex Corpore juris civilis
83	107	659	4	yes	N		LEO IMPERATOR, COGNOMINE PHILOSOPHUS, VEL SAPIENS	Apologia Leonis in qua Constantini discipuli sui calumnias a se repellit
84	107	663	2	yes	N		LEO IMPERATOR, COGNOMINE PHILOSOPHUS, VEL SAPIENS	Epigrammata
85	107	665	2	yes	N		LEO IMPERATOR, COGNOMINE PHILOSOPHUS, VEL SAPIENS	KAPKINOI
86	107	665	2	yes	N		LEO IMPERATOR, COGNOMINE PHILOSOPHUS, VEL SAPIENS	De martyrio S. Clementis Ancyrani fragmenta metrica
87	107	667	4	yes	N		LEO IMPERATOR, COGNOMINE PHILOSOPHUS, VEL SAPIENS	Fragmenta homiliarum in S. Tryphonem
88	107	671	424	yes	Y	Dennis, DOT 12 (2010)	LEO IMPERATOR, COGNOMINE PHILOSOPHUS, VEL SAPIENS	Tactica, sive de re militari Liber, ex editione Joannis Lamii in recensione operum Meursii Florentiae 1545 edita
89	107	1095	26	yes	N		LEO IMPERATOR, COGNOMINE PHILOSOPHUS, VEL SAPIENS	Appendix ad Tactica. Capitula quaedam ad rem militarem spectantia, ex Mauricii, Constantini et Leonis Tacticis, edita in Programmate academico Turicensi anni 1854
90	107	1121		yes	N		LEO IMPERATOR, COGNOMINE PHILOSOPHUS, VEL SAPIENS	Oracula cum figuris et antiqua Paraphrasi, ex editione Petri Lambecii
91	108	17	38	yes	N		S. THEOPHANES ABBAS ET CONFESSOR	Vita et Officium S. Theophanis
92	108	55	954	yes	Y	Mango & Scott (1997)	S. THEOPHANES ABBAS ET CONFESSOR	S. Theophanis Chronographia
93	108	1009	28	yes	U	Scriptor incertus: check	AUCTOR INCERTUS	Vita Leonis Armeni
94	108	1037	126	yes	N		LEO GRAMMATICUS	Chronographia
95	108	1187		latin-only	N		ANASTASIUS BIBLIOTHECARIUS	Historia ecclesiastica ex Theophane
96	109	15	210	yes	P	Featherstone & Signes Codoñer, Books I-IV (2015)	ANONYMUS (Continuator Theophanis)	Chronographia, Theophani continuanda, Constantini Porphyrogeniti imp. jussu scripta, libris IV
97	109	225	144	yes	Y	Ševčenko, CFHB 42 (2011)	CONSTANTINUS PORPHYROGENITUS	De vita et rebus gestis avi sui Basilii Macedonis
98	109	369	130	yes	N		ANONYMI	Libri duo De vita Leonis Philosophi, Alexandri et Romani junioris, impp.
99	109	499	19	yes	N		ANONYMUS	Dissertatio steliteutica contra Iconomachos, scripta circa an. 745
100	109	518	1	yes	N		JOANNES HIEROSOLYMITANUS	Narratio de origine motuum Iconoclastarum
101	109	519	120	yes	Y	Frendo & Fotiou (2000)	JOANNES CAMENIATA	Narratio de excidio Thessalonicae; praemittitur excerptum ex miraculis S. Demetrii martyris
102	109	639	14	yes	N		DEMETRIUS CYDONIUS	Monodia in Thessalonicenses occisos (cum Combefisii Praefatione)
103	109	653	10	yes	N		GREGORIUS MONACHUS	Ex Vita Basilii Junioris
104	109	663	160	yes	U	Logothete chronicle: Wahlgren TTB (2019) — check this is the same recension	SYMEON MAGISTER ET LOGOTHETA	Annales a Leone Armeno ad Nicephorum Phocam
105	109	823	162	yes	U	Logothete tradition; see Wahlgren (2019)	GEORGIUS MONACHUS	Vitae recentiorum imperatorum
106	109	985		yes	Y	Kaldellis, Genesios: On the Reigns of the Emperors (1998)	JOSEPHUS GENESIUS	Historia de rebus Constantinopolitanis
107	110	41		yes	N		GEORGIUS MONACHUS, COGNOMENTO HAMARTOLUS	Chronicon breve, ab orbe condito ad annum post Christum natum 840 et a diversis scriptoribus ad annum usque 1143 continuatum (ex ed. Muralto)
108	111	25	2	latin-only	Y	Westerink, Miscellaneous Writings, DOT 6 (1981)	NICOLAUS CP. PATRIARCHA	Homilia de capta Thessalonica (fragmentum)
109	111	27	364	latin-only	Y	Jenkins & Westerink, Letters, DOT 2 (1973)	NICOLAUS CP. PATRIARCHA	Nicolai Epistolae CLXIII, Graece ex editione card. Ang. Maii, Latine ex interpretatione nostra
110	111	391	15	latin-only	Y	Westerink, Miscellaneous Writings (1981)	NICOLAUS CP. PATRIARCHA	Liber ad praepositum Sacri Montis, ut typus in ordine vitae, Graece tantum ap. Maium
111	111	407	4	latin-only	N		ANONYMUS	Fragmentum historicum (De Papis, ex Chronico)
112	111	411	8	latin-only	N		BASILIUS NEOPATRENSIS METROPOLITA	Prologus interpretationis duodecim prophetarum minorum
113	111	419	22	latin-only	N		GREGORIUS CAESAREAE CAPPADOCIAE PRESBYTER	In synodum Nicaenam (Oratio in sanctos trecentos decem et octo Deiferos Patres et in Constantinum piissimum imperatorem)
114	111	441	40	latin-only	Y	Connor & Connor (1994)	ANONYMUS	Vita S. Lucae Junioris (cum Monitum; excerpta vitae S.P.N. ac miraculorum patratoris Lucae Junioris in Hellade sepulti)
115	111	481	126	unknown	N		MOSES BAR-CEPHA, SYRUS	Commentaria de Paradiso ex sermone Syriaco in Latinum translata ab Andrea Masio
116	111	611	10	latin-only	N		THEODORUS DAPHNOPATA	Oratio in translationem manus S. Joannis Baptistae Antiochia Constantinopolim
117	111	621	286	latin-only	Y	Rydén (1995)	NICEPHORUS PRESBYTER CP.	Vita S. Andreae Salae seu Stulti, ex Actis SS. Bolland. (praemittitur Conradi Janningh commentarius)
118	111	907		latin-only	U	Eutychius' Annals: partial English? check	EUTYCHIUS ALEXANDRINUS PATRIARCHA	Annales, seu liber historicus a tempore Adami ad annos usque Hejirae Islamiticae, ex Arabico in Latinum sermonem translati
119	112	33	2	yes	Y	Moffatt & Tall (2012)	CONSTANTINUS PORPHYROGENITUS	De Cerimoniis Aulae Byzantinae libri duo, e recensione Joan. Jac. Reiskii, cum ejusdem Commentariis (collective title page)
120	112	73	900	yes	Y	Moffatt & Tall (2012)	CONSTANTINUS PORPHYROGENITUS	De Cerimoniis Aulae Byzantinae liber primus
121	112	973		yes	Y	Moffatt & Tall (2012)	CONSTANTINUS PORPHYROGENITUS	De iisdem Cerimoniis liber secundus
122	113	63	78	yes	N		CONSTANTINUS IMPERATOR PORPHYROGENITUS	De thematibus Orientis et Occidentis, ex editione Anselmi Bandurii, Benedictini Monachi
123	113	141	16	yes	N		CONSTANTINUS IMPERATOR PORPHYROGENITUS	Hieroclis Grammatici Synecdemus
124	113	157	264	yes	Y	Moravcsik & Jenkins (1967)	CONSTANTINUS IMPERATOR PORPHYROGENITUS	Liber de administrando imperio, ex editione Ans. Bandurii
125	113	421	32	yes	Y	Guscin, The Image of Edessa (2009)	CONSTANTINUS IMPERATOR PORPHYROGENITUS	Narratio de translatione Constantinopolim imaginis Edessenae, ex editione Andreae Gallandii
126	113	453	96	yes	U	if = Ecloga: Freshfield (1926); check identity	CONSTANTINUS IMPERATOR PORPHYROGENITUS	Delectus legum compendiarius
127	113	549	56	yes	N		CONSTANTINUS IMPERATOR PORPHYROGENITUS	Novellae Constitutiones
128	113	605	30	yes	P	historians' fragments in Blockley etc.	CONSTANTINUS IMPERATOR PORPHYROGENITUS	Excerpta de Legationibus, ex Dexippo Atheniensi, Eunapio Sardiano, Petro Patricio et magistro, Prisco sophista, Marco Philadelphiensi, Menandro Protectore, Theophylacto Simocatta, Constantini Porphyrogeniti jussu collecta
129	113	635	316	yes	P	as above	CONSTANTINUS IMPERATOR PORPHYROGENITUS	Constantini Proemium, quomodo oportet legatos admittere aut legatos mittere
130	113	951	24	yes	P	as above	CONSTANTINUS IMPERATOR PORPHYROGENITUS	Argumentum libri primi Constantini Porphyrogeniti de virtutibus et vitiis, ex Collectaneis ab Henr. Valesio editis
131	113	975	12	latin-only	U	if Nikon Metanoeite: Sullivan (1987)	S. NICON IN CRETA	Acta S. Niconis ab abbate monasterii S. Niconis anno 1150 scripta
132	113	987	72	yes	N		THEODOSIUS DIACONUS	De expugnatione Cretae acroases quinque, ad Nicephorum Phocam imp., ex editione Nic. Mariae Foggini in Historiae Byzantinae Appendice nova Romae 1777 edita
133	113	1059	10	yes	N		ADDENDA	Addenda: Romani Junioris imp. aurea bulla pro monasterio Xeropotami in monte Atho (cum interpretatione nostra)
134	114	19	128	latin-only	E	Allatius' diatribe (editorial)	SYMEON METAPHRASTES	Leonis Allatii De Symeonis Metaphrastae scriptis Diatriba
135	114	158	25	latin-only	E	editorial	SYMEON METAPHRASTES	De auctoritate et testimonio Metaphrastae, auctore R. P. Honorato a S. Maria, Carmelita discalceato, in 'Réflexions sur les règles et sur l'usage de la critique'
136	114	183	16	yes	U	Psellos' encomium: check Papaioannou volumes	SYMEON METAPHRASTES	Symeonis Metaphrastae Encomium auctore Michaele Psello
137	114	199	11	yes	N		SYMEON METAPHRASTES	Ejusdem Metaphrastae Officium eodem auctore
138	114	210	9	yes	N		SYMEON METAPHRASTES	Oratio in Lamentationem Deiparae (Planctus B. Mariae corpus Christi amplexantis)
139	114	219	7	yes	N		SYMEON METAPHRASTES	Precationes
140	114	226	1	yes	N		SYMEON METAPHRASTES	Iambici trimetri
141	114	227	8	yes	N		SYMEON METAPHRASTES	Epistolae
142	114	235	59	latin-only	N		SYMEON METAPHRASTES	Epitome canonum
143	114	306		unknown	N		SYMEON METAPHRASTES	Vitae Sanctorum, ordine mensium (Mensis Januarius ff.)
144	115			yes	N		SYMEON METAPHRASTES	Vita sancti Theophanis
145	115	31	12	yes	N		SYMEON METAPHRASTES	Vita sancti Longini centurionis
146	115	43	34	yes	N		SYMEON METAPHRASTES	Vita sancti Abramii et neptis ejus
147	115	77	6	latin-only	N		SYMEON METAPHRASTES	Vita et martyrium SS. Agapes et sociorum
148	115	83	4	latin-only	N		SYMEON METAPHRASTES	Vita sanctae Theodorae
149	115	87	4	latin-only	N		SYMEON METAPHRASTES	Vita sanctae Thermes et sociarum
150	115	91	4	latin-only	N		SYMEON METAPHRASTES	Vita sancti Calliopi
151	115	95	10	yes	N		SYMEON METAPHRASTES	Vita sancti Terentii et sociorum
152	115	105	22	yes	N		SYMEON METAPHRASTES	Vita sancti Carpi et sociorum
153	115	127	14	yes	N		SYMEON METAPHRASTES	Vita sancti Eleutherii
154	115	141	22	yes	N		SYMEON METAPHRASTES	Vita sancti Georgii
155	115	163	8	yes	N		SYMEON METAPHRASTES	Vita sancti Marci apostoli et evangelistae
156	115	171	12	yes	N		SYMEON METAPHRASTES	Vita sancti Anthimi
157	115	183	16	yes	N		SYMEON METAPHRASTES	Vita sancti Philippi apostoli
158	115	199	18	yes	N		SYMEON METAPHRASTES	Vita sancti Jacobi fratris Domini
159	115	217	24	yes	N		SYMEON METAPHRASTES	Vita sancti Acacii
160	115	241	16	yes	N		SYMEON METAPHRASTES	Vita sancti Bonifacii
161	115	257	10	yes	N		SYMEON METAPHRASTES	Vita SS. Victoris et Coronae
162	115	267	42	yes	N		SYMEON METAPHRASTES	Vita sancti Sampsonis
163	115	309	10	latin-only	N		SYMEON METAPHRASTES	Vita sancti Stephani et sociorum
164	115	319	28	yes	N		SYMEON METAPHRASTES	Vitae SS. XLV Martyrum
165	115	347	8	yes	N		SYMEON METAPHRASTES	Vita B. Eugenii et Mariae ejus filiae
166	115	355	16	yes	N		SYMEON METAPHRASTES	Vita SS. Mauricii et sociorum
167	115	371	32	yes	N		SYMEON METAPHRASTES	Vita sancti prophetae Danielis
168	115	403	24	yes	N		SYMEON METAPHRASTES	Vita sancti Platonis
169	115	427	20	yes	N		SYMEON METAPHRASTES	De septem Dormientibus
170	115	447	30	yes	N		SYMEON METAPHRASTES	Vita sancti Panteleemonis
171	115	477	10	yes	N		SYMEON METAPHRASTES	Vita sancti Callinici
172	115	487	10	latin-only	N		SYMEON METAPHRASTES	Vita sancti Eudocimi
173	115	497	16	yes	N		SYMEON METAPHRASTES	Vita sanctae Sophiae et filiarum ejus
174	115	513	10	latin-only	N		SYMEON METAPHRASTES	Vita sancti Stephani papae et martyris
175	115	523	6	yes	N		SYMEON METAPHRASTES	Martyrium sancti Eupli
176	115	529	36	latin-only	N		SYMEON METAPHRASTES	Oratio de sancta Maria Deipara
177	115	565	10	latin-only	N		SYMEON METAPHRASTES	Martyrium sancti Mamantis
178	115	575	12	latin-only	N		SYMEON METAPHRASTES	Martyrium SS. Pauli et Juliae
179	115	587	22	yes	N		SYMEON METAPHRASTES	Vita sancti Andreae et sociorum
180	115	609	24	yes	N		SYMEON METAPHRASTES	Martyrium sancti Eudoxii et sociorum
181	115	633	6	yes	N		SYMEON METAPHRASTES	Martyrium sancti Sozontis
182	115	639	16	yes	N		SYMEON METAPHRASTES	Martyrium sancti Severiani
183	115	655	10	yes	N		SYMEON METAPHRASTES	Martyrium sanctae Menodorae et sociarum
184	115	665	26	yes	N		SYMEON METAPHRASTES	Vita sanctae Theodorae Alexandrinae
185	115	691	12	yes	N		SYMEON METAPHRASTES	Martyrium sancti Autonomi
186	115	703	10	yes	N		SYMEON METAPHRASTES	Martyrium sancti Nicetae Gothi
187	115	713	20	yes	N		SYMEON METAPHRASTES	Martyrium sanctae Euphemiae
188	115	733	16	yes	N		SYMEON METAPHRASTES	Martyrium sancti Trophimi et sociorum
189	115	749	72	latin-only	N		SYMEON METAPHRASTES	Vita sancti Matthaei evangelistae
190	115	821	24	yes	N		SYMEON METAPHRASTES	Martyrium sanctae Theclae
191	115	845	36	yes	N		SYMEON METAPHRASTES	Vita sancti Cypriani Antiocheni
192	115	881	18	yes	N		SYMEON METAPHRASTES	Martyrium sancti Callistrati
193	115	899	18	yes	N		SYMEON METAPHRASTES	Vita sancti Charitonis
194	115	917	26	yes	N		SYMEON METAPHRASTES	Vita sancti Cyriaci
195	115	943	54	yes	N		SYMEON METAPHRASTES	Vita sancti Gregorii illuminatoris
196	115	997	8	yes	N		SYMEON METAPHRASTES	Martyrium sanctae Charitinae
197	115	1005	26	yes	N		SYMEON METAPHRASTES	Martyrium SS. Sergii et Bacchi
198	115	1031	18	yes	N		SYMEON METAPHRASTES	Vita sancti Dionysii Areopagitae
199	115	1049	4	latin-only	N		SYMEON METAPHRASTES	Vita sancti Andronici et ejus conjugis
200	115	1053	14	yes	N		SYMEON METAPHRASTES	Martyrium SS. Eulampii et Eulampiae
201	115	1067	14	yes	N		SYMEON METAPHRASTES	Martyrium sancti Probi et sociorum
202	115	1081	48	yes	N		SYMEON METAPHRASTES	Vita sancti Andreae Cretensis
203	115	1129	12	yes	N		SYMEON METAPHRASTES	Vita sancti Lucae evangelistae
204	115	1141	18	yes	N		SYMEON METAPHRASTES	Martyrium sancti Vari
205	115	1159	52	yes	N		SYMEON METAPHRASTES	Martyrium sancti Artemii
206	115	1211	38	yes	N		SYMEON METAPHRASTES	Vita sancti Abercii
207	115	1249	40	yes	N		SYMEON METAPHRASTES	Martyrium sancti Arethae et sociorum
208	115	1289	4	yes	N		SYMEON METAPHRASTES	Martyrium sancti Marciani
209	115	1293	16	yes	N		SYMEON METAPHRASTES	Vita sanctae Anastasiae Romanae
210	115	1309	10	yes	N		SYMEON METAPHRASTES	Martyrium SS. Zenobii et Zenobiae
211	115	1319		yes	N		SYMEON METAPHRASTES	Martyrium sancti Epimachi
212	116	9	292	yes	N		SYMEON METAPHRASTES	Vitae Sanctorum (continuatio): Mensis Novembris
213	116	301	492	yes	N		SYMEON METAPHRASTES	Vitae Sanctorum (continuatio): Mensis Decembris
214	116	793	24	yes	N		SYMEON METAPHRASTES	Vitae Sanctorum (continuatio), Addenda: Mensis Januarius
215	116	817	14	yes	N		SYMEON METAPHRASTES	Vitae Sanctorum (continuatio), Addenda: Mensis Februarius
216	116	831	52	yes	N		SYMEON METAPHRASTES	Vitae Sanctorum (continuatio), Addenda: Mensis Aprilis
217	116	883	24	yes	N		SYMEON METAPHRASTES	Vitae Sanctorum (continuatio), Addenda: Mensis Junius
218	116	907	12	yes	N		SYMEON METAPHRASTES	Vitae Sanctorum (continuatio), Addenda: Mensis October
219	116	919	50	yes	N		SYMEON METAPHRASTES	Vitae Sanctorum (continuatio), Addenda: Mensis November
220	116	969	112	yes	N		SYMEON METAPHRASTES	Vitae Sanctorum (continuatio), Addenda: Mensis December
221	116	1081		yes	N		SYMEON METAPHRASTES	S. Demetrii martyris Acta ex editione Cornelii Byei, S. J. (Supplementum)
222	117	9	604	yes	N		BASILIUS PORPHYROGENITUS IMP.	Menologium Basilianum, ex editione cardinalis Albani
223	117	613	22	yes	N		BASILIUS PORPHYROGENITUS IMP.	Basilii imp. novellae Constitutiones
224	117	655	270	yes	Y	Talbot & Sullivan (2005)	LEO DIACONUS CALOENSIS	Leonis Diaconi Historiae libri decem
225	117	925	82	yes	Y	Dennis, Three Byzantine Military Treatises (1985)	ANONYMUS	De velitatione bellica Nicephori Augusti, ex editione D. Caroli Benedicti Hasii post Leonem Diaconum
226	117	1007	18	latin-only	N		ANONYMUS	Excerpta ex historiis Arabum de expeditionibus Syriacis Nicephori Phocae et Joannis Tzimiscis, ex editione Christiani Lassenii
227	117	1025	32	yes	N		HYPPOLYTUS THEBANUS	Fragmenta ab Andrea Gallandio collecta
228	117	1057	106	yes	N		GEORGIDES MONACHUS	Gnomologium
229	117	1163	10	yes	N		IGNATIUS DIACONUS	Drama de primi parentis lapsu
230	117	1173	2	yes	N		IGNATIUS DIACONUS	Versus ad Paulum discipulum suum
231	117	1175	2	yes	N		IGNATIUS DIACONUS	Iambi alphabetici
232	117	1177	2	yes	N		NILUS	Versus alphabetici
233	117	1179	14	yes	N		CHRISTOPHORUS PROTOASECRETIS	Exhortatio duplex ad Israelitas
234	117			unknown	N		MICHAEL HAMARTOLUS	Epistola ad Tyri presulem
235	117			yes	N		ANONYMUS	Versus politici catanuctici juxta alphabetum ex parte animae dolentis ad Salvatorem
236	117	1193		unknown	E	index to the Suda (Suda On Line exists)	SUIDAS	Indices tres Lexicon Suidae compendiose repraesentantes
237	118	43	264	yes	N		OECUMENIUS TRICCAE IN THESSALIA EPISCOPUS	Commentaria in Acta apostolorum
238	118	307	6	yes	N		OECUMENIUS TRICCAE IN THESSALIA EPISCOPUS	Commentaria in Epistolas Pauli
239	118	307	6	yes	N		ANONYMUS	Narratio de divo Paulo apostolo
240	118	307	6	yes	U	Euthalian apparatus: Willard (2009)?	EUTHALIUS DIACONUS	Prologus (in Epistolas Pauli)
241	118	313	2	yes	U	as above	EUTHALIUS DIACONUS	Peregrinatio Pauli apostoli
242	118	315		yes	U	as above	EUTHALIUS DIACONUS	Martyrium Pauli apostoli
243	118			unknown	N		OECUMENIUS TRICCAE IN THESSALIA EPISCOPUS	Commentaria in Epistolas Catholicas
244	119	9	713	yes	N		OECUMENIUS TRICCAE IN THESSALIA EPISCOPUS	Commentaria in Novum Testamentum (Continuatio)
245	119	722	4	yes	N		OECUMENIUS TRICCAE IN THESSALIA EPISCOPUS	Synopsis Anonymi ex Oecumenio in Apocalypsin, ex qua discimus locum sedis episcopalis Oecumenii
246	119	726	575	yes	N		PATRIARCHAE CPOLITANI	Sententiae synodales et sanctiones pontificiae archiepiscoporum et patriarcharum Constantinopolis
247	120	9	157	yes	N		ANONYMUS S. NILI DISCIPULUS	Vita S. Nili Junioris, abbatis Cryptae-Ferratae in agro Tusculano, ex editione Joan. Matthei Caryophylli, episcopi Iconiensis, repetita in Septembri Bollandiano, tom. VII
248	120	166	8	yes	N		THEODORUS ICONII EPISCOPUS	Vita SS. Cyrici et Julittae, ex Bibl. nova Patrum card. Ang. Mai
249	120	174	1	latin-only	N		LEO PRESBYTER	Prologus ad Passionem SS. Rufi et Respicii, ex Spicileg. Rom.
250	120	175	3	latin-only	N		LEO PRESBYTER	Prologus in Vitam S. Joannis Chrysostomi
251	120	178	7	yes	N		JOANNES PRESBYTER	Epistola ad Leonem Grammaticum et archiepiscopum Calabriae, ex J. B. Cotelerii Monum. Ecclesiae Graecae
252	120	185	30	yes	U	Epiphanius' Life of the Virgin: check	EPIPHANIUS MONACHUS HIEROSOLYMITANUS	Sermo de vita S. Deiparae, ex Amadutii Anecdot. litter., tom. III
253	120	215	44	yes	N		EPIPHANIUS MONACHUS HIEROSOLYMITANUS	Sermo de vita S. Andreae, ex editione Graeca A. Dresselii, addita interpretatione nostra
254	120	259	15	yes	Y	Wilkinson, Jerusalem Pilgrims before the Crusades (2002)	EPIPHANIUS MONACHUS HIEROSOLYMITANUS	Enarratio Syriae, Urbis Sanctae et sacrorum ibi locorum, ex Allatii Symmictis
255	120	274	13	latin-only	N		EPIPHANIUS MONACHUS HIEROSOLYMITANUS	De religione Christiana libellus, ex Emmanuelis a Schelestrate Actis Ecclesiae Orientalis
256	120	321	186	latin-only	Y	deCatanzaro, The Discourses (1980) — Pontanus' 33 orationes ≈ Catecheses; check mapping	SYMEON JUNIOR	Orationes XXXIII, Latine, ex editione Jacobi Pontani
257	120	507	96	latin-only	Y	Maloney, Hymns of Divine Love (1976); Griggs (2010)	SYMEON JUNIOR	Divinorum amorum Liber singularis
258	120	603	84	yes	Y	McGuckin (1982); Philokalia vol. 4	SYMEON JUNIOR	Capita practica et theologica, Latine partim apud Jac. Pontanum, Graece in Philocalia (exemplar Athenis transmissum)
259	120	687	6	latin-only	N		SYMEON JUNIOR	De alterationibus animae et corporis quae ex varietate cibi aut aeris, quaeque ex elementis, ex cibis, interdum etiam ex daemonibus exsistere in nobis solent. Latine ex interpretatione Petri Possini S. J.
260	120	693	8	yes	Y	Philokalia vol. 4	SYMEON JUNIOR	De fide et profectu libellus, vernaculo sermone Graeco scriptus, ex Philocalia
261	120	701	8	yes	Y	Philokalia vol. 4 (Ps.-Symeon, Three Methods)	SYMEON JUNIOR	De tribus modis orationis, ex eodem libro
262	120	709	2	latin-only	N		SYMEON JUNIOR	Appendix. Scholastici cujusdam Dialogus de Deo, ad Symeonem Theologum
263	120	711	12	yes	N		NICETAS CHARTOPHYLAX NICANUS	Quibus temporibus et quarum criminationum causa a CP Ecclesia sejunxerit se Romana Ecclesia, ex Maii nova Bibl. PP.
264	120	723	14	yes	N		MICHAEL CERULARIUS CP. PATRIARCHA	Homilia dicta in prima Dominica Quadragesimae, festo restitutionis imaginum, ex Montfauconii Biblioth. Coislin. (falso antea inscribebatur: Epistola synodi Nicaenae ad S. Marinorum Ecclesiam)
265	120	737	12	yes	N		MICHAEL CERULARIUS CP. PATRIARCHA	Edictum synodale, ex Conciliis
266	120	749	2	yes	N		MICHAEL CERULARIUS CP. PATRIARCHA	De sacerdotis uxore adulterio polluta (Decretum seu Epistola), ap. Cotelerium in notis ad Hermam
267	120	751	68	yes	U	excerpts in source readers? check	MICHAEL CERULARIUS CP. PATRIARCHA	Michaelis Cerularii, Dominici Gradensis et Petri Antiocheni Epistolae mutuae, ex ejusdem Monum. Ecclesiae Graecae
268	120	819	16	yes	N		SAMONAS GAZENSIS EPISCOPUS	Disceptatio cum Achmed Saraceno, perspicue docens, panem ac vinum, utrumque per sacerdotem consecratum, verum esse et integrum corpus ac sanguinem D. N. Jesu Christi
269	120	835	16	yes	U	Leo of Ohrid's letter: English online; check	LEO ACHRIDANUS BULGARORUM ARCHIEPISCOPUS	Epistola ad Joannem episcopum Tranensem, nunc primum ex cod. Monac. Graece edita a D. J. Hergenroether
270	120	851	158	yes	Y	Philokalia vol. 4	NICETAS PECTORATUS PRESBYTER ET MONASTERII STUDIENSIS MONACHUS	Practicorum, physicorum et gnosticorum capitum centuriae tres, Graece in Philocalia, Latine ex interpretatione nostra
271	120	1009	2	yes	N		NICETAS PECTORATUS PRESBYTER ET MONASTERII STUDIENSIS MONACHUS	De salutatione manuali, fragmentum
272	120	1011	10	latin-only	N		NICETAS PECTORATUS PRESBYTER ET MONASTERII STUDIENSIS MONACHUS	Libellus contra Latinos
273	120	1021	18	latin-only	N		HUMBERTUS SILVAE CANDIDAE EPISCOPUS (CARDINALIS)	Responsio sive Contradictio in libellum Nicetae Pectorati contra Latinos
274	120	1051	24	yes	N		JOANNES EUCHAITARUM METROPOLITA	Vita S. Dorothei Junioris, sive in Chiliocomo, auctore monacho coaevo, facto deinde metropolita Euchaitarum
275	120	1075	38	yes	N		JOANNES EUCHAITARUM METROPOLITA	Sermo in S. Mariae Dormitionem, ex R. P. Ant. Ballerinii, S. J., Sylloge monumentorum de immaculata conceptione Deiparae virginis
276	120	1297		yes	N		JOANNES EUCHAITARUM METROPOLITA	Fragmentum ex Vita S. Eusebiae
277	120	1113	86	yes	Y	Bernard & Livanos, DOML 50 (2018)	JOANNES EUCHAITARUM METROPOLITA	Versus iambici in principalium festorum pictas in tabulis historias atque alia varia, ex rarissima editione Matthaei Busti, Etonensis, cum interpretatione nostra
278	120	1199	2	yes	Y	Bernard & Livanos (2018)	JOANNES EUCHAITARUM METROPOLITA	Epigrammata quinque (ab Antonio Ballerinio ex codice Vaticano edita)
279	120	1201	58	yes	N		JOANNES XIPHILINUS CP. PATRIARCHA	Orationes quinque, ex editione Graeca Christ. Frid. Matthaei, cui interpretationem Latinam addidimus
280	120	1259	30	yes	N		JOANNES XIPHILINUS CP. PATRIARCHA	Oratio in crucis adorationem, ex Jac. Gretsero
281	120	1289	4	yes	N		JOANNES XIPHILINUS CP. PATRIARCHA	Oratio dicta Dominica Omnium Sanctorum, ex codice Naniano CXXII, cum interpretatione nostra
282	120	1293	4	yes	N		JOANNES CP. DIACONUS	De Dei circa hominem oeconomia, ex Maii nova Bibl. PP.
283	121	23		yes	P	Cedrenus copies Skylitzes 811-1057: Wortley (2010) covers that stretch	GEORGIUS CEDRENUS	Georgii Cedreni Compendium historiarum a mundo condito usque ad annum 1007, cui subjiciuntur Excerpta ex Breviario historico Joannis Scylitzae Curopalatae
284	122	9	358	yes	P	as above	GEORGIUS CEDRENUS	Historiarum compendium. (Continuatio.)
285	122	367	111	yes	U	Skylitzes Continuatus? check	JOANNES SCYLITZES	Breviarium historicum
286	122	538	149	yes	N		MICHAEL PSELLUS	Expositio in Canticum canticorum
287	122	687	97	yes	N		MICHAEL PSELLUS	De omnifaria doctrina capita centum quinquaginta septem
288	122	784	27	yes	N		MICHAEL PSELLUS	Quaestionum naturalium solutiones
289	122	811	7	yes	N		MICHAEL PSELLUS	Versus politici de dogmate ad Mich. Ducam imp.
290	122	818	57	yes	Y	Collisson (1843)	MICHAEL PSELLUS	Dialogus de daemonum energia seu operatione
291	122	875	8	yes	N		MICHAEL PSELLUS	Quaenam sunt Graecorum opiniones de daemonibus
292	122	883	16	yes	N		MICHAEL PSELLUS	De lapidum virtutibus
293	122	899	3	yes	N		MICHAEL PSELLUS	Epigramma in S. Gregorium Nazianzenum (memoratur tantum)
294	122	902	5	yes	Y	Barber & Papaioannou, Psellos on Literature and Art (2017)	MICHAEL PSELLUS	Characteres SS. Gregorii Theologi, Basilii Magni, Joannis Chrysostomi et Gregorii Nysseni
295	122	907	4	yes	N		MICHAEL PSELLUS	Versus in sanctos tres hierarchas inter Opera Theodori Prodromi
296	122	911	4	yes	N		MICHAEL PSELLUS	Monodia in collapsionem templi S. Sophiae
297	122	915	4	yes	N		MICHAEL PSELLUS	Ad quemdam monachum de mortis determinatione
298	122	919	6	yes	N		MICHAEL PSELLUS	Oblatio Nomocanonis ad Michaelem Ducam imp.
299	122	925	82	yes	N		MICHAEL PSELLUS	Compendium legum versibus politicis ad Mich. Ducam imp.
300	122	1007	16	yes	N		MICHAEL PSELLUS	Ad discipulos de actionum nominibus
301	122	1023	7	yes	N		MICHAEL PSELLUS	De recentiorum legum et legalium definitionum Latinis nominibus
302	122	1030	45	yes	N		MICHAEL PSELLUS	De anima celebres opiniones
303	122	1075	2	yes	N		MICHAEL PSELLUS	Quod animae motus coelestibus motibus similes sint (versus)
304	122	1077	38	yes	N		MICHAEL PSELLUS	In Psychogoniam Platonicam, ex edit. Car. Linder
305	122	1115	1	yes	N		MICHAEL PSELLUS	Expositio in Oracula magica quae a Zoroastre prodiere
306	122	1116	34	yes	N		MICHAEL PSELLUS	Expositio in Oracula Chaldaica
307	122	1150	4	yes	N		MICHAEL PSELLUS	Summaria et brevis Dogmatum Chaldaicorum expositio
308	122	1154	1	yes	N		MICHAEL PSELLUS	In Mercurii Trismegisti Pimandrum
309	122	1155	6	yes	N		MICHAEL PSELLUS	De locis et nominibus Atticis
310	122	1161	1	yes	N		MICHAEL PSELLUS	Epigramma in aereum equum in Hippodromo qui pedem attollebat
311	122	1162	23	yes	N		MICHAEL PSELLUS	Epistolae
312	122	1185	152	yes	N		MICHAEL PSELLUS	Fragmentum ex oratione ad Constantinum Monomachum imp.
313	122	1185	152	latin-only	N		MICHAEL PSELLUS	Fragmenta alia
314	122	1185	152	unknown	Y	Patria: Berger, DOML 24 (2013)	APPENDIX AD OPERA MICH. PSELLI	Anonymi De antiquitatibus C. P. ex Banduri Imperio Orientali
315	122	1337	21	yes	Y	Duling, OTP 1 (1983)	APPENDIX AD OPERA MICH. PSELLI	Testamentum Salomonis, cujus saepe meminit Psellus in libro De operationibus daemonum, addita interpretatione nostra
316	122	1358	3	yes	N		JOANNES SCYLITZES	Addenda ad Cedrenum (Scylitzae Synopsis historiarum, praefatio e codice Coisliniano 136, ad tom. I operum Cedreni)
317	123	143	338	yes	Y	Chrysostom Press (1992-2007)	THEOPHYLACTUS BULGARIAE ARCHIEPISCOPUS	Enarratio in Evangelium S. Matthaei
318	123	481	202	yes	Y	Chrysostom Press	THEOPHYLACTUS BULGARIAE ARCHIEPISCOPUS	Enarratio in Evangelium S. Marci
319	123	683	444	yes	Y	Chrysostom Press	THEOPHYLACTUS BULGARIAE ARCHIEPISCOPUS	Enarratio in Evangelium S. Lucae
320	123	1127		yes	Y	Chrysostom Press	THEOPHYLACTUS BULGARIAE ARCHIEPISCOPUS	Enarratio in Evangelium S. Joannis
321	124	9	310	yes	Y	Chrysostom Press	THEOPHYLACTUS BULGARIAE ARCHIEPISCOPUS	Commentarius in Joannis Evangelium. (Continuatio.)
322	124	319	8	yes	N		THEOPHYLACTUS BULGARIAE ARCHIEPISCOPUS	Commentarius in omnes divi Pauli Epistolas
323	124	335	226	yes	N		THEOPHYLACTUS BULGARIAE ARCHIEPISCOPUS	Commentarius in Epistolam ad Romanos
324	124	561	234	yes	N		THEOPHYLACTUS BULGARIAE ARCHIEPISCOPUS	Commentarius in Epistolam I ad Corinthios
325	124	795	158	yes	N		THEOPHYLACTUS BULGARIAE ARCHIEPISCOPUS	Commentarius in Epistolam II ad Corinthios
326	124	953	80	yes	N		THEOPHYLACTUS BULGARIAE ARCHIEPISCOPUS	Commentarius in Epistolam ad Galatas
327	124	1033	106	yes	N		THEOPHYLACTUS BULGARIAE ARCHIEPISCOPUS	Commentarius in Epistolam ad Ephesios
328	124	1139	66	yes	N		THEOPHYLACTUS BULGARIAE ARCHIEPISCOPUS	Commentarius in Epistolam ad Philippenses
329	124	1205	74	yes	N		THEOPHYLACTUS BULGARIAE ARCHIEPISCOPUS	Commentarius in Epistolam ad Colossenses
330	124	1279	48	yes	N		THEOPHYLACTUS BULGARIAE ARCHIEPISCOPUS	Commentarius in Epistolam I ad Thessalonicenses
331	124	1327		yes	N		THEOPHYLACTUS BULGARIAE ARCHIEPISCOPUS	Commentarius in Epistolam II ad Thessalonicenses
332	125	9	80	yes	N		THEOPHYLACTUS BULGARIAE ARCHIEPISCOPUS	Expositio in Epistolam I ad Timotheum
333	125	89	52	yes	N		THEOPHYLACTUS BULGARIAE ARCHIEPISCOPUS	Expositio in Epistolam II ad Timotheum
334	125	141	31	yes	N		THEOPHYLACTUS BULGARIAE ARCHIEPISCOPUS	Expositio in Epistolam ad Titum
335	125	172	13	yes	N		THEOPHYLACTUS BULGARIAE ARCHIEPISCOPUS	Expositio in Epistolam ad Philemonem (NOT in Elenchus or Ordo)
336	125	185	220	yes	N		THEOPHYLACTUS BULGARIAE ARCHIEPISCOPUS	Expositio in Epistolam ad Hebraeos
337	125	483	12	yes	N		THEOPHYLACTUS BULGARIAE ARCHIEPISCOPUS	Argumentum libri Actorum una cum capitulis eorum
338	125	495	354	yes	N		THEOPHYLACTUS BULGARIAE ARCHIEPISCOPUS	Expositio in Acta apostolorum
339	125	849	212	yes	N		THEOPHYLACTUS BULGARIAE ARCHIEPISCOPUS	Expositionis ejusdem textus alter ex codice Vaticano
340	125	1061	70	greek-only	N		THEOPHYLACTUS BULGARIAE ARCHIEPISCOPUS	Expositionis ejusdem textus tertius ex codice Florentino, sed mere Graecus
341	125	1131	60	yes	N		THEOPHYLACTUS BULGARIAE ARCHIEPISCOPUS	Argumentum Epistolae catholicae S. Jacobi, cum indice capitum
342	125	1131	60	yes	N		THEOPHYLACTUS BULGARIAE ARCHIEPISCOPUS	Expositio in Epistolam catholicam S. Jacobi
343	125	1191	64	yes	N		THEOPHYLACTUS BULGARIAE ARCHIEPISCOPUS	Argumentum Epistolae I S. Petri, cum capitulis ejusdem
344	125	1191	64	yes	N		THEOPHYLACTUS BULGARIAE ARCHIEPISCOPUS	Expositio in Epistolam I S. Petri
345	125	1255		yes	N		THEOPHYLACTUS BULGARIAE ARCHIEPISCOPUS	Argumentum Epistolae II S. Petri cum capitum indice
346	125	1255		yes	N		THEOPHYLACTUS BULGARIAE ARCHIEPISCOPUS	Expositio in Epistolam II S. Petri
347	126	9	58	yes	N		THEOPHYLACTUS BULGARIAE ARCHIEPISCOPUS	Expositio in Epistolam I S. Joannis
348	126	67	12	yes	N		THEOPHYLACTUS BULGARIAE ARCHIEPISCOPUS	Expositio in Epistolam II S. Joannis
349	126	79	6	yes	N		THEOPHYLACTUS BULGARIAE ARCHIEPISCOPUS	Expositio in Epistolam III ejusdem S. Joannis
350	126	85	20	yes	N		THEOPHYLACTUS BULGARIAE ARCHIEPISCOPUS	Expositio in Epistolam S. Jude apostoli
351	126	105	24	yes	N		THEOPHYLACTUS BULGARIAE ARCHIEPISCOPUS	Oratio in Adorationem venerandae Crucis
352	126	129	16	yes	N		THEOPHYLACTUS BULGARIAE ARCHIEPISCOPUS	Oratio in Praesentationem B. Mariae
353	126	145	6	yes	N		THEOPHYLACTUS BULGARIAE ARCHIEPISCOPUS	Homilia in undecimum evangelium matutinum
354	126	151	70	yes	N		THEOPHYLACTUS BULGARIAE ARCHIEPISCOPUS	Historia martyrii xv martyrum
355	126	221	30	yes	N		THEOPHYLACTUS BULGARIAE ARCHIEPISCOPUS	Liber de iis quorum Latini incusantur
356	126	251	14	yes	N		THEOPHYLACTUS BULGARIAE ARCHIEPISCOPUS	Institutio regia. Pars prior. — Panegyrica
357	126	265	22	yes	N		THEOPHYLACTUS BULGARIAE ARCHIEPISCOPUS	Institutio regia. Pars altera. — Parenetica
358	126	287	20	yes	N		THEOPHYLACTUS BULGARIAE ARCHIEPISCOPUS	Testimonium Annae Comnenae de Constantino Porphyrogenito
359	126	287	20	yes	N		THEOPHYLACTUS BULGARIAE ARCHIEPISCOPUS	Oratio in Alexium Comnenum
360	126	307	50	yes	N		THEOPHYLACTUS BULGARIAE ARCHIEPISCOPUS	Epistolae XX ex codice Vaticano
361	126	357	144	yes	N		THEOPHYLACTUS BULGARIAE ARCHIEPISCOPUS	Epistolae LXXV ex Joan. Meursio
362	126	501	58	yes	N		THEOPHYLACTUS BULGARIAE ARCHIEPISCOPUS	Epistolae XXXV a J. Lamio editae
363	126	565	10	yes	N		THEOPHYLACTUS BULGARIAE ARCHIEPISCOPUS	Prooemium expositionis sanctorum prophetarum
364	126	575	244	yes	N		THEOPHYLACTUS BULGARIAE ARCHIEPISCOPUS	Expositio in Oseam prophetam
365	126	819	86	yes	N		THEOPHYLACTUS BULGARIAE ARCHIEPISCOPUS	Expositio in prophetam Habacuc
366	126	905	64	yes	N		THEOPHYLACTUS BULGARIAE ARCHIEPISCOPUS	Expositio in prophetam Jonam
367	126	969	80	yes	N		THEOPHYLACTUS BULGARIAE ARCHIEPISCOPUS	Expositio in Nahum prophetam
368	126	1049	142	yes	N		THEOPHYLACTUS BULGARIAE ARCHIEPISCOPUS	Expositio in prophetam Micheam
369	126	1191	48	yes	U	Life of Clement of Ohrid: check	THEOPHYLACTUS BULGARIAE ARCHIEPISCOPUS	Appendix ad Theophylacti opera. — Vita S. Clementis Bulgariae archiepiscopi
370	126	1239	8	yes	E	variant readings	THEOPHYLACTUS BULGARIAE ARCHIEPISCOPUS	Variae lectiones ad Commentarium in 4 Evangelia
371	127	19	199	yes	N		NICEPHORUS BRYENNIUS	Historiarum libri IV (ab anno Christi 1057 ad 1081, cum notis Possini et Du Cangii)
372	127	218	257	yes	Y	Yuretich (2018)	CONSTANTINUS MANASSES	Compendium chronicum ab exordio mundi usque ad Nicephorum Botaniatem
373	127	475	38	yes	N		LUCAS ABBAS CRYPTOFERRATENSIS SEPTIMUS	Vita S. Bartholomaei cum nota Editorum Patrologiae
374	127	513	10	yes	N		NICON MONACHUS RAITHENSIS IN PALAESTINA	Liber de praeceptis divinis
375	127	523	8	yes	N		NICON MONACHUS RAITHENSIS IN PALAESTINA	De jejunio Deiparae
376	127			yes	N		ANASTASIUS CAESAREAE PALAESTINAE ARCHIEPISCOPUS	De Artziburio adversus falsam Armenorum religionem
377	127			yes	N		ANASTASIUS CAESAREAE PALAESTINAE ARCHIEPISCOPUS	De jejunio Deiparae
378	127	543	158	yes	N		JACOBUS MONACHUS	Orationes encomiasticae in SS. Virginem, ex editione Ant. Ballerini S. J.
379	127	709	168	yes	N		PHILIPPUS SOLITARIUS	Philippi Solitarii Praefatio ad Callinicum monachum
380	127	709	168	yes	N		PHILIPPUS SOLITARIUS	Dioptra rei Christianae
381	127	877	26	latin-only	N		PHILIPPUS SOLITARIUS	De rebus Armeniae
382	127	903	8	yes	N		JOB MONACHUS	Vita S. Theodorae reginae, Graece in Codice Naniano LXXI, cum interpretatione nostra
383	127	911	14	yes	N		PETRUS CHRYSOLANUS MEDIOLANENSIS ARCHIEPISCOPUS	Epistola ad Alexium imp. de Spiritus sancti processione (Oratio de Spiritu Sancto ad imperatorem Alexium Comnenum)
384	127	925	60	yes	N		ALEXIUS COMNENUS IMP.	Novellae Constitutiones
385	127	985	145	yes	Y	Jordan in BMFD (2000)	IRENE AUGUSTA	Typicum sive Regula pro monasterio SS. Deiparae Gratia-Plenae, ex editione Domni Bern. de Montfaucon
386	127	1130	18	yes	Y	Philokalia vol. 3	ELIAS ECDICUS	Anthologium gnomicum piorum philosophorum (Latine ap. Jac. Pontanum; Graece ex Philocalia)
387	127	1148	29	yes	Y	Philokalia vol. 3	ELIAS ECDICUS	Sententiae gnosticae
388	127	1177	304	unknown	N		NICETAS SERRONIUS (HERACLEENSIS METROPOLITA)	Expositio in Orationes S. Gregorii Nazianzeni (Orr. XXXVIII, XXXIX, XL, XLI, XLII, XLIII, XLIV; Latine interprete Jacobo Billio)
389	127	1481	4	yes	N		NICEPHORUS BOTANIATA IMP.	Aurea Bulla confirmans decreta synodalia Joannis Xiphilini de incestis nuptiis et sponsalibus
390	127	1485		yes	N		NICETAS SEIDUS	De Paschate
391	128	41		yes	N		EUTHYMIUS ZIGABENUS	Euthymii Commentarius in Psalmos Davidis
392	129	107	658	yes	N		EUTHYMIUS ZIGABENUS	Euthymii Expositio in Mattheum
393	129	765	88	yes	N		EUTHYMIUS ZIGABENUS	Euthymii Expositio in Marcum
394	129	853	248	yes	N		EUTHYMIUS ZIGABENUS	Euthymii Expositio in Lucam
395	129	1101	4	yes	N		ANONYMUS	Interpretatio duarum odarum Evangelii Lucae (ex codice Bibl. SS. Synodi Mosquensis CCCII IV)
396	129	1105		yes	N		EUTHYMIUS ZIGABENUS	Euthymii Expositio in Joannem
397	130	9		yes	P	Bogomil title in Hamilton & Hamilton (1998)	EUTHYMIUS ZIGABENUS	Panoplia dogmatica ad Alexium Comnenum, Graece ex editione Tergobystensi anni 1610, cum supplementis Chr. Frid. Matthaei et Frid. Sylburgii; Latine ex interpretatione Francisci Zini, a nobis, ubi opus fuit, suppleta
398	131	9	10	yes	N		EUTHYMIUS ZIGABENUS	Expositio Symboli, ex Christ. Frid. Matthaei Lectionibus Mosquensibus
399	131	19	20	yes	N		EUTHYMIUS ZIGABENUS	Disputatio de fide cum philosopho Saraceno in urbe Melitine, ex cod. Vat. Ottobon. 333
400	131	39	8	yes	U	possibly Hamilton & Hamilton (1998)	EUTHYMIUS ZIGABENUS	Contra Massalianos
401	131	47	12	yes	Y	Hamilton & Hamilton (1998)	EUTHYMIUS ZIGABENUS	Contra Phundagiatas seu Bogomilos
402	131	1244	7	latin-only	N		EUTHYMIUS ZIGABENUS	In Adorationem venerandae zonae sanctissimae Deiparae
403	131	59	6	yes	Y	Sewter/Frankopan (2009); Dawes (1928)	ANNA COMNENA PORPHYROGENITA CAESARISSA	Annae Comnenae Alexias, sive de rebus ab Alexio imperatore vel ejus tempore gestis libri quindecim, ex bibliotheca Barberina primus edidit, Latina interpretatione donavit et Glossario illustravit Petrus Possinus, S. J.; accesserunt Car. Du Fresnii Du Cangii notae historicae et philologicae
404	132	135	948	yes	N		THEOPHANES CERAMEUS, ARCHIEPISCOPUS TAUROMENITANUS	Theophanis Homiliae in Evangelia dominicalia et festa totius anni
405	132	1083	32	yes	N		NILUS DOXAPATRIUS, ECCLESIAE CPOLITANAE SYNCELLUS	Notitia Thronorum patriarchalium, ad Rogerium Siciliae regem, ex Stephani Le Moine Variis Sacris
406	132	1117	32	yes	N		JOANNES ANTIOCHENUS EPISCOPUS	De disciplina monastica et de monasteriis laicis non tradendis
407	132	1149	4	yes	N		JOANNES COMNENUS IMP.	Novellae constitutiones
408	132	1155	62	yes	N		ISAACUS MAGNAE ARMENIAE CATHOLICUS	Oratio invectiva adversus Armenios haereticos
409	132	1217	20	yes	N		ISAACUS MAGNAE ARMENIAE CATHOLICUS	Ejusdem adversus eosdem oratio altera
410	132	1237	20	yes	N		ISAACUS MAGNAE ARMENIAE CATHOLICUS	De rebus Armeniae
411	132	1257		yes	N		ISAACUS MAGNAE ARMENIAE CATHOLICUS	Quomodo recipiendi sunt Armenii haeretici, ex Joan. Bapt. Cotelerii notis ad Constit. Apost., lib. v, cap. 14
412	133	9	52	yes	N		ARSENIUS MONACHUS IN MONTE ATHO	Divinorum canonum synopsis (Epitome canonum)
413	133	61	2	unknown	N		LUCAS CHRYSOBERGES CP. PATRIARCHA	Decreta synodalia XIII
414	133	63	50	yes	N		ALEXIUS ARISTENUS NOMOPHYLAX	Synopsis canonum
415	133	119	180	yes	N		THEORIANUS PHILOSOPHUS CHRISTIANUS	Disputationes cum Armeniis (Disputatio prima et secunda)
416	133	309	370	yes	Y	Brand (1976)	JOANNES CINNAMUS	Historiarum libri septem, cum Du Cangii notis
417	133	695	12	latin-only	N		JOANNES CINNAMUS	Christophori de Bondelmontibus Descriptio urbis Constantinopoleos, cum Du Cangii notis
418	133	707	82	yes	N		MANUEL COMNENUS IMP. CP.	Novellae constitutiones
419	133	789	2	yes	N		ALEXIUS COMNENUS IMP. CP.	Novella constitutio, ne monasteriorum immobilia describantur
420	133	797	126	yes	N		ANDRONICUS COMNENUS IMP. CP.	Dialogus contra Judaeos
421	133	923	40	yes	Y	Stewart, PPTS (1889)	JOANNES PHOCAS	Compendiaria descriptio castrorum et urbium ab urbe Antiochia usque Hierosolymam, necnon Syriae ac Phoeniciae et in Palaestina sacrorum locorum
422	133	963	10	yes	N		PERDICAS PROTONOTARIUS EPHESINUS	Expositio thematum Dominicorum et memorabilium quae Hierosolymis sunt
423	133	973	18	yes	U	possibly PPTS	ANONYMUS	De locis Hierosolymitanis
424	133	991	24	latin-only	Y	Wilkinson, Jerusalem Pilgrimage 1099-1185 (1988)	EUGESIPPUS	Tractatus de distantiis locorum Terrae Sanctae
425	133	1101	120	yes	N		THEODORUS PRODROMUS	Epigrammata in Vetus et Novum Testamentum (ex editione Basileensi)
426	133	1221		yes	N		THEODORUS PRODROMUS	Scripta miscellanea (ex cod. Vatic. CCCV, Ang. Maii)
427	134	39		yes	P	Banchich & Lane (2009) for Severus-Theodosius	JOANNES ZONARAS	Annales
428	135	9	317	yes	P	as above, partial	JOANNES ZONARAS	Annales (Continuatio): Libri XVI-XVIII
429	135	326	7	unknown	N		JOANNES ZONARAS	Epitome annorum ab Adam usque ad annum 6589, hoc est ad initium Alexii Comneni
430	135	413	8	yes	N		JOANNES ZONARAS	Canon in SS. Deiparam
431	135	421	8	yes	N		JOANNES ZONARAS	Expositio Canonum Anastasimorum Damasceni, ex editione Romana, cum interpretatione nostra
432	135	429	9	yes	N		JOANNES ZONARAS	Quod non debeant duo sobrini eamdem in matrimonium accipere (De matrimonio sobrinorum)
433	135	438	57	yes	N		ISAACIUS ANGELUS CPOLITANUS IMP.	Novellae constitutiones
434	135	495	6	yes	N		NEOPHYTUS PRESBYTER	De calamitatibus insulae Cypri imperantibus Latinis
435	135	506	3	yes	N		JOANNES CHILAS EPHESI METROPOLITA	De processione Spiritus sancti ad imp. Andronicum seniorem
436	135	509	8	yes	N		NICOLAUS METHONENSIS IN PELOPONNESO METROPOLITA	De corpore et sanguine Christi
437	135	519	20	yes	N		EUSTATHIUS THESSALONICENSIS METROPOLITA	Oratio in Psalmum XLVIII
438	135	539	30	yes	N		EUSTATHIUS THESSALONICENSIS METROPOLITA	Oratio anno auspicando habita
439	135	569	160	yes	N		EUSTATHIUS THESSALONICENSIS METROPOLITA	Orationes quatuor in S. Quadragesimam
440	135	729	180	latin-only	N		EUSTATHIUS THESSALONICENSIS METROPOLITA	De emendanda vita monachica
441	135	909	16	yes	N		EUSTATHIUS THESSALONICENSIS METROPOLITA	Dialogus Theophilus et Hierocles inscriptus
442	135	925	8	yes	N		EUSTATHIUS THESSALONICENSIS METROPOLITA	Supplicatio Manueli Comneno imp., nomine civitatis Constantinopoleos oblata, cum siccitate laboraret
443	135	933	40	yes	U	Stone, Secular Orations (2013)?	EUSTATHIUS THESSALONICENSIS METROPOLITA	Allocutio ad imp. Manuelem Comnenum, cum esset Myrorum metropolita electus
444	135	973	58	yes	U	as above	EUSTATHIUS THESSALONICENSIS METROPOLITA	Laudatio funebris Manuelis Comneni
445	135	1031	30	yes	N		EUSTATHIUS THESSALONICENSIS METROPOLITA	Epistola ad Thessalonicenses
446	136	9	132	yes	Y	Melville Jones (1988)	EUSTATHIUS THESSALONICENSIS METROPOLITA	De Thessalonica urbe a Latinis capta
447	136	141	20	yes	N		EUSTATHIUS THESSALONICENSIS METROPOLITA	Laudatio S. Philothei Opsiciani
448	136	161	8	yes	N		EUSTATHIUS THESSALONICENSIS METROPOLITA	S. Demetrii martyris Invocationes
449	136	169	48	yes	N		EUSTATHIUS THESSALONICENSIS METROPOLITA	Panegyricus sermo de eodem
450	136	217	46	yes	N		EUSTATHIUS THESSALONICENSIS METROPOLITA	Ad Stylitam quemdam Thessalonicensem
451	136	263	26	yes	N		EUSTATHIUS THESSALONICENSIS METROPOLITA	De SS. Alpheo et sociis martyribus
452	136	289	12	yes	N		EUSTATHIUS THESSALONICENSIS METROPOLITA	De SS. martyribus Anania, Azaria et Misaele in fornacem conjectis
453	136	301	58	yes	N		EUSTATHIUS THESSALONICENSIS METROPOLITA	De obedientia magistratui Christiano debita
454	136	359	14	yes	N		EUSTATHIUS THESSALONICENSIS METROPOLITA	Prologus ad Pindarica
455	136	373	34	yes	N		EUSTATHIUS THESSALONICENSIS METROPOLITA	De simulatione
456	136	407	94	yes	N		EUSTATHIUS THESSALONICENSIS METROPOLITA	Contra injuriarum memoriam
457	136	501	264	yes	N		EUSTATHIUS THESSALONICENSIS METROPOLITA	Expositio hymni pentecostalis Damasceni, ex editione Romana
458	136	1245	88	greek-only	N		EUSTATHIUS THESSALONICENSIS METROPOLITA	Epistolae
459	136	765	480	yes	N		ANTONIUS MELISSA	Sententiae sive loci communes ex sacris et profanis auctoribus collecti
460	137	35	182	yes	N		THEODORUS BALSAMON	Theodori Balsamonis, Zonarae, Aristeni Commentaria in canones SS. Apostolorum, conciliorum et in Epistolas canonicas SS. Patrum
461	137	35	182	yes	N		THEODORUS BALSAMON	Canones SS. Apostolorum
462	137	217	92	yes	N		THEODORUS BALSAMON	Canones oecumenicae Nicaenae synodi I
463	137	309	38	yes	N		THEODORUS BALSAMON	Canones synodi Constantinopolitanae II oecumenicae (Elenchus: 'synodi Constantinopolitanee II')
464	137	347	34	yes	N		THEODORUS BALSAMON	Canones synodi Ephesinae III
465	137	381	116	yes	N		THEODORUS BALSAMON	Canones synodi Chalcedonensis, quartae oecumenicae
466	137	497	4	yes	N		THEODORUS BALSAMON	Synodi Quinisextae (body head: 'De quinta synodo')
467	137	501	374	yes	N		THEODORUS BALSAMON	Synodi in Trullo
468	137	875	128	yes	N		THEODORUS BALSAMON	Canones synodi VII oecumenicae (Elenchus: 'synodi V cecumenicae')
469	137	1003	92	yes	N		THEODORUS BALSAMON	Canones synodi Constantinopolitanae primae et secundae
470	137	1095	26	yes	N		THEODORUS BALSAMON	Canones synodi Carthaginensis
471	137	1121	74	yes	N		THEODORUS BALSAMON	Canones synodi Ancyranae
472	137	1195	38	yes	N		THEODORUS BALSAMON	Canones synodi Neocaesariensis
473	137	1233	40	yes	N		THEODORUS BALSAMON	Canones synodi Gangrensis
474	137	1273	69	yes	N		THEODORUS BALSAMON	Canones synodi Antiochenae
475	137	1342	80	yes	N		THEODORUS BALSAMON	Canones synodi Laodicenae
476	137	1422		yes	N		THEODORUS BALSAMON	Canones synodi Sardicensis
477	138	9	444	yes	N		THEODORUS BALSAMON	Theodori Balsamonis, Zonarae, Aristeni Commentaria in Canones SS. Apostolorum, conciliorum, et in Epistolas canonicas SS. Patrum (Continuatio)
478	138	9	444	yes	N		THEODORUS BALSAMON	Canones synodi Carthaginensis
479	138	453	498	yes	N		THEODORUS BALSAMON	Commentaria in Epistolas canonicas SS. Patrum
480	138	951	62	yes	N		THEODORUS BALSAMON	Responsa ad interrogationes Marci patriarchae Alexandrini
481	138	1013	64	yes	N		THEODORUS BALSAMON	Meditata
482	138	1077	256	yes	N		THEODORUS BALSAMON	Ecclesiasticarum constitutionum collectio
483	138	1333	26	yes	N		THEODORUS BALSAMON	Epistola de jejuniis per annum
484	138	1359		yes	N		THEODORUS BALSAMON	Epistola de Rasophoris seu raso indutis
485	139			yes	N		ISIDORUS THESSALONICENSIS EPISCOPUS	Sermones (In Nativitatem, In Praesentationem, In Annuntiationem, In Dormitionem B. Virginis Mariae)
486	139	169	54	yes	N		NICETAS MARONIENSIS	Dialogi de processione Spiritus Sancti
487	139	223	64	yes	N		JOEL CHRONOGRAPHUS	Chronographia compendiaria
488	139	319	58	yes	Y	Magoulias, O City of Byzantium (1984)	NICETAS CHONIATES	Historia (Nicetae Choniatae Historia)
489	139	377	196	yes	Y	Magoulias (1984)	NICETAS CHONIATES	De rebus gestis Manuelis Comneni libri septem
490	139	573	56	yes	Y	Magoulias (1984)	NICETAS CHONIATES	Imperium Alexii Comneni Porphyrogeniti, Manuelis imperatoris filii
491	139	629	88	yes	Y	Magoulias (1984)	NICETAS CHONIATES	Imperium Andronici Comneni (Liber I, Liber II)
492	139	717	106	yes	Y	Magoulias (1984)	NICETAS CHONIATES	Imperium Isaacii Angeli (Liber I-III)
493	139	823	106	yes	Y	Magoulias (1984)	NICETAS CHONIATES	Imperium Alexii Comneni fratris Isaacii Angeli (Liber I-III)
494	139	929	18	yes	Y	Magoulias (1984)	NICETAS CHONIATES	Isaacii Angeli una cum Alexio filio iteratum imperium
495	139	947	20	yes	Y	Magoulias (1984)	NICETAS CHONIATES	Imperium Alexii Ducae cognomento Murzufli
496	139	967	86	yes	Y	Magoulias (1984)	NICETAS CHONIATES	Liber de rebus gestis post urbem captam
497	139	1053	4	yes	Y	Magoulias (1984)	NICETAS CHONIATES	Narratio de statuis quas Franci Constantinopoli destruxerunt post captam urbem
498	139	1087	4	yes	N		NICETAS CHONIATES	Thesaurus orthodoxae fidei
499	140	9	24	yes	N		NICETAS CHONIATA (Operum continuatio: ex libris Thesauri orthodoxae fidei)	Ex libro VI. De Macedonio
500	140	33	4	latin-only	N		NICETAS CHONIATA (Operum continuatio: ex libris Thesauri orthodoxae fidei)	Ex libro VIII. De Nestorio
501	140	37	30	yes	N		NICETAS CHONIATA (Operum continuatio: ex libris Thesauri orthodoxae fidei)	Ex libro IX. De Eutychete
502	140	67	8	latin-only	N		NICETAS CHONIATA (Operum continuatio: ex libris Thesauri orthodoxae fidei)	Ex libro X. De quinta synodo
503	140	75	6	latin-only	N		NICETAS CHONIATA (Operum continuatio: ex libris Thesauri orthodoxae fidei)	Ex libro XII. De Aphtartodocetarum haeresi
504	140	81	8	yes	N		NICETAS CHONIATA (Operum continuatio: ex libris Thesauri orthodoxae fidei)	Ex libro XV. De sexta synodo
505	140	89	16	yes	N		NICETAS CHONIATA (Operum continuatio: ex libris Thesauri orthodoxae fidei)	Ex libro XVII. De haeresibus Armeniorum
506	140	105	18	yes	N		NICETAS CHONIATA (Operum continuatio: ex libris Thesauri orthodoxae fidei)	Ex libro XX. De superstitione Agarenorum
507	140	123	12	yes	N		NICETAS CHONIATA (Operum continuatio: ex libris Thesauri orthodoxae fidei)	De receptione eorum qui ab Agarenis ad rectam fidem accedunt (Ordo qui observatur super iis qui a Saracenis ... se convertunt)
508	140			unknown	N		NICETAS CHONIATA (Operum continuatio: ex libris Thesauri orthodoxae fidei)	Formula altera in Sylburgii notis
509	140	135	2	yes	N		NICETAS CHONIATA (Operum continuatio: ex libris Thesauri orthodoxae fidei)	Ex libro XXII. De erroribus Eustratii, Niceni metropolitae
510	140	137	64	yes	N		NICETAS CHONIATA (Operum continuatio: ex libris Thesauri orthodoxae fidei)	Ex libro XXIV. Synodus Graecae Ecclesiae de dogmate circa illa verba 'Tu es qui offers et qui offereris et qui recipis' ... contra Soterichum Antiochenum electum (cum Soterichi dialogo cum Philone)
511	140	201	80	yes	N		NICETAS CHONIATA (Operum continuatio: ex libris Thesauri orthodoxae fidei)	Ex libro XXV. Synodus habita propter illud dictum 'Pater meus major me est' (Praemittitur Editoris Romani Monitum)
512	140	281	2	yes	N		NICETAS CHONIATA (Operum continuatio: ex libris Thesauri orthodoxae fidei)	Ex libro incerto. De Lizicinorum haeresi
513	140	293	6	yes	N		CPOLITANI (ANONYMI GRAECI) AD INNOCENTIUM III	Graecorum ad Innocentium III Pontificem Romanum Epistola, scripta post captam a Latinis Cpolin, regnante Henrico imperatore
514	140	323	6	latin-only	N		MICHAEL ACOMINATUS CHONIATA, ATHENIENSIS ARCHIEPISCOPUS, NICETAE FRATER	Oratio habita in die festo Palmarum
515	140	329	8	yes	N		MICHAEL ACOMINATUS CHONIATA, ATHENIENSIS ARCHIEPISCOPUS, NICETAE FRATER	Epistolae ad Eustathium Thessalonicensem archiepiscopum
516	140	337	24	yes	N		MICHAEL ACOMINATUS CHONIATA, ATHENIENSIS ARCHIEPISCOPUS, NICETAE FRATER	Monodia in Eustathium defunctum
517	140	361	16	latin-only	N		MICHAEL ACOMINATUS CHONIATA, ATHENIENSIS ARCHIEPISCOPUS, NICETAE FRATER	Monodia in funere fratris habita
518	140	377	6	yes	N		MICHAEL ACOMINATUS CHONIATA, ATHENIENSIS ARCHIEPISCOPUS, NICETAE FRATER	Hypomnesticon ad imp. Alexium Comnenum de fisci exactionibus (Oratio ad Alexium Comnenum pro Atheniensibus)
519	140	383	4	yes	N		MICHAEL ACOMINATUS CHONIATA, ATHENIENSIS ARCHIEPISCOPUS, NICETAE FRATER	Iambi de pristina urbis Athenarum dignitate
520	140	1221	26	yes	N		MICHAEL ACOMINATUS CHONIATA, ATHENIENSIS ARCHIEPISCOPUS, NICETAE FRATER	Appendix. Laudatio SS. archangelorum Michaelis et Gabrielis
521	140	1247	12	greek-only	N		MICHAEL ACOMINATUS CHONIATA, ATHENIENSIS ARCHIEPISCOPUS, NICETAE FRATER	Nicetae Acominati ... Monodia in Nicetam Choniatem fratrem suum (Textus Graecus; Latine supra col. 361)
522	140	387	26	yes	N		THEODORUS ALANIAE EPISCOPUS	Alanicus, sive Sermo epistolaris ad episcopos Cpolitanos de suo per Alaniam itinere
523	140	413	4	yes	N		THEODORUS ALANIAE EPISCOPUS	Ejusdem ex inedito opusculo ad fratrem natu minorem
524	140	417	50	yes	N		THEODORUS ANDIDENSIS EPISCOPUS	De divinae Liturgiae symbolis ac mysteriis
525	140	467	18	yes	N		MANUEL MAGNUS RHETOR CPOLITANUS	De processione Spiritus Sancti. Disputatio cum fratre Francisco, ordinis Praedicatorum (Apologia et refutatio)
526	140	485	88	latin-only	N		PANTALEO DIACONUS CP.	Tractatus contra errores Graecorum
527	140	573	20	latin-only	N		PANTALEO DIACONUS CP.	Narratio miraculorum Michaelis archangeli
528	140	601	12	yes	N		GERMANUS II, CPOLITANUS PATRIARCHA	Epistola prima ad Cyprios
529	140	613	10	yes	N		GERMANUS II, CPOLITANUS PATRIARCHA	Epistola II ad Cyprios
530	140	623	138	yes	N		GERMANUS II, CPOLITANUS PATRIARCHA	Homiliae
531	140	761	10	yes	N		THEODORUS DUCAS LASCARIS, IMP.	De nominibus divinis (Premittitur Editoris Romani Monitum)
532	140	771	8	yes	N		THEODORUS DUCAS LASCARIS, IMP.	Canon exhortatorius ad SS. Deiparam
533	140	1259	138	yes	N		THEODORUS DUCAS LASCARIS, IMP.	De communicatione naturali libri sex (Latine ex editione Basileensi, Graece ex cod. Paris.)
534	140	779	26	yes	N		METHODIUS MONACHUS	De schismate vitando (Premittitur Editoris Romani Monitum)
535	140	805	6	yes	N		NICEPHORUS CPOLITANUS PATRIARCHA (II)	Contra eos qui dicunt mortuos sacro oleo ungendos esse
536	140	811	76	yes	N		CONSTANTINUS ACROPOLITA	Sermo in S. Joannem Damascenum
537	140	887	48	yes	N		CONSTANTINUS ACROPOLITA	Sermo in sanctam Theodosiam (De sancta Theodosia martyre CP.; Commentarius praevius)
538	140	935	8	yes	N		ARSENIUS AUTORIANUS CPOLITANUS PATRIARCHA	Anacreonticon in Dominicam Resurrectionis
539	140	943	6	yes	N		ARSENIUS AUTORIANUS CPOLITANUS PATRIARCHA	Privilegium pro monasterio SS. Deiparae Macrinitissae
540	140	949	18	yes	N		ARSENIUS AUTORIANUS CPOLITANUS PATRIARCHA	Testamentum
541	140	967	254	yes	Y	Macrides (2007)	GEORGIUS ACROPOLITA	Annales (a capta anno 1204 a Latinis Cpoli usque ad eamdem anno 1261 a Michaele Palaeologo recuperatam)
542	140	1399	32	yes	N		NICEPHORUS CHUMNUS, CANICLEO PRAEFECTUS (NATHANAEL MONACHUS)	Antitheticus adversus Plotinum de anima (ex Creuzeri editione)
543	140	1431	20	yes	N		NICEPHORUS CHUMNUS, CANICLEO PRAEFECTUS (NATHANAEL MONACHUS)	Sermo consolatorius ad filiam suam imperatricem ob viduitatis ejus maerorem
544	140	1451	4	yes	N		NICEPHORUS CHUMNUS, CANICLEO PRAEFECTUS (NATHANAEL MONACHUS)	De miraculo in Cana facto
545	140	1455	10	yes	N		NICEPHORUS CHUMNUS, CANICLEO PRAEFECTUS (NATHANAEL MONACHUS)	De petitione Elisaei ad Eliam
546	140	1465	32	yes	N		NICEPHORUS CHUMNUS, CANICLEO PRAEFECTUS (NATHANAEL MONACHUS)	Testamentum
547	140	1497	30	yes	N		NICEPHORUS CHUMNUS, CANICLEO PRAEFECTUS (NATHANAEL MONACHUS)	De festo Dormitionis S. Mariae
548	140	1527	34	yes	N		ALEXANDER PAPA IV	Constitutio Cypria
549	140	1561		latin-only	N		SIXTUS IV PAPA	Bulla ad episcopos Graecos, Armenos, Nestorianos et Jacobitas in insula Cypro constitutos (Constitutio Cypria, appendix)
550	141	13	144	yes	U	Bekkos: some English online (unpublished); check	JOANNES VECCUS CP. PATRIARCHA	De unione Ecclesiarum veteris et novae Romae (ex Leonis Allatii Graecia orthodoxa)
551	141	157	118	yes	U	Bekkos: some English online (unpublished); check	JOANNES VECCUS CP. PATRIARCHA	De processione Spiritus sancti
552	141	275	6	yes	U	Bekkos: some English online (unpublished); check	JOANNES VECCUS CP. PATRIARCHA	Epistola ad Agallianum Magnae Ecclesiae diaconum
553	141	281	8	yes	U	Bekkos: some English online (unpublished); check	JOANNES VECCUS CP. PATRIARCHA	Sententia synodalis
554	141	289	48	yes	U	Bekkos: some English online (unpublished); check	JOANNES VECCUS CP. PATRIARCHA	Ad Theodorum Sugdeae episcopum libri tres
555	141	337	58	yes	U	Bekkos: some English online (unpublished); check	JOANNES VECCUS CP. PATRIARCHA	Ad Constantinum libri quatuor
556	141	395	218	yes	U	Bekkos: some English online (unpublished); check	JOANNES VECCUS CP. PATRIARCHA	Adversus Andronicum Camaterum (Refutationes in Camateri animadversiones, with the patristic dicta)
557	141	613	112	yes	U	Bekkos: some English online (unpublished); check	JOANNES VECCUS CP. PATRIARCHA	Epigraphae sive praescriptiones in dicta ac sententias sanctorum Patrum de processione Spiritus sancti
558	141	725	140	yes	U	Bekkos: some English online (unpublished); check	JOANNES VECCUS CP. PATRIARCHA	Refutatio libri Photii de processione Spiritus sancti (ed. J. Hergenroether, ex ms. Laurentiano)
559	141	865	60	yes	U	Bekkos: some English online (unpublished); check	JOANNES VECCUS CP. PATRIARCHA	Refutatio libri Georgii Cyprii
560	141	925	18	yes	U	Bekkos: some English online (unpublished); check	JOANNES VECCUS CP. PATRIARCHA	De pace ecclesiastica fragmentum
561	141	943	6	yes	U	Bekkos: some English online (unpublished); check	JOANNES VECCUS CP. PATRIARCHA	Epistola ad Joannem Papam cum professione fidei et recognitione primatus
562	141	949	60	yes	U	Bekkos: some English online (unpublished); check	JOANNES VECCUS CP. PATRIARCHA	De depositione sua orationes (Oratio I, Oratio II)
563	141	1009	10	yes	U	Bekkos: some English online (unpublished); check	JOANNES VECCUS CP. PATRIARCHA	Apologia
564	141	1019	8	yes	U	Bekkos: some English online (unpublished); check	JOANNES VECCUS CP. PATRIARCHA	De libris suis (De omnibus suis libris et scriptionum suarum consensione animadversio)
565	141	1027	4	yes	U	Bekkos: some English online (unpublished); check	JOANNES VECCUS CP. PATRIARCHA	Testamentum
566	141	1031	244	yes	N		CONSTANTINUS MELITENIOTA, MAGNAE ECCLESIAE CHARTOPHYLAX	De ecclesiastica unione Latinorum et Graecorum et de processione Spiritus sancti per Filium orationes duae
567	141	1275	32	yes	N		GEORGIUS METOCHITA, MAGNAE ECCLESIAE DIACONUS	Contra Maximum Planudem (Refutatio trium capitum a Maximo Planude monacho editorum)
568	141	1307	98	yes	N		GEORGIUS METOCHITA, MAGNAE ECCLESIAE DIACONUS	Contra Manuelem Cretensem
569	141	1405	14	yes	N		GEORGIUS METOCHITA, MAGNAE ECCLESIAE DIACONUS	Fragmentum ex libris de processione Spiritus sancti (ex libro IV; ex libro V; ex eodem libro)
570	141	1419	2	yes	N		GEORGIUS METOCHITA, MAGNAE ECCLESIAE DIACONUS	De unione Ecclesiarum (fragmentum)
571	141	1421		yes	N		GEORGIUS METOCHITA, MAGNAE ECCLESIAE DIACONUS	De dissidio Ecclesiarum fragmenta duo historica
572	142	17	202	yes	U	Papadakis, Crisis in Byzantium: Tomus translated; autobiography? check	GEORGIUS CYPRIUS CPOLITANUS PATRIARCHA	Georgii Cyprii Vita, ab ipso scripta, et ex cod. Leydensi a Bernardo de Rubeis edita et notis illustrata; accedunt Dissertationes duae historico-dogmaticae
573	142	233	14	greek-only	N		GEORGIUS CYPRIUS CPOLITANUS PATRIARCHA	Georgii Cyprii Expositio fidei, contra Veccum. Accedit Joannis Chilae, Ephesi metropolitae, Epistola ad imperatorem
574	142	247	4	greek-only	N		GEORGIUS CYPRIUS CPOLITANUS PATRIARCHA	Contra Marcum, ex Judaeo Christianum
575	142	251	16	greek-only	N		GEORGIUS CYPRIUS CPOLITANUS PATRIARCHA	Apologia pro tomo suo, pravae doctrinae suspecto
576	142	267	2	greek-only	N		GEORGIUS CYPRIUS CPOLITANUS PATRIARCHA	Epistola ad Andronicum imp.
577	142	269	30	greek-only	N		GEORGIUS CYPRIUS CPOLITANUS PATRIARCHA	De processione Spiritus sancti, ex Dosithei Τόμῳ ἀγάπης
578	142	299	46	yes	N		GEORGIUS CYPRIUS CPOLITANUS PATRIARCHA	Laudatio S. Georgii martyris, ex cod. Vatic. in Aprili Bollandiano
579	142	345	42	yes	N		GEORGIUS CYPRIUS CPOLITANUS PATRIARCHA	Encomium Michaelis Palaeologi, « novi Constantini », ex Boissonadii Anecdotis, cum interpretatione nostra
580	142	387	30	yes	N		GEORGIUS CYPRIUS CPOLITANUS PATRIARCHA	Encomium Andronici Palaeologi, ex eodem ibidem
581	142	417	4	yes	N		GEORGIUS CYPRIUS CPOLITANUS PATRIARCHA	Chria, id est oratoriae amplificationis specimen
582	142	433	12	yes	N		GEORGIUS CYPRIUS CPOLITANUS PATRIARCHA	Encomium maris, sive de universa aquae natura, ex ed. Fed. Morelli
583	142	445	26	yes	N		GEORGIUS CYPRIUS CPOLITANUS PATRIARCHA	Proverbiorum collectio, ad calcem Apostolii
584	142	479	34	yes	Y	Talbot, Correspondence of Athanasius I (1975); check	ATHANASIUS CPOLITANUS PATRIARCHA	Epistola
585	142	513	14	latin-only	Y	Talbot (1975); check	ATHANASIUS CPOLITANUS PATRIARCHA	De necessaria episcoporum residentia epistolae octo (Latine edidit Turrianus)
586	142	533	52	yes	N		NICEPHORUS BLEMMIDA	De processione Spiritus sancti orationes duae, ex Leonis Allatii Graec. orthod.
587	142	585	22	yes	N		NICEPHORUS BLEMMIDA	Sermo ad monachos monasterii ab ipso exstructi, ex Dosithei Τόμῳ ἀγάπης
588	142	607	2	yes	N		NICEPHORUS BLEMMIDA	Epistola encyclica de Marchesina, imp. Joan. Ducae pellice, quam templo ejecerat Blemmida
589	142	609	48	yes	N		NICEPHORUS BLEMMIDA	Oratio de regis officiis. Praemittitur editoris Romani Monitum
590	142	657	18	greek-only	N		NICEPHORUS BLEMMIDA	Ejusdem orationis textus alter
591	142	675	330	yes	N		NICEPHORUS BLEMMIDA	Epitome logica, Graece an. 1605 Augustae Vindel., Latine 1607 ibid., a Joanne Wegelino edita
592	142	1005	316	yes	N		NICEPHORUS BLEMMIDA	Epitome physica, ex ejusdem editione
593	142	1321		greek-only	N		NICEPHORUS BLEMMIDA	Expositio in Psalmos, ex tribus codd. Gr. Paris. 150, 810 et Coislin. 102 nunc primum edita
594	143	11	338	yes	N		EPHRAEMIUS CHRONOGRAPHUS	Ephraemii Caesares, ab Julio Caesare ad Michaelem Palaeologum
595	143	349	30	yes	N		EPHRAEMIUS CHRONOGRAPHUS	Patriarcharum CP. Catalogus
596	143	381	22	yes	Y	Philokalia vol. 4	THEOLEPTUS PHILADELPHIENSIUM METROPOLITA	De abscondita operatione in Christo et profectu in vita monastica, ex Φιλοκαλίας τῶν ἱερῶν νηπτικῶν
597	143	403	4	yes	N		THEOLEPTUS PHILADELPHIENSIUM METROPOLITA	Canticum compunctionis ex meditatione aeterni judicii
598	143	443	552	yes	N		GEORGIUS PACHYMERES	Georgii Pachymerae Michael Palaeologus, sive Historia rerum a Michaele Palaeologo ante imperium et in imperio gestarum
599	143	995	222	latin-only	E	Possinus' observations	GEORGIUS PACHYMERES	Petri Possini ad Historiam rerum Michaelis Palaeologi Observationes
600	143	1217		latin-only	E	appendix	GEORGIUS PACHYMERES	Appendix ad Petri Possini observationes. Specimen Sapientiae Indorum veterum
601	144	15	700	yes	N		GEORGIUS PACHYMERES	Georgii Pachymerae Andronicus Palaeologus, sive Historia rerum ab Andronico Palaeologo seniore in imperio gestarum usque ad annum ejus aetatis undequinquagesimum
602	144	715	202	latin-only	E	Possinus' observations	GEORGIUS PACHYMERES	Petri Possini Observationum Pachymerianarum ad Historiam rerum ab Andronico Palaeologo seniore in imperio gestarum libri tres
603	144	917	6	yes	N		GEORGIUS PACHYMERES	Georgii Pachymerae Descriptio Augusteonis sive atrii ecclesiae S. Sophiae
604	144	923	6	yes	N		GEORGIUS PACHYMERES	Adversus eos qui dicunt ideo dici Spiritum sanctum, Spiritum Filii, quod habeat eamdem ac ille naturam, vel quod dignis ab eo suppeditatur; ex Leonis Allatii Graecia orthodoxa
605	144	947	6	yes	N		THEODORUS METOCHITA MAGNUS LOGOTHETA	De lingua Graeca Aegypti
606	144	959	442	yes	P	Viscuso (marriage sections)	MATTHAEUS BLASTARES HIEROMONACHUS	Syntagma alphabeticum rerum omnium quae in sacris Canonibus comprehenduntur, juxta novissimam editionem Atheniensem
607	145	9	204	yes	P	as above	MATTHAEUS BLASTARES HIEROMONACHUS	Syntagma Canonum (Continuatio)
608	145	215	138	yes	N		THEODULUS MONACHUS, ALIAS THOMAS MAGISTER	Laudatio S. Gregorii Theologi, ex ed. Laur. Noemanni, Upsal. 1003 [year as OCR reads]
609	145	353	20	yes	N		THEODULUS MONACHUS, ALIAS THOMAS MAGISTER	Oratio pro Chandreno, ex cod. Reg. 2699, cum interpretatione nostra
610	145	373	8	yes	N		THEODULUS MONACHUS, ALIAS THOMAS MAGISTER	Oratio gratulatoria ad Angelum Stratopedarcham, ed. Laur. Nini [OCR; name uncertain]
611	145	381	8	yes	N		THEODULUS MONACHUS, ALIAS THOMAS MAGISTER	Oratio gratulatoria ad magnum logothetam Metochitam, ex ejusdem editione
612	145	389	8	yes	N		THEODULUS MONACHUS, ALIAS THOMAS MAGISTER	Oratio gratulatoria ad Niphonem patriarcham, ex eadem
613	145	397	6	yes	N		THEODULUS MONACHUS, ALIAS THOMAS MAGISTER	Laudatio regis Cypri, ex eodem
614	145	403	44	yes	N		THEODULUS MONACHUS, ALIAS THOMAS MAGISTER	Epistolae
615	145	447	48	yes	N		THEODULUS MONACHUS, ALIAS THOMAS MAGISTER	Oratio de regis officiis, ad Andronicum II Palaeologum, ex edit. Rom., cum interpretatione nostra
616	145	495	52	yes	N		THEODULUS MONACHUS, ALIAS THOMAS MAGISTER	Oratio de subditorum officiis
617	145	557	2	yes	N		NICEPHORUS CALLISTUS XANTHOPULUS	Ecclesiasticae Historiae libri I-VII (Elenchus; the work is libri XVIII, Tomus prior)
618	145	559		yes	N		NICEPHORUS CALLISTUS XANTHOPULUS	Allocutio encomiastica ad Andronicum Palaeologum (Prooemium, 'super libro Historiae ecclesiasticae')
619	146	9		yes	N		NICEPHORUS CALLISTUS XANTHOPULUS	Ecclesiasticae Historiae libri VIII-XIV
620	147	9	440	yes	N		NICEPHORUS CALLISTUS XANTHOPULUS	Ecclesiasticae Historiae libri XV-XVIII (Continuatio et finis)
621	147	449	20	yes	N		NICEPHORUS CALLISTUS XANTHOPULUS	Enarratio de episcopis Byzantii et de patriarchis omnibus Cpolitanis
622	147	539	36	yes	N		NICEPHORUS CALLISTUS XANTHOPULUS	Sermo in sanctam et apostolis aequalem unguentiferam Mariam Magdalenam, ex Bandinii Catalogo
623	147	575	2	yes	N		NICEPHORUS CALLISTUS XANTHOPULUS	Precatio in calamitate populi
624	147	577	4	yes	N		NICEPHORUS CALLISTUS XANTHOPULUS	Aliae orationes in populi afflictione
625	147	581	2	yes	N		NICEPHORUS CALLISTUS XANTHOPULUS	Oratio pro Christiano populo
626	147	583	2	yes	N		NICEPHORUS CALLISTUS XANTHOPULUS	Oratio in imperatorem et in ejus exercitum
627	147	585	2	yes	N		NICEPHORUS CALLISTUS XANTHOPULUS	Oratio in pretiosae et vivificae crucis elevationem
628	147	587	2	yes	N		NICEPHORUS CALLISTUS XANTHOPULUS	Oratio in sacri templi dedicatione
629	147	589	2	yes	N		NICEPHORUS CALLISTUS XANTHOPULUS	Oratio altera in templi dedicatione
630	147	591	10	yes	N		NICEPHORUS CALLISTUS XANTHOPULUS	Precatio confessoria ad creatorem ac plasmatorem nostrum
631	147	601	4	yes	N		NICEPHORUS CALLISTUS XANTHOPULUS	De excidio Hierosolymitano carmen iambicum trimetrum
632	147	605	28	yes	N		NICEPHORUS CALLISTUS XANTHOPULUS	Divinae Scripturae synopsis
633	147	635	178	yes	Y	Kadloubovsky & Palmer, Writings from the Philokalia on Prayer of the Heart (1951)	CALLISTUS ET IGNATIUS XANTHOPULI MONACHI	Methodus et Regula accuratissima de his qui elegerunt pacifice vivere et monastice; de directione et vita et regimine eorum
634	147	813	4	yes	U	possibly Kadloubovsky & Palmer (1951)	CALLISTUS PATRIARCHA CPOLITANUS	Capitula de precatione
635	147	817	10	yes	U	as above	CALLISTUS TELICOUDES	Capitula de quieta conversatione
636	147	827	6	yes	U	as above	CALLISTUS TELICOUDES	Selecta e sanctis Patribus de Oratione et Attentione
637	147	835	108	yes	U	check	CALLISTUS CATAPHUGIOTA	De unione cum Deo et vita contemplativa (ex syllogisticis et altipetis capitulis quae supersunt)
638	147	945	22	yes	Y	Philokalia vol. 4	NICEPHORUS MONACHUS	Tractatus de sobrietate et cordis custodia
639	147	985	32	yes	N		MAXIMUS PLANUDES CPOLITANUS MONACHUS	Oratio in corporis Domini Dei nostri Jesu Christi sepulturam et in sanctissimae Deiparae ac Dominae nostrae lamentationem
640	147	1017	94	yes	N		MAXIMUS PLANUDES CPOLITANUS MONACHUS	Encomium in sanctos et omni laude prosequendos apostolorum coryphaeos Petrum et Paulum (integrum ex codice Coisliniano 1187, cum interpretatione nostra usque ad locum unde incipit editio Gretseri)
641	147	1111	18	yes	E	Planudes' Greek of Augustine	MAXIMUS PLANUDES CPOLITANUS MONACHUS	Interpretatio nonnullorum capitum S. Augustini ex decimo quinto De Trinitate quae Spiritum sanctum etiam ex Filio procedere ostendunt
642	147	1129	2	yes	N		MAXIMUS PLANUDES CPOLITANUS MONACHUS	Syllogismi de processione Spiritus sancti contra Latinos (Vide tom. CLXI, col. 309, ubi cum Bessarionis et Demetrii Cydonii refutationibus eduntur)
643	147	1131	26	yes	E	Greek of Augustine	MAXIMUS PLANUDES CPOLITANUS MONACHUS	Appendix. Incerti ex Augustino in Joannem De processione Spiritus sancti
644	147	1157	8	yes	E	Greek of Ps.-Augustine	MAXIMUS PLANUDES CPOLITANUS MONACHUS	Fragmentum libri S. Augustino ascripti de cognitione verae vitae, Graece conversum
645	147	1165	4	yes	N		MAXIMUS PLANUDES CPOLITANUS MONACHUS	Epistola ad Manuelem Philen. Subnectitur Catalogus Epistolarum Planudae ex codice Vaticano
646	147	1169	6	yes	N		MAXIMUS PLANUDES CPOLITANUS MONACHUS	Comparatio Hiemis et Veris, ex cod. Graeco Parisiensi n. 1187 notato, nunc primum edita
647	147	1175	2	yes	N		MAXIMUS PLANUDES CPOLITANUS MONACHUS	Versus iambici in SS. Marcianum et Martyrium et in S. Andream eaedem
648	148	119		yes	N		NICEPHORUS GREGORAS	Nicephori Gregoræ Byzantinæ Historiæ libri XXXVII, cum variorum notis, Wolfi scilicet, Du Cangii, Boivini et Caperonii
649	149	9	494	yes	N		NICEPHORUS GREGORAS	Byzantinæ Historiæ libri XXV-XXXVII
650	149	503	18	yes	N		NICEPHORI GREGORÆ SCRIPTA ALIA VARII ARGUMENTI	Martyrium S. Codrati et Sociorum Corinthi in Peloponneso
651	149	521	122	yes	N		NICEPHORI GREGORÆ SCRIPTA ALIA VARII ARGUMENTI	Scholia in librum Synesii De insomniis
652	149	643	4	yes	N		NICEPHORI GREGORÆ SCRIPTA ALIA VARII ARGUMENTI	Fragmenta ex Nicephori Dialogo cui titulus: Florentius
653	149	647	16	yes	N		NICEPHORI GREGORÆ SCRIPTA ALIA VARII ARGUMENTI	Nicephori Gregoræ Epistolæ XVI
654	149	663	4	yes	N		NICEPHORI GREGORÆ SCRIPTA ALIA VARII ARGUMENTI	Prologus encomiasticus in Odysseam breviter perstringens poematis indolem
655	149	667	6	yes	N		NICEPHORI GREGORÆ SCRIPTA ALIA VARII ARGUMENTI	Moralis enarratio peregrinationum Ulyssis
656	149	683	46	yes	Y	Gressop (1560)	NILUS CABASILAS THESSALONICENSIS METROPOLITA	De causis dissensionum in Ecclesia et de primatu Papæ
657	149	729	148	yes	N		NILUS CABASILAS THESSALONICENSIS METROPOLITA	Joannis Matthei Caryophylli, archiepiscopi Iconiensis, Confutatio Nili, ad Urbanum VIII Pontificem Maximum
658	149	883	104	yes	N		THEODORUS MELITENIOTA, MAGNÆ ECCLESIÆ SACELLARIUS	Ethica sermonum in Evangelia
659	149	987	14	yes	N		THEODORUS MELITENIOTA, MAGNÆ ECCLESIÆ SACELLARIUS	Ex libro de astronomia
660	149	1009	38	yes	N		GEORGIUS LAPITHA	Carmen morale
661	149	1047	4	greek-only	E	library catalogue	CATALOGUS LIBRORUM MONASTERII INSULÆ PATMI SÆCULO XIV	Catalogus librorum monasterii insulæ Patmi sæculo XIV
662	149	1067		yes	N		ADDENDA	Nicephori Gregoræ Allocutio ad Andronicum Palæologum, cum victor rediisset
663	150	19	10	yes	N		CONSTANTINUS HARMENOPULUS	Constantini Harmenopuli libellus de opinionibus hæreticorum qui singulis temporibus exstiterunt
664	150	29	12	yes	N		CONSTANTINUS HARMENOPULUS	De fide orthodoxa
665	150	41	2	yes	N		CONSTANTINUS HARMENOPULUS	Narratiuncula de tribus tomis synodicis sub imperatoribus Constantino Porphyrogenito, Manuele Comneno, et Michaele Palæologo promulgatis, in quibus omnes adversus imperatoriam majestatem turbarum aut rebellionis duces, eorumque adjutores et conscii anathemate percutiuntur
666	150	43	2	yes	N		CONSTANTINUS HARMENOPULUS	Tomus contra Gregorium Palamam
667	150	45	128	yes	N		CONSTANTINUS HARMENOPULUS	Epitome divinorum sacrorumque canonum a venerabili sebasto et nomophylace judiceque Thessalonicensi, D. Constantino Harmenopulo confecta
668	150	173	60	yes	N		MACARIUS CHRYSOCEPHALUS PHILADELPHIENSIS METROPOLITA	Macarii Chrysocephali Philadelphiensis metropolitæ oratio in exaltationem venerandæ et vivificæ Crucis
669	150	233	6	yes	N		MACARIUS CHRYSOCEPHALUS PHILADELPHIENSIS METROPOLITA	Oratio Macarii Philadelphiensis episcopi in Barbarorum incursus
670	150	239	6	yes	N		MACARIUS CHRYSOCEPHALUS PHILADELPHIENSIS METROPOLITA	Proemia ad Commentarios in Novum Testamentum
671	150			unknown	N		MACARIUS CHRYSOCEPHALUS PHILADELPHIENSIS METROPOLITA	De universali Orthodoxiæ solemnitate, ob restitutum sacrarum imaginum honorem
672	150	245	4	yes	N		MACARIUS CHRYSOCEPHALUS PHILADELPHIENSIS METROPOLITA	Rhodonia sive Florilegium (Excerpta)
673	150	249	4	yes	N		JOANNES CALECA CPOLITANUS PATRIARCHA	Joannis Calecæ homiliarum ineditarum Index ex Montefalconii Bibl. Coislin.
674	150	253	10	yes	N		JOANNES CALECA CPOLITANUS PATRIARCHA	Homilia in Dominicam ante Exaltationem
675	150	263	16	yes	N		JOANNES CALECA CPOLITANUS PATRIARCHA	Homilia in tertiam Jejuniorum Dominicam
676	150	281	70	yes	N		THEOPHANES NICAENUS ARCHIEPISCOPUS	Theophanis Epistolæ
677	150	351	4	yes	N		THEOPHANES NICAENUS ARCHIEPISCOPUS	Oratio qua Domino nostro Jesu Christo gratiæ aguntur pro liberatione pestis ac mortis
678	150	363	128	yes	Y	Hussey & McNulty (1960)	NICOLAUS CABASILA THESSALONICENSIS METROPOLITA	De divino altaris Sacrificio (præmittitur Gentiani Herveti interpretis ad lectorem admonitio)
679	150	491	236	yes	Y	deCatanzaro (1974)	NICOLAUS CABASILA THESSALONICENSIS METROPOLITA	De vita in Christo libri septem (Latine interpr. Jacobi Pontani; Græce ...)
680	150	727	22	yes	N		NICOLAUS CABASILA THESSALONICENSIS METROPOLITA	Sermo contra feneratores (ex Davidis Hoeschelii editione, cujus lacunas supplevimus ope codd. Paris. 970 et 1215)
681	150	749	22	yes	N		NICOLAUS CABASILA THESSALONICENSIS METROPOLITA	Laudatio sanctæ in Thessalonica Theodoræ, sanctimonialis Thessalonicensis, cum prævio Danielis Papebrochii commentario
682	150	843	66	yes	E	editorial dissertation	GREGORIUS PALAMAS THESSALONICENSIS METROPOLITA	De Gregorio Palama, archiepiscopo Thessalonicensi, a nonnullis Græcorum in numerum sanctorum ascito, Græcorum Sententiæ
683	150	909	50	yes	N		GREGORIUS PALAMAS THESSALONICENSIS METROPOLITA	Gregorii Palamæ Opera: Theophanes, sive de divinitatis et rerum divinarum communicabilitate et incommunicabilitate
684	150	959	30	yes	N		GREGORIUS PALAMAS THESSALONICENSIS METROPOLITA	Prosopopeia, id est Dialogus Corporis et Animæ coram judicibus causam dicentium
685	150	989	52	yes	N		GREGORIUS PALAMAS THESSALONICENSIS METROPOLITA	Vita S. Petri Athonitæ (præmittitur Joannis Janningi Commentarius)
686	150	1045	44	yes	Y	Philokalia vol. 4	GREGORIUS PALAMAS THESSALONICENSIS METROPOLITA	De passionibus, virtutibus, et mentalis quietudinis fructibus, ad Xenam sanctimonialem
687	150	1089	12	yes	Y	Philokalia vol. 4	GREGORIUS PALAMAS THESSALONICENSIS METROPOLITA	Decalogus Christianæ legis
688	150	1101	16	yes	Y	Philokalia vol. 4	GREGORIUS PALAMAS THESSALONICENSIS METROPOLITA	De Hesychastis
689	150	1117	4	yes	Y	Philokalia vol. 4	GREGORIUS PALAMAS THESSALONICENSIS METROPOLITA	De oratione et puritate cordis
690	150	1121	104	yes	Y	Sinkewicz (1988); Philokalia vol. 4	GREGORIUS PALAMAS THESSALONICENSIS METROPOLITA	Capita CL physica, theologica, moralia et practica
691	150	1225	12	yes	Y	Philokalia vol. 4	GREGORIUS PALAMAS THESSALONICENSIS METROPOLITA	Hagioriticus tomus pro Hesychastis (cui inter alios subscribit « monachorum minimus Joasaph, quondam Joannes Cantacuzenus Cpolitanus »)
692	150	1239	60	yes	Y	Philokalia vol. 4	GREGORIUS SINAITA (printed under Palamas)	Gregorii Sinaitæ capita de ascesi per acrostichidem ('capita valde utilia')
693	150	1299	4	yes	Y	Philokalia vol. 4	GREGORIUS SINAITA (printed under Palamas)	Ejusdem capita alia
694	150	1303	10	yes	Y	Philokalia vol. 4	GREGORIUS SINAITA (printed under Palamas)	Ejusdem accurata dissertatio de quiete et oratione; item de signis gratiæ et erroris; et quæ sit differentia fervoris et orationis; et quod sine duce facile superveniat error
695	150	1313	16	yes	Y	Philokalia vol. 4	GREGORIUS SINAITA (printed under Palamas)	Ejusdem de quietudine et duobus orationis modis capita quindecim
696	150	1329		yes	Y	Philokalia vol. 4	GREGORIUS SINAITA (printed under Palamas)	Quomodo oporteat sedere Hesychastam ad orationem nec cito assurgere
697	151	1	550	yes	Y	Veniamin (2009)	GREGORIUS PALAMAS THESSALONICENSIS	Homiliae quadraginta tres, ex editione Hierosolymitana anni 1837
698	151	551	104	yes	Y	Russell (2020)	GREGORIUS PALAMAS THESSALONICENSIS	Philothei Cpolitani patriarchae Encomium Palamae, edit. Homiliarum Hierosol. praemissum
699	151	655	24	yes	U	check	GREGORIUS PALAMAS THESSALONICENSIS	Nili item Cpolitani patriarchae panegyricus seu Encomium Palamae, ex eadem edit. Hierosol.
700	151	679	85	yes	Y	Russell (2020)	GREGORIUS PALAMAS THESSALONICENSIS	Tomi Synodici tres in causa Palamitarum, ex libro cui titulus Tomus Agapes ... (Antiochus Constantinopolitanus, 1698 Giessen edition)
701	151	764	3	yes	U	check	GREGORIUS PALAMAS THESSALONICENSIS	Gregorii Palamae confessio fidei
702	151	767	2	yes	N		GREGORIUS PALAMAS THESSALONICENSIS	Relatio pontificum ad Annam Palaeologinam
703	151	769	4	yes	N		GREGORIUS PALAMAS THESSALONICENSIS	Joannis Cantacuzeni rescriptum confirmans synodalem sententiam contra Joanem Calecam latam
704	151	773	366	yes	N		PHILOTHEUS CPOLITANUS	Philothei Cpolitani patriarchae contra Gregoram antirrhetici libri XII
705	151	1139	30	yes	N		GREGORIUS PALAMAS (APPENDIX)	Sermones duo quibus orthodoxos impugnant ii qui Acindyni partes sequuntur (de dicto S. Basilii; de lumine Thaborio)
706	151	1189	54	yes	N		GREGORIUS ACINDYNUS MONACHUS ET THEOLOGUS	De essentia et operatione Dei libri duo, cum interpretatione nostra. Praecedit Jacobi Gretseri editoris Praefatio
707	151	1255	28	latin-only	N		BARLAAMUS DE SEMINARIA GYRACENSIS EPISCOPUS	Epistolae Barlaami de unione Romanae Ecclesiae et processione Spiritus sancti, pro Latinis (subjectis iis quae in libro De primatu Papae contra eosdem scripserat)
708	151	1283	18	latin-only	N		BARLAAMUS DE SEMINARIA GYRACENSIS EPISCOPUS	Epistola Demetrii Cydonii ad Barlaamum
709	151	1301	8	latin-only	N		BARLAAMUS DE SEMINARIA GYRACENSIS EPISCOPUS	Barlaam ad Cydonii petita responsio
710	151	1309	4	latin-only	N		BARLAAMUS DE SEMINARIA GYRACENSIS EPISCOPUS	Barlaami epistola ad Alexium Calochetum: Graecos esse non solum schismaticos, sed haereticos
711	151	1313	20	latin-only	N		BARLAAMUS DE SEMINARIA GYRACENSIS EPISCOPUS	Probatio per sacram Scripturam quod Spiritus sanctus et ex Filio est quemadmodum ex Patre
712	151	1333	8	latin-only	N		BARLAAMUS DE SEMINARIA GYRACENSIS EPISCOPUS	Barlaami Oratio pro unione Ecclesiarum, Avenione habita coram Benedicto XII Pontifice Maximo
713	151	1341		latin-only	N		BARLAAMUS DE SEMINARIA GYRACENSIS EPISCOPUS	Ethica secundum Stoicos
714	152	11	272	yes	N		MANUEL CALECAS, ORDINIS FRATRUM MINORUM MONACHUS, CPOLITANUS PATRIARCHA	Manuelis Calecae contra errores Graecorum libri quatuor, interprete Ambrosio Camaldulensi (praemittitur epistola nuncupatoria ad Martinum V Pontificem Maximum)
715	152	283	146	yes	N		MANUEL CALECAS, ORDINIS FRATRUM MINORUM MONACHUS, CPOLITANUS PATRIARCHA	De essentia et operatione, editore et interprete Francisco Combefisio
716	152	429	232	yes	N		MANUEL CALECAS, ORDINIS FRATRUM MINORUM MONACHUS, CPOLITANUS PATRIARCHA	De fide deque principiis fidei catholicae, ex ejusdem editione
717	152	661	36	yes	N		JOANNES CYPARISSIOTA	Palamiticarum Transgressionum liber primus, editore et interprete Fr. Combefisio (Vide col. 737 quae de operis in libros distinctione Combefisius scribit)
718	152	697	44	yes	N		JOANNES CYPARISSIOTA	Palamiticarum Transgressionum Sermo IV (Praeter omnem Christianitatis ritum ac ordinem conflatam esse Palamiticarum Ecclesiam)
719	152	741	250	yes	N		JOANNES CYPARISSIOTA	Expositio eorum quae de Deo a theologis dicuntur, in decem decades partita, Franc. Turriano S. J. interprete
720	152	995	90	yes	N		MATTHAEUS CANTACUZENUS IMP. CP.	Commentarius in Canticum Canticorum, interprete et editore Vincentio Ricardo, Clerico regulari
721	152	1085		yes	N		JOAN. GLYCIS, ESAIAS, JOAN. CALECA, ISIDORUS, CALLISTUS, PHILOTHEUS, CPOLITANI PATRIARCHAE	Diplomata, Synodicae Constitutiones, Epistolae, ab anno 1310 ad annum 1319 [sic; body head reads AB ANNO MCCCX AD ANNUM 1372]
722	153	17		yes	P	Miller dissertation (1975), partial	JOANNES CANTACUZENUS IMP. CP.	Historiae Byzantinae libri IV (de rebus sua aetate gestis, inde a morte Michaelis Palaeologi anno 1320 exstincti usque ad annum circiter 1354). Praemittuntur binae epistolae sub fictis Nili et Christoduli nominibus
723	154	9	362	yes	P	as above	JOANNES CANTACUZENUS IMP. CP.	Historiae Byzantinae continuatio (Historiarum liber IV)
724	154	371	212	yes	N		JOANNES CANTACUZENUS IMP. CP.	Contra sectam Mahometicam pro Christiana religione Apologiae quatuor, ex editione Basileensi anni 1543, apud Joannem Oporinum
725	154	583	110	yes	N		JOANNES CANTACUZENUS IMP. CP.	Contra Mahometem orationes quatuor, ex eadem editione
726	154	693	26	yes	N		JOANNES CANTACUZENUS IMP. CP.	Contra Barlaam et Acindynum, sub ficto nomine Christoduli monachi. Cf. Monitum Editorum
727	154	719	10	yes	N		PHILOTHEUS CPOLITANUS PATRIARCHA	Sermo in Exaltationem Crucis
728	154	729	16	yes	N		PHILOTHEUS CPOLITANUS PATRIARCHA	De mandatis D. N. Jesu Christi
729	154	745	16	yes	N		PHILOTHEUS CPOLITANUS PATRIARCHA	Ordo sacri ministerii
730	154	761	60	yes	N		PHILOTHEUS CPOLITANUS PATRIARCHA	Laudatio trium Doctorum, Basilii scilicet, Gregorii et Joannis Chrysostomi
731	154	821	4	yes	N		PHILOTHEUS CPOLITANUS PATRIARCHA	Refutatio Anathematismorum Harmenopuli
732	154	835	28	yes	N		DEMETRIUS CYDONIUS	De processione Spiritus sancti adversus Gregorium Palamam
733	154	863	98	yes	N		DEMETRIUS CYDONIUS	De eodem argumento, ad eos qui dicunt Filium Dei non esse ex substantia Patris
734	154	961	48	yes	N		DEMETRIUS CYDONIUS	Oratio ad suos de admittendo contra Turcas Latinorum subsidio
735	154	1009	26	yes	N		DEMETRIUS CYDONIUS	Oratio deliberativa de non reddenda Callipoli, petente sultano Amurate
736	154	1035	134	latin-only	E	Greek of Riccoldo	DEMETRIUS CYDONIUS	Translatio libri fratris Ricardi, ordinis Praedicatorum, contra Mahometi asseclas, ex editione Basileensi; accedit Christianae fidei confessio facta Saracenis
737	154	1169	44	yes	N		DEMETRIUS CYDONIUS	De contemnenda morte
738	154	1213	4	yes	N		DEMETRIUS CYDONIUS	Epistola ad magnum primicerium Phacrasen, Thessalonica scripta cum Amurates II urbem obsidione cingeret. Ex editione clar. Hasii
739	154	1217	12	yes	N		MAXIMUS CHRYSOBERGA MONACHUS	De processione Spiritus sancti. Ad Cretenses. Cf. Monitum Editorum
740	154	1229	10	yes	N		PHILOTHEUS SELYMBRIENSIS ARCHIEPISCOPUS	Oratio in S. Agathonicum, ex Cod. Gr. Nanian., p. 531, addita interpretatione nostra
741	154	1239	58	yes	N		PHILOTHEUS SELYMBRIENSIS ARCHIEPISCOPUS	Privilegium Philothei CP. Patriarchae pro episcopo Hierissi (in Addendis)
742	154	1297		yes	N		JOANNES PALAEOLOGUS IMP.	Professio fidei, cum Romam ad flagitandam ab Urbano V opem adnavigasset, coram Guillelmo Ostiensi episcopo dicta
743	155	23	2	yes	E	title page	SYMEON THESSALONICENSIS ARCHIEPISCOPUS	Symeonis Opera. Ex editione Iassensi anni 1683, cujus titulus verbatim et lineatim recuditur
744	155	25	8	yes	E	Dositheus' preface	SYMEON THESSALONICENSIS ARCHIEPISCOPUS	Dosithei, Hierosolymitani patriarchae, Iassensis editionis curatoris, Praefatio duplex
745	155	33	142	yes	N		SYMEON THESSALONICENSIS ARCHIEPISCOPUS	Symeonis Dialogus contra omnes haereses
746	155	175	56	yes	N		SYMEON THESSALONICENSIS ARCHIEPISCOPUS	De sacramentis
747	155	231	22	yes	N		SYMEON THESSALONICENSIS ARCHIEPISCOPUS	De sacro ritu sancti unguenti
748	155	253	52	yes	Y	Hawkes-Teeples (2011)	SYMEON THESSALONICENSIS ARCHIEPISCOPUS	De sacra liturgia
749	155	305	56	yes	N		SYMEON THESSALONICENSIS ARCHIEPISCOPUS	De sacro templo et ejus consecratione
750	155	361	108	yes	N		SYMEON THESSALONICENSIS ARCHIEPISCOPUS	De sacris ordinationibus
751	155	469	34	yes	N		SYMEON THESSALONICENSIS ARCHIEPISCOPUS	De poenitentia
752	155	503	12	yes	N		SYMEON THESSALONICENSIS ARCHIEPISCOPUS	De honesto et legitimo conjugio
753	155	515	20	yes	N		SYMEON THESSALONICENSIS ARCHIEPISCOPUS	De sacro ritu sancti olei
754	155	535	134	yes	Y	Simmons, Treatise on Prayer (1984)	SYMEON THESSALONICENSIS ARCHIEPISCOPUS	De sacra precatione
755	155	669	28	yes	N		SYMEON THESSALONICENSIS ARCHIEPISCOPUS	De ordine sepulturae
756	155	697	54	yes	Y	Hawkes-Teeples (2011)	SYMEON THESSALONICENSIS ARCHIEPISCOPUS	Expositio de divino templo et de sacerdotibus ac diaconis episcopisque, ac de sacris stolis quibus horum quilibet induitur; necnon de divina missa, ubi singulorum quae in illa divino ritu peraguntur ratio redditur. Transmissa viris piis Cretensibus
757	155	751	52	yes	N		SYMEON THESSALONICENSIS ARCHIEPISCOPUS	Expositio sacri Symboli
758	155	803	16	yes	N		SYMEON THESSALONICENSIS ARCHIEPISCOPUS	Expositio de sacri Symboli vocibus et dictis, ex quibus Scripturae locis collecta et adversus quos composita fuerint
759	155	819	10	yes	N		SYMEON THESSALONICENSIS ARCHIEPISCOPUS	Articuli fidei Christianae
760	155	829	124	yes	N		SYMEON THESSALONICENSIS ARCHIEPISCOPUS	Responsiones ad Gabrielem Pentapolitanum
761	155	953		yes	N		SYMEON THESSALONICENSIS ARCHIEPISCOPUS	De sacerdotio ad pium monachum quemdam
762	156	23	38	yes	N		MANUEL CHRYSOLORAS	Manuelis Chrysolorae Epistolae
763	156	61	20	yes	N		JOANNES CANANUS	Historia obsidionis urbis Cpolitanae ab Amurate II, anno 1422, die 10 Junii inchoatae, die 24 Augusti solutae
764	156	83	4	greek-only	Y	Angelou (1991)	MANUEL II PALAEOLOGUS	Dialogus cum matre sua, sive de nuptiis (titulus et principium, cum epistola Demetrio Cydonio inscripta quae Dialogo praemittitur)
765	156	87	4	greek-only	Y	Dennis, Letters (1977); check	MANUEL II PALAEOLOGUS	Epistola ad Andream Asanem περὶ ἀνείρων, de insomniis
766	156	91	16	unknown	N		MANUEL II PALAEOLOGUS	Oratio Panegyrica περὶ τῆς τοῦ βασιλέως ὑγείας
767	156	91	16	yes	N		MANUEL II PALAEOLOGUS	Oratio in SS. Virginis Deiparae dormitionem
768	156	107	18	yes	N		MANUEL II PALAEOLOGUS	Canon deprecatorius in SS. Dominam Deiparam pro praesentibus periculis
769	156	125	8	yes	P	excerpts	MANUEL II PALAEOLOGUS	Dialogi quos cum Persa aliquo habuit, Muterizae munere fungente in Galatiae oppido Ancyra. Praemittuntur C. B. Hasii editoris Prolegomena vernaculo sermone scripta
770	156	125	8	yes	P	excerpts	MANUEL II PALAEOLOGUS	Praefatio ad Theodorum fratrem
771	156	133	16	yes	P	excerpts	MANUEL II PALAEOLOGUS	Dialogus primus. De angelis et animabus
772	156	149	32	yes	P	excerpts	MANUEL II PALAEOLOGUS	Dialogus II. De caelo et terra; item de Adami lapsu Christique judicio et Moamethis paradiso
773	156	181	128	yes	Y	Chrysostomides (1985)	MANUEL II PALAEOLOGUS	Laudatio funebris fratris sui Theodori Palaeologi Despotae. Praemittuntur Franc. Combefisii Praefatio et Georgii Plethonis Protheoria
774	156	309	76	yes	N		MANUEL II PALAEOLOGUS	Praecepta educationis regiae ad Joannem filium, ex editione Joannis Leunclavii Basileensi 1578, quae Francisco Medico, Magno Tusciae Duci inscribitur
775	156	385	176	yes	N		MANUEL II PALAEOLOGUS	Orationes septem ethico-politicae, ad Joannem filium, ex eadem editione
776	156	561	2	yes	N		MANUEL II PALAEOLOGUS	Oratio propitii principis ad benevolos subditos qui aetatis in flore sunt
777	156	563	12	yes	N		MANUEL II PALAEOLOGUS	Preces matutinae
778	156	575	2	yes	N		MANUEL II PALAEOLOGUS	Capita compunctionis metrica
779	156	575	2	yes	N		MANUEL II PALAEOLOGUS	Anacreonticon in quemdam ignorantem et loquacem
780	156	577	2	yes	N		MANUEL II PALAEOLOGUS	Imago veris in aulaeo textili operis phrygii
781	156	579	2	yes	N		MANUEL II PALAEOLOGUS	In persona Tamerlanis, ad Bajazetem in praelio victum allocutio
782	156	581	4	yes	N		MANUEL II PALAEOLOGUS	De fulmine Agareno (Bajazete) in forma psalmi
783	156	581	4	yes	Y	Dennis (1977)	MANUEL II PALAEOLOGUS	Epistola ad Manuelem Chrysoloram, ab imperatore scripta cum in aula regis Anglorum Henrici IV versaretur, auxilium emendicans
784	156	587	46	yes	U	possibly Melville Jones; check	JOANNES ANAGNOSTA	Narratio de extremo excidio Thessalonicae, anno 1430 ab Amurate II expugnatae
785	156	637	388	yes	P	Philippides (1990), partial	GEORGIUS PHRANTZA	Chronicon majus, ex editione Jacobi Pontani et Francisci Caroli Alteri
786	156	1025		yes	Y	Philippides (1980)	GEORGIUS PHRANTZA	Chronicon minus seu abbreviatum, ex edit. card. Angeli Maii
787	157	17	104	yes	Y	Macrides, Munitiz & Angelov (2013)	GEORGIUS CODINUS CUROPALATA	De officiis et officialibus Magnae Ecclesiae et aulae Cpolitanae, ex edit. P. Jacobi Goari et Jacobi Gretseri
788	157	439	30	yes	Y	Berger, DOML 24 (2013)	GEORGIUS CODINUS CUROPALATA	Georgii Codini Excerpta de originibus Cpolitanis, ex editione Petri Lambecii
789	157	469	6	yes	Y	Berger, DOML 24 (2013)	GEORGIUS CODINUS CUROPALATA	De forma et ambitu urbis Cpolitanae
790	157	475	70	yes	Y	Berger, DOML 24 (2013)	GEORGIUS CODINUS CUROPALATA	De signis, statuis et aliis spectatu dignis in urbe Cpoli
791	157	545	70	yes	Y	Berger, DOML 24 (2013)	GEORGIUS CODINUS CUROPALATA	De aedificiis Cpolitanis
792	157	615	20	yes	Y	Berger, DOML 24 (2013)	GEORGIUS CODINUS CUROPALATA	De structura templi S. Sophiae
793	157	635	16	yes	U	check	GEORGIUS CODINUS CUROPALATA	De annis ab orbe condito usque ad imp. Constantini Magni et de iis qui in Cpoli regnarunt usque dum ab Agarenis capta est
794	157	651	74	yes	Y	Cameron & Herrin (1984)	ANONYMUS	Anonymi breves Enarrationes chronographicae, editore et interprete Ans. Bandurio in Imperio Orientali
795	157	725	14	yes	U	Downey (1959)?	ANONYMUS	De sepulcris imperatorum quae sunt in templo SS. Apostolorum, ex ejusdem editione ibid.
796	157	743	424	yes	Y	Magoulias (1975)	DUCAS	Historia Byzantina, res in imperio Graecorum gestas complectens a Joanne Palaeologo, anno Christi 1341, ad annum 1462; ex edit. Ismaelis Bullialdi
797	157	1167		yes	N		DUCAS	Anonymi Chronicon breve, quo Graecorum, Venetorum et Turcorum aliquot gesta continentur usque ad annum 1523
798	158	9	18	yes	N		MICHAEL GLYCAS	Michaelis Glycae Tabulae, ex cod. ms. Fontebraldensi, a celsissima principe Joanna Baptistide Borbonia liberalissime communicato
799	158	27	204	yes	N		MICHAEL GLYCAS	Michaelis Glycae Annalium pars I, totius universitatis rerum a Deo conditarum historiam continens
800	158	231	154	yes	N		MICHAEL GLYCAS	Annalium pars II, ab Adamo usque ad Caesaris imperium
801	158	385	80	yes	N		MICHAEL GLYCAS	Annalium pars III, ab imperio Caesaris usque ad Constantinum Magnum
802	158	465	158	yes	N		MICHAEL GLYCAS	Annalium pars IV. De Cpolitanis impp. qui deinceps regnarunt
803	158	623	24	latin-only	N		MICHAEL GLYCAS	Glycanorum Annalium continuatio, a Joanne Comneno usque ad imperii Byzantini eversionem, auctore Joanne Leunclavio
804	158	647	314	yes	N		MICHAEL GLYCAS	Michaelis Glycae Epistolae, ex editione Joannis Lami, Franc. Fontani, C. Fr. Mathaei, Angeli Maii, Leonis Allatii
805	158	961	10	yes	N		JOANNES DIACONUS ADRIANOPOLITANUS	Carmen in laudem Joannis Palaeologi, ex edit. Ang. Mar. Bandinii. Praecedit operis Argumentum, in quo de auctore inquiritur
806	158	971	6	yes	N		ESAIAS CYPRIUS	Epistola ad Nicolaum Sclengam de processione Spiritus sancti
807	158	977	6	yes	N		HILARIO MONACHUS	Dissertatio dialectica de pane Graecorum mystico et azymo Latinorum, contra Graecos
808	158	989	18	yes	N		JOANNES ARGYROPULUS	Joan. Argyropuli libellus de processione Spiritus sancti, in quo habetur explanatio Decreti facti in synodo Florentina
809	158	1007	4	yes	N		JOANNES ARGYROPULUS	Epistola ad Dominicum Roboreum, cardinalem, ex cod. ms. Taurin. 433
810	158	1011	40	yes	N		THEODORUS AGALLIANUS	Theodori Agalliani diceophylacis Refutatio libri Joannis Argyropuli, ex Dosithei TOMO AGAPHS
811	158	1051	2	yes	N		JOSEPHUS CPOLITANUS PATRIARCHA	Confessio fidei dicta in conc. Florent. sess. 25, cum in extremis esset
812	158	1053	2	latin-only	N		JOSEPHUS CPOLITANUS PATRIARCHA	Ejus Epitaphium
813	158	1053	2	yes	N		JOB MONACHUS	Proœmium commentarii in Psalmos, ex cod. Taurin.
814	158	1055	12	latin-only	N		BARTHOLOMAEUS DE JANO, ORD. MINORUM	Epistola contra Turcas, ad Albertum de Sarthiano, ex cod. ms. 1130 biblioth. S. Michaelis Venetae
815	158	1067	10	latin-only	Y	Jones (1969)	NICOLAUS BARBARUS, PATRICIUS VENETUS	Ephemerides de Cpoli anno 1453 obsessa atque expugnata, ea quae inde a 5 Aprilis usque ad 29 Maii evenerunt complectentes
816	158	1077		yes	N		ANONYMUS	Narratio de vita Mohammedis, ex D. W. Gass, Appendix ad Gennadius und Pletho
817	159	9	546	yes	Y	Kaldellis, DOML (2014)	LAONICUS CHALCOCONDYLA, ATHENIENSIS	Historiarum de origine ac rebus gestis Turcarum libri decem, ex editione Luparea anni 1650
818	159	555	17	latin-only	E	Freher's commentary	LAONICUS CHALCOCONDYLA, ATHENIENSIS	Marquardi Freheri in Laonici Chalcocondylae descriptionem Germaniae commentarius
819	159	572	77	latin-only	E	Leunclavius	LAONICUS CHALCOCONDYLA, ATHENIENSIS	Annales sultanorum Othmanidarum a Turcis sua lingua scripti et ab Joanne Leunclavio Latine redditi
820	159	649	62	latin-only	E	Leunclavius	LAONICUS CHALCOCONDYLA, ATHENIENSIS	Supplementum Annalium, quo res Turcicae continuantur ad annum Mahumetanum 996, qui Christianus est 1588, ex Joannis Leunclavii adversariis
821	159	711	212	latin-only	E	Leunclavius	LAONICUS CHALCOCONDYLA, ATHENIENSIS	Ejusdem Joannis Leunclavii Pandectae historiae Turcicae ad illustrandos Annales
822	159	923	30	latin-only	Y	Melville Jones, Siege of Constantinople 1453 (1972)	LEONARDUS CHIENSIS, MITYLENAEUS ARCHIEPISCOPUS	Epistola de Cpolitana urbe a Mahumete II capta, ad Nicolaum V Rom. Pont. die 15 Augusti anni 1453 directa
823	159	953	6	latin-only	U	possibly Melville Jones (1972)	ISIDORUS S. R. E. CARDINALIS, RUTHENORUM EPISCOPUS	Ad universos Christifideles de expugnatione Cpolis
824	159	959	64	yes	N		JOSEPHUS, METHONENSIS EPISCOPUS (JOANNES PLUSIADENUS)	De differentiis inter Graecos et Latinos (Joannis Archipresbyteri Plusiadeni Disceptatio inter Pium quemdam, Publicanum, ...)
825	159	1023	72	yes	N		JOSEPHUS, METHONENSIS EPISCOPUS (JOANNES PLUSIADENUS)	Responsio ad libellum Marci Eugenici, Ephesi metropolitae
826	159	1095	6	yes	N		JOSEPHUS, METHONENSIS EPISCOPUS (JOANNES PLUSIADENUS)	Canon per acrostichidem in synodum Florentinam, ex Pasini Cod. Taurin.
827	159	1101	6	yes	N		JOSEPHUS, METHONENSIS EPISCOPUS (JOANNES PLUSIADENUS)	Synaxarium synodi Florentinae, sive brevis narratio eorum quae in ea gesta sunt
828	159	1107		yes	N		JOSEPHUS, METHONENSIS EPISCOPUS (JOANNES PLUSIADENUS)	Expositio pro sancta et oecumenica synodo Florentina, quod legitime congregata est, et Defensio quinque capitum quae in decreto ejus continentur (Gennadii Scholarii nomine olim edita)
829	160	15	96	yes	N		GREGORIUS MAMMA CPOLITANUS PATRIARCHA	Apologia contra Ephesii confessionem nunc primum edita curante D. Hergenroether
830	160	111	94	yes	N		GREGORIUS MAMMA CPOLITANUS PATRIARCHA	Responsio ad epistolam encyclicam ejusdem Ephesii (ex tom. XIII Concil. ed. Labbei)
831	160	205	44	yes	N		GREGORIUS MAMMA CPOLITANUS PATRIARCHA	Ad imperatorem Trapezuntium de additione facta in Symbolo (ex Leonis Allatii Graecia orthodoxa)
832	160	311	8	yes	N		GENNADIUS SEU GEORGIUS SCHOLARIUS CPOLITANUS PATRIARCHA	Excerptum ex patriarchica Cpoleos historia
833	160	319	15	yes	U	Gennadios' Confession: English exists in places; check	GENNADIUS SEU GEORGIUS SCHOLARIUS CPOLITANUS PATRIARCHA	Confessio fidei I, sive sermocinatio de nonnullis capitibus fidei Christianae de quibus disputavit cum amera Machumetis, quae etiam inscribitur de via salutis humanae
834	160	334	17	greek-only	N		GENNADIUS SEU GEORGIUS SCHOLARIUS CPOLITANUS PATRIARCHA	Confessio fidei II. De Christianorum recta et vera fide homilia ad sapientes Agarenos, hortatu magni Sultani et ipso praesente dicta
835	160	351	24	yes	N		GENNADIUS SEU GEORGIUS SCHOLARIUS CPOLITANUS PATRIARCHA	Homilia de sacramentali corpore Domini nostri Jesu Christi
836	160	375	6	yes	N		GENNADIUS SEU GEORGIUS SCHOLARIUS CPOLITANUS PATRIARCHA	Alia ejusdem argumenti brevis homilia, relata a Meletio Syrigo in Refutatione confessionis Cyrilli Lucaris, Cpolitani patriarchae
837	160	381	4	yes	N		GENNADIUS SEU GEORGIUS SCHOLARIUS CPOLITANUS PATRIARCHA	Georgii Scholarii Orationes in synodo Florentina habitae
838	160	385	20	yes	N		GENNADIUS SEU GEORGIUS SCHOLARIUS CPOLITANUS PATRIARCHA	De pace deque ferendo patriae auxilio Adhortatio ad synodum orientalem Florentiae coactam
839	160	405	34	yes	N		GENNADIUS SEU GEORGIUS SCHOLARIUS CPOLITANUS PATRIARCHA	Oratio ad synodum oecumenicam, Quod facienda sit unio dogmatica
840	160	439	34	yes	N		GENNADIUS SEU GEORGIUS SCHOLARIUS CPOLITANUS PATRIARCHA	Oratio II, in qua pacis impedimenta tolluntur
841	160	473	52	yes	N		GENNADIUS SEU GEORGIUS SCHOLARIUS CPOLITANUS PATRIARCHA	Oratio III, in qua exponuntur ea per quae pax confici possit
842	160	525	4	greek-only	N		GENNADIUS SEU GEORGIUS SCHOLARIUS CPOLITANUS PATRIARCHA	Precatio ad Dominum nostrum Jesum Christum, editore et interprete Aldo Manutio Romae 1501, cum Prudentii et aliorum carminibus
843	160	529	4	greek-only	N		GENNADIUS SEU GEORGIUS SCHOLARIUS CPOLITANUS PATRIARCHA	Verba Marci Ephesii morientis ad Georgium Scholarium
844	160	533	2	yes	N		GENNADIUS SEU GEORGIUS SCHOLARIUS CPOLITANUS PATRIARCHA	Responsio Scholarii
845	160	535	2	yes	N		GENNADIUS SEU GEORGIUS SCHOLARIUS CPOLITANUS PATRIARCHA	Extrema Marci Ephesini verba
846	160	537	2	yes	N		GENNADIUS SEU GEORGIUS SCHOLARIUS CPOLITANUS PATRIARCHA	Ex epistola Gennadii ad Maximum monachum, Sophianum in saeculo appellatum, et omnes ascetas montis Sina
847	160	539	28	yes	N		GENNADIUS SEU GEORGIUS SCHOLARIUS CPOLITANUS PATRIARCHA	Epistola de praedestinatione ad Josephum Exarchum (ed. Graece Hoeschelius 1606; Latine Fed. Morellus 1618)
848	160	567	30	yes	N		GENNADIUS SEU GEORGIUS SCHOLARIUS CPOLITANUS PATRIARCHA	De Deo in Trinitate uno, adversus atheos et polytheistas
849	160	597	34	yes	N		GENNADIUS SEU GEORGIUS SCHOLARIUS CPOLITANUS PATRIARCHA	Epistola ad Plethonem in ejus librum de Spiritus sancti processione seu potius ejus novitates dogmaticas
850	160	631	18	yes	N		GENNADIUS SEU GEORGIUS SCHOLARIUS CPOLITANUS PATRIARCHA	Epistola ad Josephum Exarchum. Nuntiat se librum Plethonis polytheismi suspectum igni multis testibus tradidisse, servatis quibusdam tantum partibus
851	160	649	16	greek-only	N		GENNADIUS SEU GEORGIUS SCHOLARIUS CPOLITANUS PATRIARCHA	Responsio ad amicam de sententia quadam B. Theodori Grapti qua abutebantur Acindyniastae, et de iis quae circa processionem Spiritus sancti docent
852	160	665	48	greek-only	N		GENNADIUS SEU GEORGIUS SCHOLARIUS CPOLITANUS PATRIARCHA	De processione Spiritus sancti, ad Joannem Comnenum imperatorem Trapezuntinum
853	160	713	18	greek-only	N		GENNADIUS SEU GEORGIUS SCHOLARIUS CPOLITANUS PATRIARCHA	De additione ad Symbolum a Latinis facta
854	160	731	6	greek-only	N		GENNADIUS SEU GEORGIUS SCHOLARIUS CPOLITANUS PATRIARCHA	De haeresi Simoniaca
855	160	737	8	greek-only	N		GENNADIUS SEU GEORGIUS SCHOLARIUS CPOLITANUS PATRIARCHA	De jejunio Sabbatino Latinorum, quod non oportet per Quadragesimam quotidie sacrificium fieri, et de conjugio sacerdotum
856	160	745	2	yes	N		GENNADIUS SEU GEORGIUS SCHOLARIUS CPOLITANUS PATRIARCHA	Epistola ad Marcum Ephesi metropolitam. Librum suum transmittit quem pro Aristotelis defensione scripserat (1)
857	160	745	2	greek-only	N		GENNADIUS SEU GEORGIUS SCHOLARIUS CPOLITANUS PATRIARCHA	Fragmenta libri ejusdem
858	160	747	14	yes	N		GENNADIUS SEU GEORGIUS SCHOLARIUS CPOLITANUS PATRIARCHA	Gennadii et Lucae Notarae Epistolae amoebaeae (inseritur Joannis Moschi Narratio de Luca Notara et filiorum ejus caede)
859	160	761	12	unknown	N		GENNADIUS SEU GEORGIUS SCHOLARIUS CPOLITANUS PATRIARCHA	Expositio litterarum quae in sepulcro Constantini Magni inscriptae erant, ex Bandurii Imperio Orientali
860	160	1105	20	greek-only	N		GENNADIUS SEU GEORGIUS SCHOLARIUS CPOLITANUS PATRIARCHA	De divina providentia et praedestinatione liber primus
861	160	1125	12	greek-only	N		GENNADIUS SEU GEORGIUS SCHOLARIUS CPOLITANUS PATRIARCHA	De divina providentia liber tertius, ex cod. Reg. Paris. 1289
862	160	1137	12	greek-only	N		GENNADIUS SEU GEORGIUS SCHOLARIUS CPOLITANUS PATRIARCHA	De divina providentia liber quartus, ex eodem codice
863	160	1149	8	greek-only	N		GENNADIUS SEU GEORGIUS SCHOLARIUS CPOLITANUS PATRIARCHA	De divina providentia liber quintus, ex eodem codice
864	160	1157	6	greek-only	N		GENNADIUS SEU GEORGIUS SCHOLARIUS CPOLITANUS PATRIARCHA	De Christi humanatione, ex cod. Graec. Paris. 1232
865	160	1211		yes	E	codex description	GENNADIUS SEU GEORGIUS SCHOLARIUS CPOLITANUS PATRIARCHA	Recensio codicis Graeci Matritensis qui continet Logicam Petri Juliani Ulyssiponensis (Joannis Papae XXII) et S. Thomae De Sophismatibus librum a Georgio Scholario in Graecum sermonem translatos
866	160	805	8	greek-only	N		GEORGIUS GEMISTUS PLETHO	Hieronymi Charitonymi Laudatio funebris Plethonis
867	160	813	8	greek-only	N		GEORGIUS GEMISTUS PLETHO	Gregorii monachi Monodia ejusdem argumenti
868	160	821	20	greek-only	Y	Woodhouse (1986)	GEORGIUS GEMISTUS PLETHO	De rebus Peloponnesiacis ad Manuelem imperatorem oratio I
869	160	841	24	yes	Y	Woodhouse (1986)	GEORGIUS GEMISTUS PLETHO	De rebus Peloponnesiacis ad Theodorum despotam oratio II
870	160	865	16	yes	N		GEORGIUS GEMISTUS PLETHO	Argumentum orationis qua Manuel Palaeologus Theodorum despotam fratrem defunctum laudavit
871	160	865	16	greek-only	N		GEORGIUS GEMISTUS PLETHO	Quatuor virtutum justa explicatio, ex ed. Basil. 1552
872	160	881	58	latin-only	Y	Woodhouse (1986)	GEORGIUS GEMISTUS PLETHO	Platonicae et Aristotelicae philosophiae comparatio (praecedit Georgii Chariandri Praefatio), ex ed. Basil. 1574
873	160	939	12	yes	U	Woodhouse (1986)?	GEORGIUS GEMISTUS PLETHO	Laudatio funebris Cleopae Augustae, ex editione Georgii Gustavi Fuelleborn, Lipsiae 1795, cum Michaelis Apostolii laudatione funebri Bessarionis
874	160	951	6	yes	U	Woodhouse (1986)?	GEORGIUS GEMISTUS PLETHO	Laudatio funebris Helenae Palaeologinae imperatricis, quae post susceptum sacrum habitum Hypomone monacha dicta est, ex cod. gr. Paris. n. 1760, cum interpretatione nostra
875	160	957	16	yes	P	Woodhouse (1986) excerpts	GEORGIUS GEMISTUS PLETHO	Fragmenta ex libro De legibus
876	160	973	6	greek-only	Y	Woodhouse (1986)	GEORGIUS GEMISTUS PLETHO	Compendium dogmatum Zoroastris et Platonis
877	160			unknown	N		GEORGIUS GEMISTUS PLETHO	Contra dogma Latinorum de processione Spiritus sancti, ex Dosithei Tomo agapes
878	160	979	42	greek-only	N		GEORGIUS GEMISTUS PLETHO	Contra Scholarii defensionem Aristotelis
879	160	1021	38	yes	N		MATTHÆUS CAMARIOTA	Synopsis rhetoricae, ex Joan. Schefferi Miscellaneis, Upsaliae 1697
880	160	1059	12	yes	N		MATTHÆUS CAMARIOTA	Narratio lamentabilis de Cpoli capta, ex Martini Crusii Turco-Graecia
881	160	1079	12	yes	U	English online?	MARCUS EUGENICUS, EPHESIUS METROPOLITA	Quod non solum a voce Dominicorum verborum sanctificantur divina dona, verum a consequente oratione et benedictione sacerdotis, virtute S. Spiritus. Ex Liturgiis SS. Patrum
882	160	1091	6	yes	N		MARCUS EUGENICUS, EPHESIUS METROPOLITA	Epistola Marci Ephesini ad Georgium Scholarium (Sequentia ex mss. descripta, nobis suppeditavit D. Hergenroether)
883	160	1097	2	greek-only	N		MARCUS EUGENICUS, EPHESIUS METROPOLITA	Ejusdem epistola ad Theophanem monachum
884	160	1099	4	yes	U	English online?	MARCUS EUGENICUS, EPHESIUS METROPOLITA	Marci metropolitae Ephesii Apologia ab eo dicta instante morte
885	160	1099	4	yes	U	English online?	MARCUS EUGENICUS, EPHESIUS METROPOLITA	Marci Ephesii Dialogus qui inscribitur Latinus, sive de additamento in Symbolo
886	160	1103	2	yes	N		MARCUS EUGENICUS, EPHESIUS METROPOLITA	Ex ejusdem epistola ad Joannem Palaeologum imp.
887	160	1163	30	yes	N		MARCUS EUGENICUS, EPHESIUS METROPOLITA	Expositio Officii ecclesiastici, edita ad calcem Operum Symeonis Thessalonicensis, in Iasio Moldaviae
888	160	1193	8	greek-only	N		MARCUS EUGENICUS, EPHESIUS METROPOLITA	Epistola ad Isidorum hieromonachum de vitae termino inquirentem
889	160	1201	10	yes	N		NICOLAUS V ROMANUS PONTIFEX	Epistola ad Constantinum, Romaeorum imperatorem ultimum, de unione Ecclesiarum, cum interpretatione Graeca Theodori Gazae
890	161			latin-only	E	Bandini's life	BESSARION. S. R. E. CARDINALIS	De vita et rebus gestis Bessarionis Aloysii Bandinii Commentarius
891	161			latin-only	E	documents	BESSARION. S. R. E. CARDINALIS	Appendix monumentorum anecdotorum, partim ex archivo basilicae SS. XII Apostolorum, partim ex Vaticana bibliotheca descriptorum
892	161			latin-only	E	Platina	BESSARION. S. R. E. CARDINALIS	Baptistae Platinae Panegyricus in laudem Bessarionis, eo vivente in publico coetu dictus
893	161			latin-only	E	documents	BESSARION. S. R. E. CARDINALIS	Acta selecta quae ad Bessarionis legationem Bononiensem pertinent
894	161			yes	N		BESSARION. S. R. E. CARDINALIS	Michaelis Apostolii laudatio funebris Bessarionis
895	161	11	234	yes	N		BESSARION. S. R. E. CARDINALIS	Refutatio capitum syllogisticorum Marci Ephesii contra Latinos, nunc primum edita curante J. Hergenroether
896	161	245	42	yes	N		BESSARION. S. R. E. CARDINALIS	Apologia Inscriptionum Vecci contra Gregorium Palamam, Petro Arcudio interprete
897	161	287	34	latin-only	N		BESSARION. S. R. E. CARDINALIS	Defensiones recti catholicique dogmatis Latinorum, videlicet de processione Spiritus sancti contra haereticum illud impugnantem, Graece Latineque editae
898	161	321	82	yes	N		BESSARION. S. R. E. CARDINALIS	De processione Spiritus sancti, ad Alexium Lascarin Philanthropinum, ex interpretatione Petri Arcudii (praemittitur Bessarionis ad Paulum II Epistola nuncupatoria)
899	161	403	38	latin-only	N		BESSARION. S. R. E. CARDINALIS	Idem liber, Latine, ex interpretatione Bessarionis (De successu synodi Florentinae et de processione Spiritus sancti, primum Graece editus liber, deinde ab eodem Latinis litteris donatus)
900	161	441	40	latin-only	N		BESSARION. S. R. E. CARDINALIS	Epistola encyclica ad Graecos. Exhortatur ad obedientiam Romanae Ecclesiae et susceptionem synodi Florentinae; et de electione sua in patriarcham Cpolitanum. Petro Arcudio interprete. Praemittitur Epistolae argumentum
901	161	481	8	latin-only	N		BESSARION. S. R. E. CARDINALIS	Eadem Epistola ex interpretatione Bessarionis
902	161	489	6	latin-only	N		BESSARION. S. R. E. CARDINALIS	Graecorum confessio de verbis consecrationis et transsubstantiatione, a Bessarione exposita in concilio Florentino. Ex Mabillonii Museo Italico
903	161	495	30	latin-only	N		BESSARION. S. R. E. CARDINALIS	De sacramento Eucharistiae et quibus verbis Christi corpus conficiatur. Ex Claudii de Sainctes Liturgiis
904	161	525	6	yes	N		BESSARION. S. R. E. CARDINALIS	Compendium asceticorum S. Basilii Magni ad usum monachorum Basilianorum in Italia et Sicilia degentium concinnatum. Ex Joan. Yriarte cod. Or. Matrit., addita interpretatione nostra
905	161	531	12	yes	N		BESSARION. S. R. E. CARDINALIS	Concio gratulatoria ad synodum Ferrariam coactam
906	161	543	68	yes	N		BESSARION. S. R. E. CARDINALIS	Oratio dogmatica ad eamdem synodum de unione Ecclesiarum, ipso Bessarione interprete
907	161	611	4	latin-only	N		BESSARION. S. R. E. CARDINALIS	Declaratio aliquorum quae in dicta oratione continentur, quae Graecis notissima, Latinis ignota sunt
908	161	615	6	latin-only	N		BESSARION. S. R. E. CARDINALIS	Monodia in obitu Manuelis Palaeologi, anno 1419 defuncti. Ap. Dzovium Contin. Annal. Baron. ad an. 1472
909	161	621	4	yes	N		BESSARION. S. R. E. CARDINALIS	Iambi in obitu Theodorae Augustae, Constantini imp. uxoris. Ex Allatio De consensu
910	161	625	16	latin-only	N		BESSARION. S. R. E. CARDINALIS	In illud Evangelii secundum Joannem: Sic volo eum manere donec veniam, quid ad te? Contra Georgium Trapezuntinum, quem vide infra col. 867, Bessarioni contradicentem. Ex edit. Havanoensi anni 1552
911	161	641	34	latin-only	N		BESSARION. S. R. E. CARDINALIS	Orationes ad principes Italiae de Christianorum clade in Chalcide Euboeae, de periculis Italiae imminentibus expugnato Hydrunto, de sedandis discordiis et decernendo bello adversus Turcas, quibus subjicitur persuasio ex Demosthenis Olynthiaca. Praemittuntur Bessarionis epistola ad Fichetum, epistola Ficheti ad Sabaudiae principes, Bessarionis epistola ad homonymum suum Bessarionem abbatem Basilianum. Ex edit. Rom. anni 1551
912	161	675	26	latin-only	N		BESSARION. S. R. E. CARDINALIS	Bessarionis Epistolae (XIII)
913	161	701	12	latin-only	E	book list	BESSARION. S. R. E. CARDINALIS	Tabula librorum quos serenissimo Venetiarum dominio dono dedit Bessarion
914	161	713	10	greek-only	N		BESSARION. S. R. E. CARDINALIS	Bessarionis Interrogationes ad Plethonem cum Plethonis ad Bessarionis quaesita responsionibus
915	161	723	4	yes	N		BESSARION. S. R. E. CARDINALIS	Georgii Amirutzae ad Bessarionem. De Trapezunte a Turcis anno 1461 expugnata
916	161	727	4	yes	N		BESSARION. S. R. E. CARDINALIS	Gregorii monachi Epistola ad Bessarionem laudatoria
917	161	731	13	yes	N		BESSARION. S. R. E. CARDINALIS	Ejusdem in eumdem oratio encomiastica
918	161	744	1	yes	N		BESSARION. S. R. E. CARDINALIS	Bessarionis ex oratione in patriam suam Trapezuntem
919	161	769	60	yes	N		GEORGIUS TRAPEZUNTINUS	De processione Spiritus sancti, ad Joannem Cuboclesium
920	161	829	38	greek-only	N		GEORGIUS TRAPEZUNTINUS	Item de processione Spiritus sancti et de una sancta catholica Ecclesia, ad Cretenses
921	161	867	16	latin-only	N		GEORGIUS TRAPEZUNTINUS	In illud Evangelii secundum Joannem: Sic volo eum manere donec veniam, quid ad te? et quod Joannes evangelista nondum sit mortuus. Ad Sixtum IV Pontificem Maximum
922	161	883	6	latin-only	N		GEORGIUS TRAPEZUNTINUS	Martyrium S. Andreae de Chio qui Cpoli obiit anno primo Pauli II Pontificis summi, a Georgio Latine scriptum
923	161	889	6	latin-only	N		GEORGIUS TRAPEZUNTINUS	Epistola ad Eugenium IV Summum Pontificem, de unione Ecclesiarum, ex Mittarelli Bibliotheca codd. mss. monasterii S. Michaelis Venet. prope Murianum
924	161	895	10	yes	N		GEORGIUS TRAPEZUNTINUS	Epistola ad Joannem Palaeologum imp. Ut in Italiam ad synodum proficiscatur. Ad calcem Phrantzae ed. Pontanus
925	161	913	2	yes	N		CONSTANTINUS LASCARIS	Constantini Lascaris Epistola ad Joannem Gattum, Catanae episcopum, libro de Scriptoribus Graecis patria Siculis praemissa. Ex Yriarte Catal. cod. Gr. Matrit., cum interpretatione nostra
926	161	915	8	latin-only	N		CONSTANTINUS LASCARIS	De scriptoribus Graecis patria Siculis
927	161	923	6	latin-only	N		CONSTANTINUS LASCARIS	De scriptoribus Graecis patria Calabris (Catannis)
928	161	929	2	yes	N		CONSTANTINUS LASCARIS	Gesta SS. Apostolorum Petri et Pauli, Constantino Lascari interprete
929	161	931	8	yes	N		CONSTANTINUS LASCARIS	Prooemium ad libros suos de grammatica qui in excusis desunt
930	161			unknown	N		CONSTANTINUS LASCARIS	Epilogus ejusdem libri
931	161	939	6	yes	N		CONSTANTINUS LASCARIS	Epistola ad Jacobum Ximenium Morellium, proregis insulae Siciliae a secretis. De Herodiani grammatici vita et scriptis, et de Theodosio ejus epitomatore. Ex Yriarte
932	161	945	6	greek-only	N		CONSTANTINUS LASCARIS	De Quinto poeta. Argumenta ejus libris a Constantino Lascari praefixa
933	161	951	20	yes	N		CONSTANTINUS LASCARIS	Fragmenta varia ex Yriarte catalogo laudato
934	161	986	11	yes	N		THEODORUS GAZA	Laudatio canis, ap. Maii B. PP.
935	161	997	8	yes	N		THEODORUS GAZA	De origine Turcarum ad Fr. Philelphum, ex Allatii Symmictis
936	161	1005	3	yes	N		THEODORUS GAZA	Epistola ad Demetrium Chalcocondylem
937	161	1008	7	greek-only	N		THEODORUS GAZA	Ad eumdem [Epistola]
938	161	1017	2	greek-only	N		ANDRONICUS CALLISTUS	Epistola ad Georgium Palaeologum Lisypatum
939	161	1151		greek-only	N		ANDRONICUS CALLISTUS	Monodia de Cpoli capta, ex cod. Reg. Paris. 1774 nunc primum edita
940	161	1019	132	latin-only	N		CPOLITANORUM IMPERATORES	Novellae constitutiones inde ab anno 1220 usque ad captam urbem
