vol	author	title	kind	startCol	endCol	colStatus	greek	parts	listedIn	crossRef
100	S. NICEPHORUS CP. PATRIARCHA	Notitia ex Bibliotheca Graeca Fabricii, cum S. Nicephori operum Conspectu olim ab Anselmo Bandurio evulgato	editorial	1	36	body-only	latin-only			
100	S. NICEPHORUS CP. PATRIARCHA	Vita S. Nicephori ex Actis Sanctorum Bollandianis	work	37	158	body-only	yes			
100	S. NICEPHORUS CP. PATRIARCHA	Oratio de exsilio S. Nicephori et translatione reliquiarum ejus	work	159	168	body-only	latin-only			
100	S. NICEPHORUS CP. PATRIARCHA	Epistola ad Leonem III papam, ex Conciliis	work	169	204	body-only	yes			
100	S. NICEPHORUS CP. PATRIARCHA	Antirrhetici tres adversus Constantinum Copronymum, ex editione card. Ang. Mai	work	205	533	body-only	yes			
100	S. NICEPHORUS CP. PATRIARCHA	Apologeticus duplex pro sacris imaginibus, ex eodem	work	534	849	body-only	yes			
100	S. NICEPHORUS CP. PATRIARCHA	Demonstratio altera de sacris imaginibus	work	850	850	body-only	yes			
100	S. NICEPHORUS CP. PATRIARCHA	Canones, ex Conciliis	work	851	862	body-only	yes			
100	S. NICEPHORUS CP. PATRIARCHA	Breviarium historicum de rebus gestis post Mauricii imperium, ex editione Dionysii Petavii ab Immanuele Bekkero recognita	work	863	994	body-only	yes			
100	S. NICEPHORUS CP. PATRIARCHA	Chronographia brevis, ab Adamo ad Michaelis et Theophili tempora, ab Augusto Carolo Credner Gissae anno 1822 auctior edita	work	995	1062	body-only	yes			
100	S. NICEPHORUS CP. PATRIARCHA	Epistola ad Theodosium monachum et inclusum continens quarumdam quaestionum solutionem, ex Seunclavii Jure Graeco-Romano	work	1063	1065	body-only	yes			
100	S. NICEPHORUS CP. PATRIARCHA	Epistola ad eumdem de ligandi solvendique potestate	work	1066	1068	body-only	latin-only			
100	STEPHANUS DIACONUS CP.	Vita S. Stephani junioris, monachi et martyris, ex Bernardi de Montefalconis et Jacobi Lopini, Benedictinorum monachorum, Analectis Graecis	work	1069	1185	body-only	yes			
100	PROCOPIUS DIACONUS CP. ET CHARTOPHYLAX	Encomium in S. Marcum Evangelistam, ex Actis SS. Bolland.	work	1186	1200	body-only	yes			
100	S. GREGORIUS DECAPOLITA	Sermo historicus 'de visione quam cum habuisset Saracenus quidam, credidit, et propter Jesum Christum martyrio affectus fuit.'	work	1201	1214	agree	yes			
100	CHRISTOPHORUS ALEXANDRINUS PATRIARCHA	Paraenesis in usus animarum 'demonstrans cuinam similis sit vita haecce hominum et in quem finem desinat.' (Homilia cui vita humana sit similis)	work	1215	1230	agree	yes			
100	CHRISTOPHORUS ALEXANDRINUS PATRIARCHA	Epistola ad Theophilum imp. (memoratur tantum ut jam edita inter opera S. Joan. Damasceni)	crossref	1231		elenchus-garbled	unknown			95 545
100	S. METHODIUS CP. PATRIARCHA	Notitia (auctore Leone Allatio) - Notitia altera (ex Fabricio) - Vita S. Methodii auctore Coevo, ex Actis SS. Bolland.	editorial	1231	1270	body-only	yes			
100	S. METHODIUS CP. PATRIARCHA	Homilia de cruce et passione Christi	crossref	1271		agree	unknown			18 597 (OCR)
100	S. METHODIUS CP. PATRIARCHA	Oratio in Sanctam Agatham, ex Bibliotheca concionatoria Combefisii	work	1271	1290	agree	latin-only			
100	S. METHODIUS CP. PATRIARCHA	Martyrium B. Dionysii Areopagitae	crossref	1291		agree	unknown			
100	S. METHODIUS CP. PATRIARCHA	Epistola ad patriarcham Hierosolymitanum de depositione apostatarum sacerdotum, ex Ang. Mai Bibliotheca nova Patrum	work	1291	1292	agree	yes			
100	S. METHODIUS CP. PATRIARCHA	Epistola contra Studitas ex ejusdem Spicilegio, sed addita interpretatione nostra	work	1293	1294	agree	yes			
100	S. METHODIUS CP. PATRIARCHA	De unitate Ecclesiae et obedientia pastoribus debita	work	1295	1298	elenchus-garbled	yes			
100	S. METHODIUS CP. PATRIARCHA	De iis qui abnegarunt secundum diversas personas et aetates et ad orthodoxam veramque fidem revertuntur, ex Goari Rituali Graecorum	work	1299	1332	agree	yes			
100	GEORGIUS NICOMEDIENSIS METROPOLITA	Orationes	work	1333	1526	elenchus-garbled	yes			
100	GEORGIUS NICOMEDIENSIS METROPOLITA	Idiomela	work	1527	end	elenchus-garbled	yes			
101	PHOTIUS CONSTANTINOPOLITANUS PATRIARCHA	Patrologiae Editorum Praefatio	editorial			body-only	latin-only			
101	PHOTIUS CONSTANTINOPOLITANUS PATRIARCHA	Josephi Hergenroether Dissertatio de Photii quaestionibus Amphilochianis	editorial	1	20	agree	latin-only			
101	PHOTIUS CONSTANTINOPOLITANUS PATRIARCHA	Praefationes	editorial	21	44	body-only	latin-only			
101	PHOTIUS CONSTANTINOPOLITANUS PATRIARCHA	Photii Amphilochia, sive in sacras litteras et quaestiones diatribe	work	45	1170	agree	yes			
101	PHOTIUS CONSTANTINOPOLITANUS PATRIARCHA	Indices septem in Quaestiones Amphilochianas	editorial	1171	1188	agree	latin-only			
101	PHOTIUS CONSTANTINOPOLITANUS PATRIARCHA	Commentariorum in Novum Testamentum quae supersunt	work	1189	1274	elenchus-garbled	yes			
101	PHOTIUS CONSTANTINOPOLITANUS PATRIARCHA	Supplementum ad quaestiones Amphilochianas	work	1275	end	elenchus-garbled	yes			
102	PHOTIUS CONSTANTINOPOLITANUS PATRIARCHA	Contra Manichaeos libri quatuor, ex editione J. Christophori Wolfi	work	9	262	agree	yes			
102	PHOTIUS CONSTANTINOPOLITANUS PATRIARCHA	De Spiritus sancti mystagogia liber, quem primus edidit et notis illustravit J. Hergenroether, in universitate Wirceburgensi theologiae doctor	work	263	546	elenchus-garbled	yes			
102	PHOTIUS CONSTANTINOPOLITANUS PATRIARCHA	Homiliae, ex editione Franc. Combefisii	work	547	574	agree	yes			
102	PHOTIUS CONSTANTINOPOLITANUS PATRIARCHA	Carmina, ex Junio Bollandiano et Ang. Maio	work	575	585	elenchus-garbled	yes			
102	PHOTIUS CONSTANTINOPOLITANUS PATRIARCHA	Epistolarum libri tres, ordine novo dispositi, ex Baronio, Montacutio, Combefisio, Franc. Scorso, Cotelerio, Ang. Maio, Jagero	work	586	end	elenchus-garbled	yes			
102	PHOTIUS CONSTANTINOPOLITANUS PATRIARCHA	Lectori (note on the Epistola ad Ecclesiam Antiochenam from TOMOS XAPAS, to be added at the end of the tome)	editorial			body-only	unknown			
103	PHOTIUS CONSTANTINOPOLITANUS PATRIARCHA	Myriobiblon sive Bibliotheca (codd. 1-249)	work	41	end	body-only	yes			
104	PHOTIUS CONSTANTINOPOLITANUS PATRIARCHA	Myriobiblon sive Bibliotheca (codd. 250-280)	work	9	430	body-only	yes			
104	PHOTIUS CONSTANTINOPOLITANUS PATRIARCHA	Monitum Editorum Patrologiae	editorial	431	440	body-only	latin-only			
104	PHOTIUS CONSTANTINOPOLITANUS PATRIARCHA	Angeli Maii in Photii Syntagma canonum Prolegomena	editorial	431	440	body-only	latin-only			
104	PHOTIUS CONSTANTINOPOLITANUS PATRIARCHA	Syntagma Canonum	work	441	974	body-only	yes			
104	PHOTIUS CONSTANTINOPOLITANUS PATRIARCHA	Nomocanon	work	975	1218	body-only	yes			
104	PHOTIUS CONSTANTINOPOLITANUS PATRIARCHA	Interrogationes decem cum totidem responsionibus	work	1219	1238	body-only	yes			
104	PETRUS SICULUS ET PETRUS ARGORUM EPISCOPUS	Petri Siculi Historia Manicheorum	work	1239	1305	body-only	yes			
104	PETRUS SICULUS ET PETRUS ARGORUM EPISCOPUS	Ejusdem adversus Manichaeos sermones tres	work	1306	1350	body-only	yes			
104	PETRUS SICULUS ET PETRUS ARGORUM EPISCOPUS	Petri Argorum episcopi Oratio de conceptione B. Annae	work	1351	1365	body-only	yes			
104	PETRUS SICULUS ET PETRUS ARGORUM EPISCOPUS	Vita S. Athanasii Methonensis	work	1366	1382	body-only	latin-only			
104	BARTHOLOMAEUS EDESSENUS MONACHUS	Elenchus et confutatio Agareni	work	1383	1446	agree	yes			
104	BARTHOLOMAEUS EDESSENUS MONACHUS	Contra Muhammed	work	1447	end	elenchus-garbled	yes			
105	NICETAS DAVID PAPHLAGO	Orationes laudatoriae aliaeque nonnullae festivae	work	15	486	agree	yes			
105	NICETAS DAVID PAPHLAGO	Vita S. Ignatii archiepiscopi Constantinopolitani	work	487	574	elenchus-garbled	yes			
105	NICETAS DAVID PAPHLAGO	Fragmenta Expositionis in Lucae Evangelium	work	575	576	elenchus-garbled	yes			
105	NICETAS DAVID PAPHLAGO	Exegesis carminum arcanorum S. Gregorii Theologi	work	577	582	agree	yes			
105	NICETAS BYZANTINUS	Editorum Patrologiae Dissertatio de aetate et scriptis Nicetae Byzantini, in qua etiam de Niceta Davide	editorial	583	586	agree	latin-only			
105	NICETAS BYZANTINUS	Nicetae Refutatio epistolae regis Armeniae	work	587	668	agree	yes			
105	NICETAS BYZANTINUS	Confutatio dogmatum Mahomedis	work	669	848	agree	yes			
105	THEOGNOSTUS MONACHUS	Encomium in omnes sanctos	work	849	854	agree	yes			
105	THEOGNOSTUS MONACHUS	Libellus ad Nicolaum Papam in causa Ignatii archiepiscopi Constantinopolitani	work	855	862	agree	yes			
105	ANONYMUS	Vita S. Nicolai Studitae	work	863	930	agree	yes			
105	S. JOSEPHUS HYMNOGRAPHUS	Vita S. Josephi auctore Joanne diacono CP., ex Actis sanctorum Bollandianis	work	931	976	agree	yes			
105	S. JOSEPHUS HYMNOGRAPHUS	Mariale S. Josephi	work	977	1414	agree	yes			
105	S. JOSEPHUS HYMNOGRAPHUS	Canon in terrae motus periculo	work	1415	1420	agree	yes			
105	S. JOSEPHUS HYMNOGRAPHUS	Laudatio in S. Bartholomaeum apostolum	work	1421	end	agree	yes			
106	JOSEPPUS CHRISTIANUS	Libellus memorialis in Vetus et Novum Testamentum	work	15	177	agree	yes			
106	NICEPHORUS PHILOSOPHUS CHRISTIANUS	Vita S. Antonii Cauleae, patriarchae Constantinopolitani, ex Actis Sanctorum Bollandianis	work	178	206	agree	latin-only			
106	S. ANDREAS CAESAREAE CAPPADOCIAE ARCHIEPISCOPUS	Commentarius in Apocalypsin	work	207	486	agree	yes			
106	ARETHAS S. ANDREAE DISCIPULUS ET SUCCESSOR	Commentarius in Apocalypsin	work	487	786	agree	yes			
106	ARETHAS S. ANDREAE DISCIPULUS ET SUCCESSOR	Oratio de SS. Samona, Guria et Abibo	work	787	810	elenchus-garbled	latin-only			
106	JOANNES GEOMETRA	Sermo in SS. Deiparae Annuntiationem	work	811	846	agree	yes			
106	JOANNES GEOMETRA	Oratio de malo	work	847	852	elenchus-garbled	yes			
106	JOANNES GEOMETRA	Hymni quinque in S. Deiparam	work	853	866	agree	yes			
106	JOANNES GEOMETRA	Paradisus	work	867	889	elenchus-garbled	yes			
106	JOANNES GEOMETRA	Elogium S. Panteleemonis martyris	work	890	900	agree	yes			
106	JOANNES GEOMETRA	Carmina varia argumenti sacri vel historici, ex Anecdotis Parisiensibus J.-A. Crameri, addita interpretatione nostra	work	901	1005	agree	yes			
106	COSMAS VESTITOR	Sermo in SS. Joachim et Annam	work	1006	1013	agree	yes			
106	COSMAS VESTITOR	Appendix ad Cosmam. Canon acrostichus in festivitatem Conceptionis SS. Deiparae	work	1014	1018	agree	yes			
106	LEO PATRICIUS	Epitome ex ejus interpretatione in Genesin e variis Patribus	work	1019	1022	agree	yes			
106	ATHANASIUS CORINTHIORUM ARCHIEPISCOPUS	Fragmentum ex quatuor libris Jacobi Jacobiti	work	1023	1290	elenchus-garbled	yes			
106	OPUSCULA GRAECA INCERTAE AETATIS	Opuscula scripturistica	work	1023	1290	disagree	yes			
106	OPUSCULA GRAECA INCERTAE AETATIS	Opuscula liturgica	work	1291	1334	elenchus-garbled	yes			
106	OPUSCULA GRAECA INCERTAE AETATIS	Opuscula moralia	work	1335	end	agree	yes			
107	LEO IMPERATOR, COGNOMINE PHILOSOPHUS, VEL SAPIENS	Patrologiae Editorum Praefatio de vita et scriptis Leonis imp.	editorial			body-only	latin-only			
107	LEO IMPERATOR, COGNOMINE PHILOSOPHUS, VEL SAPIENS	Vita Leonis imp. auctore Hipp. Maracci, Leonis Mariali prefixa	editorial			body-only	latin-only			
107	BASILIUS I IMPERATOR (printed in the Leo volume)	Basilii imp., Leonis patris, capita hortatoria ad filium, ex edit. Bandurii, Imp. Orient. tom. I	work			body-only	yes			
107	BASILIUS I IMPERATOR (printed in the Leo volume)	Ejusdem capita altera ad eumdem, ex edit. card. Ang. Mai	work			body-only	yes			
107	CONSTANTINUS, Leonis discipulus	Constantini, Leonis discipuli, versus in magistrum cum interpretatione nostra	work			body-only	yes			
107	LEO IMPERATOR, COGNOMINE PHILOSOPHUS, VEL SAPIENS	Homiliae et panegyrici XIX, ex edit. Hipp. Maracci, Franc. Combefisii, Jac. Gretseri, Scipionis Maffei, Petri Possini, Henr. Savilii, Baronii	work	1	298	body-only	yes			
107	LEO IMPERATOR, COGNOMINE PHILOSOPHUS, VEL SAPIENS	Preces liturgicae, ex antiqua Collectione liturgica Venetiis edita 1594	work	299	308	body-only	yes			
107	LEO IMPERATOR, COGNOMINE PHILOSOPHUS, VEL SAPIENS	Canticum compunctionis ex meditatione aeterni judicii, in Anecdotis P. Matrangae, cum interpretatione nostra	work	309	314	body-only	yes			
107	LEO IMPERATOR, COGNOMINE PHILOSOPHUS, VEL SAPIENS	Epistola ad Omarum Saracenorum regem de fidei Christianae veritate et Mahumetanorum erroribus, ex Biblioth. Patrum Lugdun. edit	work	315	324	body-only	latin-only			
107	LEO IMPERATOR, COGNOMINE PHILOSOPHUS, VEL SAPIENS	Orientalium Episcopatuum Notitiae a Leone Sapiente ad Andronicum Palaeologum, ex edit. Jacobi Goari	work	325	418	body-only	yes			
107	LEO IMPERATOR, COGNOMINE PHILOSOPHUS, VEL SAPIENS	Novellae Constitutiones sive correctoriae legum repurgationes, ex Corpore juris civilis	work	419	658	body-only	yes			
107	LEO IMPERATOR, COGNOMINE PHILOSOPHUS, VEL SAPIENS	Apologia Leonis in qua Constantini discipuli sui calumnias a se repellit	work	659	662	body-only	yes			
107	LEO IMPERATOR, COGNOMINE PHILOSOPHUS, VEL SAPIENS	Epigrammata	work	663	664	body-only	yes			
107	LEO IMPERATOR, COGNOMINE PHILOSOPHUS, VEL SAPIENS	KAPKINOI	work	665	666	body-only	yes			
107	LEO IMPERATOR, COGNOMINE PHILOSOPHUS, VEL SAPIENS	De martyrio S. Clementis Ancyrani fragmenta metrica	work	665	666	body-only	yes			
107	LEO IMPERATOR, COGNOMINE PHILOSOPHUS, VEL SAPIENS	Fragmenta homiliarum in S. Tryphonem	work	667	670	body-only	yes			
107	LEO IMPERATOR, COGNOMINE PHILOSOPHUS, VEL SAPIENS	Tactica, sive de re militari Liber, ex editione Joannis Lamii in recensione operum Meursii Florentiae 1545 edita	work	671	1094	body-only	yes			
107	LEO IMPERATOR, COGNOMINE PHILOSOPHUS, VEL SAPIENS	Appendix ad Tactica. Capitula quaedam ad rem militarem spectantia, ex Mauricii, Constantini et Leonis Tacticis, edita in Programmate academico Turicensi anni 1854	work	1095	1120	body-only	yes			
107	LEO IMPERATOR, COGNOMINE PHILOSOPHUS, VEL SAPIENS	Oracula cum figuris et antiqua Paraphrasi, ex editione Petri Lambecii	work	1121	end	body-only	yes			
108	S. THEOPHANES ABBAS ET CONFESSOR	Vita et Officium S. Theophanis	work	17	54	body-only	yes			
108	S. THEOPHANES ABBAS ET CONFESSOR	S. Theophanis Chronographia	work	55	1008	body-only	yes			
108	AUCTOR INCERTUS	Vita Leonis Armeni	work	1009	1036	body-only	yes			
108	LEO GRAMMATICUS	Chronographia	work	1037	1162	body-only	yes			
108	GODEFRIDI HENSCHENII	Dissertatio de chronographia S. Theophanis	editorial	1163	1186	body-only	latin-only			
108	ANASTASIUS BIBLIOTHECARIUS	Historia ecclesiastica ex Theophane	work	1187	end	body-only	latin-only			
109	ANONYMUS (Continuator Theophanis)	Chronographia, Theophani continuanda, Constantini Porphyrogeniti imp. jussu scripta, libris IV	work	15	224	agree	yes			
109	CONSTANTINUS PORPHYROGENITUS	De vita et rebus gestis avi sui Basilii Macedonis	work	225	368	agree	yes			
109	ANONYMI	Libri duo De vita Leonis Philosophi, Alexandri et Romani junioris, impp.	work	369	498	elenchus-garbled	yes			
109	ANONYMUS	Dissertatio steliteutica contra Iconomachos, scripta circa an. 745	work	499	517	agree	yes			
109	JOANNES HIEROSOLYMITANUS	Narratio de origine motuum Iconoclastarum	work	518	518	elenchus-garbled	yes			
109	JOANNES CAMENIATA	Narratio de excidio Thessalonicae; praemittitur excerptum ex miraculis S. Demetrii martyris	work	519	652	agree	yes			
109	GREGORIUS MONACHUS	Ex Vita Basilii Junioris	work	653	662	agree	yes			
109	SYMEON MAGISTER ET LOGOTHETA	Annales a Leone Armeno ad Nicephorum Phocam	work	663	822	agree	yes			
109	GEORGIUS MONACHUS	Vitae recentiorum imperatorum	work	823	984	agree	yes			
109	JOSEPHUS GENESIUS	Historia de rebus Constantinopolitanis	work	985	end	agree	yes			
110	GEORGIUS MONACHUS, COGNOMENTO HAMARTOLUS	Prolegomena (1. De Georgio monacho et de continuatoribus ejus et exscriptoribus; 2. de codicibus)	editorial	9	40	agree	latin-only			
110	GEORGIUS MONACHUS, COGNOMENTO HAMARTOLUS	Chronicon breve, ab orbe condito ad annum post Christum natum 840 et a diversis scriptoribus ad annum usque 1143 continuatum (ex ed. Muralto)	work	41	end	agree	yes			
112	CONSTANTINUS PORPHYROGENITUS	Editorum Patrologiae Praefatio	editorial	9	10	agree	latin-only			
112	CONSTANTINUS PORPHYROGENITUS	J. A. Fabricii Notitia Scriptorum Constantini Porphyrogeniti	editorial	11	32	agree	latin-only			
112	CONSTANTINUS PORPHYROGENITUS	De Cerimoniis Aulae Byzantinae libri duo, e recensione Joan. Jac. Reiskii, cum ejusdem Commentariis (collective title page)	work	33	34	agree	yes			
112	CONSTANTINUS PORPHYROGENITUS	B. G. Niebuhrii Praefatio (Ed. Bonn. 1829)	editorial	33	34	body-only	latin-only			
112	CONSTANTINUS PORPHYROGENITUS	Joan. Jac. Reiskii Praefatio (Praefationes ad tomum primum)	editorial	35	70	disagree	latin-only			
112	CONSTANTINUS PORPHYROGENITUS	Joan. Henrici Leichii Commentatio de Vita et Rebus gestis Constantini Porphyrogeniti	editorial			unlocated	unknown			
112	CONSTANTINUS PORPHYROGENITUS	Ex Adversariis Leichianis, de scriptis Constantini Porphyrogeniti (Excerptum)	editorial	71	72	body-only	latin-only			
112	CONSTANTINUS PORPHYROGENITUS	De Cerimoniis Aulae Byzantinae liber primus	work	73	972	elenchus-garbled	yes			
112	CONSTANTINUS PORPHYROGENITUS	De iisdem Cerimoniis liber secundus	work	973	end	elenchus-garbled	yes			
113	CONSTANTINUS IMPERATOR PORPHYROGENITUS	De thematibus Orientis et Occidentis, ex editione Anselmi Bandurii, Benedictini Monachi	work	63	140	agree	yes			
113	CONSTANTINUS IMPERATOR PORPHYROGENITUS	Frid. Tafel, Dissertatio (praefatio to Liber de Thematibus, ed. 1841/1847), premitted to De thematibus	editorial			body-only	latin-only			
113	CONSTANTINUS IMPERATOR PORPHYROGENITUS	Hieroclis Grammatici Synecdemus	work	141	156	agree	yes			
113	CONSTANTINUS IMPERATOR PORPHYROGENITUS	Liber de administrando imperio, ex editione Ans. Bandurii	work	157	420	agree	yes			
113	CONSTANTINUS IMPERATOR PORPHYROGENITUS	Vita Basilii Macedonis (memoratur tantum: exstat in tomo CIX Patrologiae, col. 226)	crossref	421		body-only	unknown			109 226
113	CONSTANTINUS IMPERATOR PORPHYROGENITUS	Preces liturgicae (Vide inter Opera Leonis Philosophi, tomo CVII, col. 299)	crossref	421		body-only	unknown			107 299
113	CONSTANTINUS IMPERATOR PORPHYROGENITUS	Narratio de translatione Constantinopolim imaginis Edessenae, ex editione Andreae Gallandii	work	421	452	agree	yes			
113	CONSTANTINUS IMPERATOR PORPHYROGENITUS	Delectus legum compendiarius	work	453	548	agree	yes			
113	CONSTANTINUS IMPERATOR PORPHYROGENITUS	Novellae Constitutiones	work	549	604	agree	yes			
113	CONSTANTINUS IMPERATOR PORPHYROGENITUS	Excerpta de Legationibus, ex Dexippo Atheniensi, Eunapio Sardiano, Petro Patricio et magistro, Prisco sophista, Marco Philadelphiensi, Menandro Protectore, Theophylacto Simocatta, Constantini Porphyrogeniti jussu collecta	work	605	634	agree	yes			
113	CONSTANTINUS IMPERATOR PORPHYROGENITUS	Constantini Proemium, quomodo oportet legatos admittere aut legatos mittere	work	635	950	agree	yes			
113	CONSTANTINUS IMPERATOR PORPHYROGENITUS	Argumentum libri primi Constantini Porphyrogeniti de virtutibus et vitiis, ex Collectaneis ab Henr. Valesio editis	work	951	974	agree	yes			
113	S. NICON IN CRETA	Acta S. Niconis ab abbate monasterii S. Niconis anno 1150 scripta	work	975	986	agree	latin-only			
113	THEODOSIUS DIACONUS	De expugnatione Cretae acroases quinque, ad Nicephorum Phocam imp., ex editione Nic. Mariae Foggini in Historiae Byzantinae Appendice nova Romae 1777 edita	work	987	1058	elenchus-garbled	yes			
113	ADDENDA	Addenda: Romani Junioris imp. aurea bulla pro monasterio Xeropotami in monte Atho (cum interpretatione nostra)	work	1059	1068	elenchus-garbled	yes			
113	ADDENDA	Petri Wesselingii ad Hieroclis Synecdemum (Elenchus title OCR-garbled: 'Nova ... ad Hieroclis Synecdemum')	editorial	1069	end	disagree	latin-only			
114	SYMEON METAPHRASTES	Patrologiae Editorum Praefatio	editorial	9	18	body-only	latin-only			
114	SYMEON METAPHRASTES	Leonis Allatii De Symeonis Metaphrastae scriptis Diatriba	work	19	146	body-only	latin-only			
114	SYMEON METAPHRASTES	Indices in Diatribam	editorial	147	157	body-only	latin-only			
114	SYMEON METAPHRASTES	De auctoritate et testimonio Metaphrastae, auctore R. P. Honorato a S. Maria, Carmelita discalceato, in 'Réflexions sur les règles et sur l'usage de la critique'	work	158	182	body-only	latin-only			
114	SYMEON METAPHRASTES	Symeonis Metaphrastae Encomium auctore Michaele Psello	work	183	198	body-only	yes			
114	SYMEON METAPHRASTES	Ejusdem Metaphrastae Officium eodem auctore	work	199	209	body-only	yes			
114	SYMEON METAPHRASTES	Oratio in Lamentationem Deiparae (Planctus B. Mariae corpus Christi amplexantis)	work	210	218	body-only	yes			
114	SYMEON METAPHRASTES	Sermones Ethici XXV e scriptis Basilii Magni collecti	crossref	217		body-only	unknown			32 1115
114	SYMEON METAPHRASTES	Paraphrasis in Sermones S. Macarii Aegyptii	crossref	219		body-only	unknown			34 84.-965 (OCR as read, unreliable)
114	SYMEON METAPHRASTES	Precationes	work	219	225	body-only	yes			
114	SYMEON METAPHRASTES	Iambici trimetri	work	226	226	body-only	yes			
114	SYMEON METAPHRASTES	Alphabeta moralia quatuor	crossref	225		body-only	unknown			114 131
114	SYMEON METAPHRASTES	Epistolae	work	227	234	body-only	yes			
114	SYMEON METAPHRASTES	Epitome canonum	work	235	293	body-only	latin-only			
114	SYMEON METAPHRASTES	Annales a regno Leonis Armeni usque ad Nicephorum Phocam, jam editi in tomo CIX, inter Scriptores post Theophanem	crossref	293		body-only	unknown			109 665
114	SYMEON METAPHRASTES	Monitum Editorum (Pars Tertia: Vitae Sanctorum)	editorial	294	299	body-only	latin-only			
114	SYMEON METAPHRASTES	Martini Hanckii Catalogus Vitarum quas Symeon Metaphrastes composuit	editorial	294	299	body-only	latin-only			
114	SYMEON METAPHRASTES	Danielis de Nessel Catalogus earumdem Vitarum	editorial	300	305	body-only	latin-only			
114	SYMEON METAPHRASTES	Vitae Sanctorum, ordine mensium (Mensis Januarius ff.)	work	306	end	body-only	unknown			
115	SYMEON METAPHRASTES	Vita sancti Theophanis	work			unlocated	yes			
115	SYMEON METAPHRASTES	Vita sancti Longini centurionis	work	31	42	body-only	yes			
115	SYMEON METAPHRASTES	Vita sancti Abramii et neptis ejus	work	43	76	body-only	yes			
115	SYMEON METAPHRASTES	Vita et martyrium SS. Agapes et sociorum	work	77	82	body-only	latin-only			
115	SYMEON METAPHRASTES	Vita sanctae Theodorae	work	83	86	body-only	latin-only			
115	SYMEON METAPHRASTES	Vita sanctae Thermes et sociarum	work	87	90	body-only	latin-only			
115	SYMEON METAPHRASTES	Vita sancti Calliopi	work	91	94	body-only	latin-only			
115	SYMEON METAPHRASTES	Vita sancti Terentii et sociorum	work	95	104	body-only	yes			
115	SYMEON METAPHRASTES	Vita sancti Carpi et sociorum	work	105	126	body-only	yes			
115	SYMEON METAPHRASTES	Vita sancti Eleutherii	work	127	140	body-only	yes			
115	SYMEON METAPHRASTES	Vita sancti Georgii	work	141	162	body-only	yes			
115	SYMEON METAPHRASTES	Vita sancti Marci apostoli et evangelistae	work	163	170	body-only	yes			
115	SYMEON METAPHRASTES	Vita sancti Anthimi	work	171	182	body-only	yes			
115	SYMEON METAPHRASTES	Vita sancti Philippi apostoli	work	183	198	body-only	yes			
115	SYMEON METAPHRASTES	Vita sancti Jacobi fratris Domini	work	199	216	body-only	yes			
115	SYMEON METAPHRASTES	Vita sancti Acacii	work	217	240	body-only	yes			
115	SYMEON METAPHRASTES	Vita sancti Bonifacii	work	241	256	body-only	yes			
115	SYMEON METAPHRASTES	Vita SS. Victoris et Coronae	work	257	266	body-only	yes			
115	SYMEON METAPHRASTES	Vita sancti Sampsonis	work	267	308	body-only	yes			
115	SYMEON METAPHRASTES	Vita sancti Stephani et sociorum	work	309	318	body-only	latin-only			
115	SYMEON METAPHRASTES	Vitae SS. XLV Martyrum	work	319	346	body-only	yes			
115	SYMEON METAPHRASTES	Vita B. Eugenii et Mariae ejus filiae	work	347	354	body-only	yes			
115	SYMEON METAPHRASTES	Vita SS. Mauricii et sociorum	work	355	370	body-only	yes			
115	SYMEON METAPHRASTES	Vita sancti prophetae Danielis	work	371	402	body-only	yes			
115	SYMEON METAPHRASTES	Vita sancti Platonis	work	403	426	body-only	yes			
115	SYMEON METAPHRASTES	De septem Dormientibus	work	427	446	body-only	yes			
115	SYMEON METAPHRASTES	Vita sancti Panteleemonis	work	447	476	body-only	yes			
115	SYMEON METAPHRASTES	Vita sancti Callinici	work	477	486	body-only	yes			
115	SYMEON METAPHRASTES	Vita sancti Eudocimi	work	487	496	body-only	latin-only			
115	SYMEON METAPHRASTES	Vita sanctae Sophiae et filiarum ejus	work	497	512	body-only	yes			
115	SYMEON METAPHRASTES	Vita sancti Stephani papae et martyris	work	513	522	body-only	latin-only			
115	SYMEON METAPHRASTES	Martyrium sancti Eupli	work	523	528	body-only	yes			
115	SYMEON METAPHRASTES	Oratio de sancta Maria Deipara	work	529	564	body-only	latin-only			
115	SYMEON METAPHRASTES	Martyrium sancti Mamantis	work	565	574	body-only	latin-only			
115	SYMEON METAPHRASTES	Martyrium SS. Pauli et Juliae	work	575	586	body-only	latin-only			
115	SYMEON METAPHRASTES	Vita sancti Andreae et sociorum	work	587	608	body-only	yes			
115	SYMEON METAPHRASTES	Martyrium sancti Eudoxii et sociorum	work	609	632	body-only	yes			
115	SYMEON METAPHRASTES	Martyrium sancti Sozontis	work	633	638	body-only	yes			
115	SYMEON METAPHRASTES	Martyrium sancti Severiani	work	639	654	body-only	yes			
115	SYMEON METAPHRASTES	Martyrium sanctae Menodorae et sociarum	work	655	664	body-only	yes			
115	SYMEON METAPHRASTES	Vita sanctae Theodorae Alexandrinae	work	665	690	body-only	yes			
115	SYMEON METAPHRASTES	Martyrium sancti Autonomi	work	691	702	body-only	yes			
115	SYMEON METAPHRASTES	Martyrium sancti Nicetae Gothi	work	703	712	body-only	yes			
115	SYMEON METAPHRASTES	Martyrium sanctae Euphemiae	work	713	732	body-only	yes			
115	SYMEON METAPHRASTES	Martyrium sancti Trophimi et sociorum	work	733	748	body-only	yes			
115	SYMEON METAPHRASTES	Vita sancti Matthaei evangelistae	work	749	820	body-only	latin-only			
115	SYMEON METAPHRASTES	Martyrium sanctae Theclae	work	821	844	body-only	yes			
115	SYMEON METAPHRASTES	Vita sancti Cypriani Antiocheni	work	845	880	body-only	yes			
115	SYMEON METAPHRASTES	Martyrium sancti Callistrati	work	881	898	body-only	yes			
115	SYMEON METAPHRASTES	Vita sancti Charitonis	work	899	916	body-only	yes			
115	SYMEON METAPHRASTES	Vita sancti Cyriaci	work	917	942	body-only	yes			
115	SYMEON METAPHRASTES	Vita sancti Gregorii illuminatoris	work	943	996	body-only	yes			
115	SYMEON METAPHRASTES	Martyrium sanctae Charitinae	work	997	1004	body-only	yes			
115	SYMEON METAPHRASTES	Martyrium SS. Sergii et Bacchi	work	1005	1030	body-only	yes			
115	SYMEON METAPHRASTES	Vita et Acta varia sancti Demetrii	crossref	1031		body-only	latin-only			116
115	SYMEON METAPHRASTES	Vita sancti Dionysii Areopagitae	work	1031	1048	body-only	yes			
115	SYMEON METAPHRASTES	Vita sancti Andronici et ejus conjugis	work	1049	1052	body-only	latin-only			
115	SYMEON METAPHRASTES	Martyrium SS. Eulampii et Eulampiae	work	1053	1066	body-only	yes			
115	SYMEON METAPHRASTES	Martyrium sancti Probi et sociorum	work	1067	1080	body-only	yes			
115	SYMEON METAPHRASTES	Vita sancti Andreae Cretensis	work	1081	1128	body-only	yes			
115	SYMEON METAPHRASTES	Vita sancti Lucae evangelistae	work	1129	1140	body-only	yes			
115	SYMEON METAPHRASTES	Martyrium sancti Vari	work	1141	1158	body-only	yes			
115	SYMEON METAPHRASTES	Martyrium sancti Artemii	work	1159	1210	body-only	yes			
115	SYMEON METAPHRASTES	Vita sancti Abercii	work	1211	1248	body-only	yes			
115	SYMEON METAPHRASTES	Martyrium sancti Arethae et sociorum	work	1249	1288	body-only	yes			
115	SYMEON METAPHRASTES	Martyrium sancti Marciani	work	1289	1292	body-only	yes			
115	SYMEON METAPHRASTES	Vita sanctae Anastasiae Romanae	work	1293	1308	body-only	yes			
115	SYMEON METAPHRASTES	Martyrium SS. Zenobii et Zenobiae	work	1309	1318	body-only	yes			
115	SYMEON METAPHRASTES	Martyrium sancti Epimachi	work	1319	end	body-only	yes			
116	SYMEON METAPHRASTES	Vitae Sanctorum (continuatio): Mensis Novembris	work	9	300	agree	yes	11		
116	SYMEON METAPHRASTES	Vitae Sanctorum (continuatio): Mensis Decembris	work	301	792	agree	yes	16		
116	SYMEON METAPHRASTES	Vitae Sanctorum (continuatio), Addenda: Mensis Januarius	work	793	816	elenchus-garbled	yes	1		
116	SYMEON METAPHRASTES	Vitae Sanctorum (continuatio), Addenda: Mensis Februarius	work	817	830	elenchus-garbled	yes	1		
116	SYMEON METAPHRASTES	Vitae Sanctorum (continuatio), Addenda: Mensis Aprilis	work	831	882	elenchus-garbled	yes	2		
116	SYMEON METAPHRASTES	Vitae Sanctorum (continuatio), Addenda: Mensis Junius	work	883	906	agree	yes	2		
116	SYMEON METAPHRASTES	Vitae Sanctorum (continuatio), Addenda: Mensis October	work	907	918	agree	yes	1		
116	SYMEON METAPHRASTES	Vitae Sanctorum (continuatio), Addenda: Mensis November	work	919	968	agree	yes	2		
116	SYMEON METAPHRASTES	Vitae Sanctorum (continuatio), Addenda: Mensis December	work	969	1080	agree	yes	2		
116	SYMEON METAPHRASTES	S. Demetrii martyris Acta ex editione Cornelii Byei, S. J. (Supplementum)	work	1081	end	agree	yes	8		
117	BASILIUS PORPHYROGENITUS IMP.	Menologium Basilianum, ex editione cardinalis Albani	work	9	612	agree	yes	6		
117	BASILIUS PORPHYROGENITUS IMP.	Basilii imp. novellae Constitutiones	work	613	634	elenchus-garbled	yes	5		
117	LEO DIACONUS CALOENSIS	Praefatio D. Caroli Benedicti Hasii ... ad Leonem Diaconum	editorial	635	654	elenchus-garbled	latin-only			
117	LEO DIACONUS CALOENSIS	Leonis Diaconi Historiae libri decem	work	655	924	elenchus-garbled	yes			
117	ANONYMUS	De velitatione bellica Nicephori Augusti, ex editione D. Caroli Benedicti Hasii post Leonem Diaconum	work	925	1006	elenchus-garbled	yes			
117	ANONYMUS	Excerpta ex historiis Arabum de expeditionibus Syriacis Nicephori Phocae et Joannis Tzimiscis, ex editione Christiani Lassenii	work	1007	1024	agree	latin-only			
117	HYPPOLYTUS THEBANUS	Fragmenta ab Andrea Gallandio collecta	work	1025	1056	agree	yes			
117	GEORGIDES MONACHUS	Gnomologium	work	1057	1162	elenchus-garbled	yes			
117	IGNATIUS DIACONUS	Drama de primi parentis lapsu	work	1163	1172	elenchus-garbled	yes			
117	IGNATIUS DIACONUS	Versus ad Paulum discipulum suum	work	1173	1174	agree	yes			
117	IGNATIUS DIACONUS	Iambi alphabetici	work	1175	1176	agree	yes			
117	NILUS	Versus alphabetici	work	1177	1178	agree	yes			
117	CHRISTOPHORUS PROTOASECRETIS	Exhortatio duplex ad Israelitas	work	1179	1192	agree	yes			
117	MICHAEL HAMARTOLUS	Epistola ad Tyri presulem	work			unlocated	unknown			
117	ANONYMUS	Versus politici catanuctici juxta alphabetum ex parte animae dolentis ad Salvatorem	work			unlocated	yes			
117	SUIDAS	Indices tres Lexicon Suidae compendiose repraesentantes	work	1193	end	agree	unknown			
118	OECUMENIUS TRICCAE IN THESSALIA EPISCOPUS	Notitia (Oudin, De Script. eccles., t. II, p. 618)	editorial	9	10	body-only	latin-only			
118	OECUMENIUS TRICCAE IN THESSALIA EPISCOPUS	Donati Veronensis Epistola dedicatoria ad Clementem VII Pontificem Maximum	editorial	9	10	body-only	latin-only			
118	OECUMENIUS TRICCAE IN THESSALIA EPISCOPUS	Joannis Hentenii, monachi Hieronymiani, qui Graeca Latina fecit, Praefatio ad D. Georgium ab Austria, Episcopum Leodiensem, Bullonensem ducem, etc.	editorial	11	18	body-only	latin-only			
118	OECUMENIUS TRICCAE IN THESSALIA EPISCOPUS	Ejusdem Praefatio ad Lectorem	editorial	19	42	body-only	latin-only			
118	OECUMENIUS TRICCAE IN THESSALIA EPISCOPUS	Commentaria in Acta apostolorum	work	43	306	body-only	yes			
118	OECUMENIUS TRICCAE IN THESSALIA EPISCOPUS	Commentaria in Epistolas Pauli	work	307	end	body-only	yes			
118	OECUMENIUS TRICCAE IN THESSALIA EPISCOPUS	Commentaria in Epistolas Catholicas	work			unlocated	unknown			
119	OECUMENIUS TRICCAE IN THESSALIA EPISCOPUS	Commentaria in Novum Testamentum (Continuatio)	work	9	721	agree	yes			
119	OECUMENIUS TRICCAE IN THESSALIA EPISCOPUS	Synopsis Anonymi ex Oecumenio in Apocalypsin, ex qua discimus locum sedis episcopalis Oecumenii	work	722	725	elenchus-garbled	yes			
119	PATRIARCHAE CPOLITANI	Sententiae synodales et sanctiones pontificiae archiepiscoporum et patriarcharum Constantinopolis	work	726	1300	elenchus-garbled	yes			
119	OECUMENIUS TRICCAE IN THESSALIA EPISCOPUS	Index rerum et sententiarum in Oecumenii Opera	editorial	1301	end	agree	latin-only			
120	ANONYMUS S. NILI DISCIPULUS	Vita S. Nili Junioris, abbatis Cryptae-Ferratae in agro Tusculano, ex editione Joan. Matthei Caryophylli, episcopi Iconiensis, repetita in Septembri Bollandiano, tom. VII	work	9	165	agree	yes			
120	THEODORUS ICONII EPISCOPUS	Vita SS. Cyrici et Julittae, ex Bibl. nova Patrum card. Ang. Mai	work	166	173	agree	yes			
120	LEO PRESBYTER	Prologus ad Passionem SS. Rufi et Respicii, ex Spicileg. Rom.	work	174	174	agree	latin-only			
120	LEO PRESBYTER	Prologus in Vitam S. Joannis Chrysostomi	work	175	177	agree	latin-only			
120	LEO GRAMMATICUS	Chronographia (vide tomum CIX, qui Scriptores post Theophanem complectitur)	crossref			crossref	unknown			109
120	JOANNES PRESBYTER	Epistola ad Leonem Grammaticum et archiepiscopum Calabriae, ex J. B. Cotelerii Monum. Ecclesiae Graecae	work	178	184	elenchus-garbled	yes			
120	EPIPHANIUS MONACHUS HIEROSOLYMITANUS	Sermo de vita S. Deiparae, ex Amadutii Anecdot. litter., tom. III	work	185	214	elenchus-garbled	yes			
120	EPIPHANIUS MONACHUS HIEROSOLYMITANUS	Sermo de vita S. Andreae, ex editione Graeca A. Dresselii, addita interpretatione nostra	work	215	258	agree	yes			
120	EPIPHANIUS MONACHUS HIEROSOLYMITANUS	Enarratio Syriae, Urbis Sanctae et sacrorum ibi locorum, ex Allatii Symmictis	work	259	273	agree	yes			
120	EPIPHANIUS MONACHUS HIEROSOLYMITANUS	De religione Christiana libellus, ex Emmanuelis a Schelestrate Actis Ecclesiae Orientalis	work	274	286	elenchus-garbled	latin-only			
120	ALEXIUS CP. PATRIARCHA	Constitutiones synodales	crossref			crossref	unknown			112 745 et 1009
120	DEMETRIUS SYNCELLUS CYZICENUS METROPOLITA	Responsiones de nuptiis prohibitis	crossref			crossref	unknown			119 1008
120	SYMEON JUNIOR	Notitia ex Leone Allatio De Symeonibus	editorial	287	316	agree	latin-only			
120	SYMEON JUNIOR	Jacobi Pontani Praefatio	editorial	317	320	agree	latin-only			
120	SYMEON JUNIOR	Orationes XXXIII, Latine, ex editione Jacobi Pontani	work	321	506	body-only	latin-only			
120	SYMEON JUNIOR	Divinorum amorum Liber singularis	work	507	602	elenchus-garbled	latin-only			
120	SYMEON JUNIOR	Capita practica et theologica, Latine partim apud Jac. Pontanum, Graece in Philocalia (exemplar Athenis transmissum)	work	603	686	elenchus-garbled	yes			
120	SYMEON JUNIOR	De alterationibus animae et corporis quae ex varietate cibi aut aeris, quaeque ex elementis, ex cibis, interdum etiam ex daemonibus exsistere in nobis solent. Latine ex interpretatione Petri Possini S. J.	work	687	692	elenchus-garbled	latin-only			
120	SYMEON JUNIOR	De fide et profectu libellus, vernaculo sermone Graeco scriptus, ex Philocalia	work	693	700	agree	yes			
120	SYMEON JUNIOR	De tribus modis orationis, ex eodem libro	work	701	708	agree	yes			
120	SYMEON JUNIOR	Appendix. Scholastici cujusdam Dialogus de Deo, ad Symeonem Theologum	work	709	710	agree	latin-only			
120	NICETAS CHARTOPHYLAX NICANUS	Quibus temporibus et quarum criminationum causa a CP Ecclesia sejunxerit se Romana Ecclesia, ex Maii nova Bibl. PP.	work	711	722	disagree	yes			
120	MICHAEL CERULARIUS CP. PATRIARCHA	Homilia dicta in prima Dominica Quadragesimae, festo restitutionis imaginum, ex Montfauconii Biblioth. Coislin. (falso antea inscribebatur: Epistola synodi Nicaenae ad S. Marinorum Ecclesiam)	work	723	736	elenchus-garbled	yes			
120	MICHAEL CERULARIUS CP. PATRIARCHA	Edictum synodale, ex Conciliis	work	737	748	elenchus-garbled	yes			
120	MICHAEL CERULARIUS CP. PATRIARCHA	Alia edicta synodalia	crossref			crossref	unknown			119 741
120	MICHAEL CERULARIUS CP. PATRIARCHA	De sacerdotis uxore adulterio polluta (Decretum seu Epistola), ap. Cotelerium in notis ad Hermam	work	749	750	agree	yes			
120	MICHAEL CERULARIUS CP. PATRIARCHA	Michaelis Cerularii, Dominici Gradensis et Petri Antiocheni Epistolae mutuae, ex ejusdem Monum. Ecclesiae Graecae	work	751	818	elenchus-garbled	yes			
120	SAMONAS GAZENSIS EPISCOPUS	Disceptatio cum Achmed Saraceno, perspicue docens, panem ac vinum, utrumque per sacerdotem consecratum, verum esse et integrum corpus ac sanguinem D. N. Jesu Christi	work	819	834	body-only	yes			
120	LEO ACHRIDANUS BULGARORUM ARCHIEPISCOPUS	Epistola ad Joannem episcopum Tranensem, nunc primum ex cod. Monac. Graece edita a D. J. Hergenroether	work	835	850	body-only	yes			
120	NICETAS PECTORATUS PRESBYTER ET MONASTERII STUDIENSIS MONACHUS	Practicorum, physicorum et gnosticorum capitum centuriae tres, Graece in Philocalia, Latine ex interpretatione nostra	work	851	1008	disagree	yes			
120	NICETAS PECTORATUS PRESBYTER ET MONASTERII STUDIENSIS MONACHUS	De salutatione manuali, fragmentum	work	1009	1010	agree	yes			
120	NICETAS PECTORATUS PRESBYTER ET MONASTERII STUDIENSIS MONACHUS	Libellus contra Latinos	work	1011	1038	elenchus-garbled	latin-only			
120	NICETAS PECTORATUS PRESBYTER ET MONASTERII STUDIENSIS MONACHUS	Alia ex vita Symeonis Junioris (edentur in notis Fr. Combefisii ad Manuelis Calecae opus de essentia et operatione divina). Vide tom. CLII	crossref			crossref	unknown			152
120	NICETAS PECTORATUS PRESBYTER ET MONASTERII STUDIENSIS MONACHUS	Carmen iambicum in Symeonem Juniorem	crossref			unlocated	unknown			120 307
120	JOANNES EUCHAITARUM METROPOLITA	Notitia auctore Conr. Janningo in Junii Bolland. tomo I	editorial	1039	1050	agree	latin-only			
120	JOANNES EUCHAITARUM METROPOLITA	Vita S. Dorothei Junioris, sive in Chiliocomo, auctore monacho coaevo, facto deinde metropolita Euchaitarum	work	1051	1074	agree	yes			
120	JOANNES EUCHAITARUM METROPOLITA	Sermo in S. Mariae Dormitionem, ex R. P. Ant. Ballerinii, S. J., Sylloge monumentorum de immaculata conceptione Deiparae virginis	work	1075	1112	agree	yes			
120	JOANNES EUCHAITARUM METROPOLITA	Fragmentum ex Vita S. Eusebiae	work	1297	end	elenchus-garbled	yes			
120	JOANNES EUCHAITARUM METROPOLITA	Versus iambici in principalium festorum pictas in tabulis historias atque alia varia, ex rarissima editione Matthaei Busti, Etonensis, cum interpretatione nostra	work	1113	1200	disagree	yes			
120	JOANNES XIPHILINUS CP. PATRIARCHA	Orationes quinque, ex editione Graeca Christ. Frid. Matthaei, cui interpretationem Latinam addidimus	work	1201	1258	body-only	yes			
120	JOANNES XIPHILINUS CP. PATRIARCHA	Oratio in crucis adorationem, ex Jac. Gretsero	work	1259	1288	elenchus-garbled	yes			
120	JOANNES XIPHILINUS CP. PATRIARCHA	Oratio dicta Dominica Omnium Sanctorum, ex codice Naniano CXXII, cum interpretatione nostra	work	1289	1292	agree	yes			
120	JOANNES XIPHILINUS CP. PATRIARCHA	Decreta matrimonialia	crossref			crossref	unknown			119 159 et 819
120	JOANNES CP. DIACONUS	De Dei circa hominem oeconomia, ex Maii nova Bibl. PP.	work	1293	1296	body-only	yes			
121	GEORGIUS CEDRENUS	Monitum Editorum Patrologiae	editorial	9	12	body-only	latin-only			
121	GEORGIUS CEDRENUS	Notitia in Cedrenum, ex Leonis Allatii Diatriba de Georgiis	editorial	9	12	body-only	latin-only			
121	GEORGIUS CEDRENUS	Caroli Annibalis Fabrotti Epistola nuncupatoria ad cardinalem Julium Mazarinum	editorial	13	14	body-only	latin-only			
121	GEORGIUS CEDRENUS	Ejusdem Praefatio ad Lectorem	editorial	15	16	body-only	latin-only			
121	GEORGIUS CEDRENUS	Guillelmi Xylandri Praefatio	editorial	17	22	body-only	latin-only			
121	GEORGIUS CEDRENUS	Georgii Cedreni Compendium historiarum a mundo condito usque ad annum 1007, cui subjiciuntur Excerpta ex Breviario historico Joannis Scylitzae Curopalatae	work	23	end	agree	yes			
122	GEORGIUS CEDRENUS	Historiarum compendium. (Continuatio.)	work	9	366	body-only	yes			
122	JOANNES SCYLITZES	Breviarium historicum	work	367	477	body-only	yes			
122	MICHAEL PSELLUS	De Psellis et eorum scriptis Leonis Allatii Diatriba	editorial	478	537	body-only	latin-only			
122	MICHAEL PSELLUS	Expositio in Canticum canticorum	work	538	686	body-only	yes			
122	MICHAEL PSELLUS	De omnifaria doctrina capita centum quinquaginta septem	work	687	783	body-only	yes			
122	MICHAEL PSELLUS	Quaestionum naturalium solutiones	work	784	810	body-only	yes			
122	MICHAEL PSELLUS	Versus politici de dogmate ad Mich. Ducam imp.	work	811	817	body-only	yes			
122	MICHAEL PSELLUS	Dialogus de daemonum energia seu operatione	work	818	874	body-only	yes			
122	MICHAEL PSELLUS	Quaenam sunt Graecorum opiniones de daemonibus	work	875	882	body-only	yes			
122	MICHAEL PSELLUS	De lapidum virtutibus	work	883	898	body-only	yes			
122	MICHAEL PSELLUS	Epigramma in S. Gregorium Nazianzenum (memoratur tantum)	work	899	901	body-only	yes			
122	MICHAEL PSELLUS	Characteres SS. Gregorii Theologi, Basilii Magni, Joannis Chrysostomi et Gregorii Nysseni	work	902	906	body-only	yes			
122	MICHAEL PSELLUS	Versus in sanctos tres hierarchas inter Opera Theodori Prodromi	work	907	910	body-only	yes			
122	MICHAEL PSELLUS	Encomium et Officium Symeonis Metaphrastae	crossref	910		body-only	unknown			114 183, 199
122	MICHAEL PSELLUS	Monodia in collapsionem templi S. Sophiae	work	911	914	body-only	yes			
122	MICHAEL PSELLUS	Ad quemdam monachum de mortis determinatione	work	915	918	body-only	yes			
122	MICHAEL PSELLUS	Oblatio Nomocanonis ad Michaelem Ducam imp.	work	919	924	body-only	yes			
122	MICHAEL PSELLUS	Compendium legum versibus politicis ad Mich. Ducam imp.	work	925	1006	body-only	yes			
122	MICHAEL PSELLUS	Ad discipulos de actionum nominibus	work	1007	1022	body-only	yes			
122	MICHAEL PSELLUS	De recentiorum legum et legalium definitionum Latinis nominibus	work	1023	1029	body-only	yes			
122	MICHAEL PSELLUS	De anima celebres opiniones	work	1030	1076	body-only	yes			
122	MICHAEL PSELLUS	In Psychogoniam Platonicam, ex edit. Car. Linder	work	1077	1114	body-only	yes			
122	MICHAEL PSELLUS	Expositio in Oracula magica quae a Zoroastre prodiere	work	1115	1115	body-only	yes			
122	MICHAEL PSELLUS	Expositio in Oracula Chaldaica	work	1116	1149	body-only	yes			
122	MICHAEL PSELLUS	Summaria et brevis Dogmatum Chaldaicorum expositio	work	1150	1153	body-only	yes			
122	MICHAEL PSELLUS	In Mercurii Trismegisti Pimandrum	work	1154	1154	body-only	yes			
122	MICHAEL PSELLUS	De locis et nominibus Atticis	work	1155	1160	body-only	yes			
122	MICHAEL PSELLUS	Epigramma in aereum equum in Hippodromo qui pedem attollebat	work	1161	1161	body-only	yes			
122	MICHAEL PSELLUS	Epistolae	work	1162	1184	body-only	yes			
122	MICHAEL PSELLUS	Fragmentum ex oratione ad Constantinum Monomachum imp.	work	1185	1336	body-only	yes			
122	MICHAEL PSELLUS	Fragmenta alia	work	1185	1336	body-only	latin-only			
122	APPENDIX AD OPERA MICH. PSELLI	Anonymi De antiquitatibus C. P. ex Banduri Imperio Orientali	work	1185	1336	body-only	unknown			
122	APPENDIX AD OPERA MICH. PSELLI	Testamentum Salomonis, cujus saepe meminit Psellus in libro De operationibus daemonum, addita interpretatione nostra	work	1337	1360	body-only	yes			
122	APPENDIX AD OPERA MICH. PSELLI	Fabroti Glossarium, sive interpretatio obscurorum verborum Cedreni	editorial	1361	1404	body-only	yes			
122	APPENDIX AD OPERA MICH. PSELLI	Index in Cedrenum	editorial	1405	1442	body-only	latin-only			
122	APPENDIX AD OPERA MICH. PSELLI	Index in Michaelem Psellum et in Appendicem	editorial	1443	end	body-only	latin-only			
123	Fr. J. F. Bern. Mariae de Rubeis	Dissertatio de Theophylacti aetate, gestis, scriptis ac doctrina	editorial	9	142	agree	latin-only			
123	THEOPHYLACTUS BULGARIAE ARCHIEPISCOPUS	Enarratio in Evangelium S. Matthaei	work	143	480	agree	yes			
123	THEOPHYLACTUS BULGARIAE ARCHIEPISCOPUS	Enarratio in Evangelium S. Marci	work	481	682	elenchus-garbled	yes			
123	THEOPHYLACTUS BULGARIAE ARCHIEPISCOPUS	Enarratio in Evangelium S. Lucae	work	683	1126	agree	yes			
123	THEOPHYLACTUS BULGARIAE ARCHIEPISCOPUS	Enarratio in Evangelium S. Joannis	work	1127	end	agree	yes			
124	THEOPHYLACTUS BULGARIAE ARCHIEPISCOPUS	Commentarius in Joannis Evangelium. (Continuatio.)	work	9	318	body-only	yes			
124	THEOPHYLACTUS BULGARIAE ARCHIEPISCOPUS	Commentarius in omnes divi Pauli Epistolas	work	319	326	body-only	yes			
124	THEOPHYLACTUS BULGARIAE ARCHIEPISCOPUS	Praefatio Philippi Montani	editorial	319	326	body-only	latin-only			
124	THEOPHYLACTUS BULGARIAE ARCHIEPISCOPUS	Monitum T. Bailii editoris Londinensis	editorial	327	328	body-only	latin-only			
124	THEOPHYLACTUS BULGARIAE ARCHIEPISCOPUS	Annotata pro singulis Epistolarum argumentis	editorial	329	330	body-only	latin-only			
124	THEOPHYLACTUS BULGARIAE ARCHIEPISCOPUS	Lectori Venetus editor	editorial	331	334	body-only	latin-only			
124	THEOPHYLACTUS BULGARIAE ARCHIEPISCOPUS	Commentarius in Epistolam ad Romanos	work	335	560	body-only	yes			
124	THEOPHYLACTUS BULGARIAE ARCHIEPISCOPUS	Commentarius in Epistolam I ad Corinthios	work	561	794	body-only	yes			
124	THEOPHYLACTUS BULGARIAE ARCHIEPISCOPUS	Commentarius in Epistolam II ad Corinthios	work	795	952	body-only	yes			
124	THEOPHYLACTUS BULGARIAE ARCHIEPISCOPUS	Commentarius in Epistolam ad Galatas	work	953	1032	body-only	yes			
124	THEOPHYLACTUS BULGARIAE ARCHIEPISCOPUS	Commentarius in Epistolam ad Ephesios	work	1033	1138	body-only	yes			
124	THEOPHYLACTUS BULGARIAE ARCHIEPISCOPUS	Commentarius in Epistolam ad Philippenses	work	1139	1204	body-only	yes			
124	THEOPHYLACTUS BULGARIAE ARCHIEPISCOPUS	Commentarius in Epistolam ad Colossenses	work	1205	1278	body-only	yes			
124	THEOPHYLACTUS BULGARIAE ARCHIEPISCOPUS	Commentarius in Epistolam I ad Thessalonicenses	work	1279	1326	body-only	yes			
124	THEOPHYLACTUS BULGARIAE ARCHIEPISCOPUS	Commentarius in Epistolam II ad Thessalonicenses	work	1327	end	body-only	yes			
125	THEOPHYLACTUS BULGARIAE ARCHIEPISCOPUS	Expositio in Epistolam I ad Timotheum	work	9	88	body-only	yes			
125	THEOPHYLACTUS BULGARIAE ARCHIEPISCOPUS	Expositio in Epistolam II ad Timotheum	work	89	140	body-only	yes			
125	THEOPHYLACTUS BULGARIAE ARCHIEPISCOPUS	Expositio in Epistolam ad Titum	work	141	171	body-only	yes			
125	THEOPHYLACTUS BULGARIAE ARCHIEPISCOPUS	Expositio in Epistolam ad Philemonem (NOT in Elenchus or Ordo)	work	172	184	body-only	yes			
125	THEOPHYLACTUS BULGARIAE ARCHIEPISCOPUS	Expositio in Epistolam ad Hebraeos	work	185	404	body-only	yes			
125	THEOPHYLACTUS BULGARIAE ARCHIEPISCOPUS	Praefatio Bonifacii Finetti in tomum tertium Theophylacti editionis Venetae	editorial	405	476	body-only	latin-only	12		
125	THEOPHYLACTUS BULGARIAE ARCHIEPISCOPUS	Nuncupatio Sifani	editorial	477	480	body-only	latin-only			
125	THEOPHYLACTUS BULGARIAE ARCHIEPISCOPUS	Nuncupatio altera ejusdem	editorial	481	482	body-only	latin-only			
125	THEOPHYLACTUS BULGARIAE ARCHIEPISCOPUS	Argumentum libri Actorum una cum capitulis eorum	work	483	494	body-only	yes			
125	THEOPHYLACTUS BULGARIAE ARCHIEPISCOPUS	Expositio in Acta apostolorum	work	495	848	body-only	yes			
125	THEOPHYLACTUS BULGARIAE ARCHIEPISCOPUS	Expositionis ejusdem textus alter ex codice Vaticano	work	849	1060	body-only	yes			
125	THEOPHYLACTUS BULGARIAE ARCHIEPISCOPUS	Expositionis ejusdem textus tertius ex codice Florentino, sed mere Graecus	work	1061	1130	body-only	greek-only			
125	THEOPHYLACTUS BULGARIAE ARCHIEPISCOPUS	Argumentum Epistolae catholicae S. Jacobi, cum indice capitum	work	1131	1190	body-only	yes			
125	THEOPHYLACTUS BULGARIAE ARCHIEPISCOPUS	Expositio in Epistolam catholicam S. Jacobi	work	1131	1190	body-only	yes			
125	THEOPHYLACTUS BULGARIAE ARCHIEPISCOPUS	Argumentum Epistolae I S. Petri, cum capitulis ejusdem	work	1191	1254	body-only	yes			
125	THEOPHYLACTUS BULGARIAE ARCHIEPISCOPUS	Expositio in Epistolam I S. Petri	work	1191	1254	body-only	yes			
125	THEOPHYLACTUS BULGARIAE ARCHIEPISCOPUS	Argumentum Epistolae II S. Petri cum capitum indice	work	1255	end	body-only	yes			
125	THEOPHYLACTUS BULGARIAE ARCHIEPISCOPUS	Expositio in Epistolam II S. Petri	work	1255	end	body-only	yes			
126	THEOPHYLACTUS BULGARIAE ARCHIEPISCOPUS	Expositio in Epistolam I S. Joannis	work	9	66	body-only	yes			
126	THEOPHYLACTUS BULGARIAE ARCHIEPISCOPUS	Expositio in Epistolam II S. Joannis	work	67	78	body-only	yes			
126	THEOPHYLACTUS BULGARIAE ARCHIEPISCOPUS	Expositio in Epistolam III ejusdem S. Joannis	work	79	84	body-only	yes			
126	THEOPHYLACTUS BULGARIAE ARCHIEPISCOPUS	Expositio in Epistolam S. Jude apostoli	work	85	104	body-only	yes			
126	THEOPHYLACTUS BULGARIAE ARCHIEPISCOPUS	Oratio in Adorationem venerandae Crucis	work	105	128	body-only	yes			
126	THEOPHYLACTUS BULGARIAE ARCHIEPISCOPUS	Oratio in Praesentationem B. Mariae	work	129	144	body-only	yes			
126	THEOPHYLACTUS BULGARIAE ARCHIEPISCOPUS	Homilia in undecimum evangelium matutinum	work	145	150	body-only	yes			
126	THEOPHYLACTUS BULGARIAE ARCHIEPISCOPUS	Historia martyrii xv martyrum	work	151	220	body-only	yes			
126	THEOPHYLACTUS BULGARIAE ARCHIEPISCOPUS	Liber de iis quorum Latini incusantur	work	221	250	body-only	yes			
126	THEOPHYLACTUS BULGARIAE ARCHIEPISCOPUS	Institutio regia. Pars prior. — Panegyrica	work	251	264	body-only	yes			
126	THEOPHYLACTUS BULGARIAE ARCHIEPISCOPUS	Institutio regia. Pars altera. — Parenetica	work	265	286	body-only	yes			
126	THEOPHYLACTUS BULGARIAE ARCHIEPISCOPUS	Testimonium Annae Comnenae de Constantino Porphyrogenito	work	287	306	body-only	yes			
126	THEOPHYLACTUS BULGARIAE ARCHIEPISCOPUS	Oratio in Alexium Comnenum	work	287	306	body-only	yes		ordo-only	
126	THEOPHYLACTUS BULGARIAE ARCHIEPISCOPUS	Epistolae XX ex codice Vaticano	work	307	356	body-only	yes	20		
126	THEOPHYLACTUS BULGARIAE ARCHIEPISCOPUS	Epistolae LXXV ex Joan. Meursio	work	357	500	body-only	yes	75		
126	THEOPHYLACTUS BULGARIAE ARCHIEPISCOPUS	Epistolae XXXV a J. Lamio editae	work	501	558	body-only	yes	35		
126	THEOPHYLACTUS BULGARIAE ARCHIEPISCOPUS	Praefatio Antonii Bongiovanni ad Commentaria in V prophetas minores	editorial	559	564	body-only	latin-only			
126	THEOPHYLACTUS BULGARIAE ARCHIEPISCOPUS	Prooemium expositionis sanctorum prophetarum	work	565	574	body-only	yes			
126	THEOPHYLACTUS BULGARIAE ARCHIEPISCOPUS	Expositio in Oseam prophetam	work	575	818	body-only	yes			
126	THEOPHYLACTUS BULGARIAE ARCHIEPISCOPUS	Expositio in prophetam Habacuc	work	819	904	body-only	yes			
126	THEOPHYLACTUS BULGARIAE ARCHIEPISCOPUS	Expositio in prophetam Jonam	work	905	968	body-only	yes			
126	THEOPHYLACTUS BULGARIAE ARCHIEPISCOPUS	Expositio in Nahum prophetam	work	969	1048	body-only	yes			
126	THEOPHYLACTUS BULGARIAE ARCHIEPISCOPUS	Expositio in prophetam Micheam	work	1049	1190	body-only	yes			
126	THEOPHYLACTUS BULGARIAE ARCHIEPISCOPUS	Appendix ad Theophylacti opera. — Vita S. Clementis Bulgariae archiepiscopi	work	1191	1238	body-only	yes			
126	THEOPHYLACTUS BULGARIAE ARCHIEPISCOPUS	Variae lectiones ad Commentarium in 4 Evangelia	work	1239	1246	body-only	yes			
126	THEOPHYLACTUS BULGARIAE ARCHIEPISCOPUS	Syllabus fidissima vocum Graecarum quae continentur in quatuor Evangeliorum volumine	editorial	1247	1250	body-only	greek-only			
126	THEOPHYLACTUS BULGARIAE ARCHIEPISCOPUS	Indices in Opera Theophylacti	editorial	1251	end	body-only	latin-only			
127	NICEPHORUS BRYENNIUS	Prolegomena (Notitia; Epistola nuncupatoria; Petri Possini Praefatio; Testimonia Veterum)	editorial			unlocated	unknown			
127	NICEPHORUS BRYENNIUS	Historiarum libri IV (ab anno Christi 1057 ad 1081, cum notis Possini et Du Cangii)	work	19	217	agree	yes			
127	CONSTANTINUS MANASSES	Compendium chronicum ab exordio mundi usque ad Nicephorum Botaniatem	work	218	474	agree	yes			
127	NICOLAUS CP. PATRIARCHA	Epistola synodalis ad Alexium Comnenum imp.	crossref	473		elenchus-garbled	unknown			119 865
127	NICOLAUS CP. PATRIARCHA	Decreta synodalia	crossref	473		agree	unknown			119 162 (OCR, unconfirmed)
127	NICOLAUS CP. PATRIARCHA	De praestatione Canonicorum	crossref	473		agree	unknown			119 859
127	LUCAS ABBAS CRYPTOFERRATENSIS SEPTIMUS	Vita S. Bartholomaei cum nota Editorum Patrologiae	work	475	512	body-only	yes			
127	NICON MONACHUS RAITHENSIS IN PALAESTINA	Liber de praeceptis divinis	work	513	522	agree	yes			
127	NICON MONACHUS RAITHENSIS IN PALAESTINA	Interpretationes divinorum mandatorum	crossref	515		elenchus-garbled	unknown			106 1559
127	NICON MONACHUS RAITHENSIS IN PALAESTINA	De jejunio Deiparae	work	523	530	disagree	yes			
127	ANASTASIUS CAESAREAE PALAESTINAE ARCHIEPISCOPUS	De Artziburio adversus falsam Armenorum religionem	work			body-only	yes			
127	ANASTASIUS CAESAREAE PALAESTINAE ARCHIEPISCOPUS	De jejunio Deiparae	work			unlocated	yes			
127	NICETAS SERRONIUS	Notitia ex Allatio De Nicetis	editorial	531	540	agree	latin-only			
127	NICETAS SERRONIUS	Monitum Editorum	editorial	541	542	disagree	latin-only			
127	NICETAS SERRONIUS	Commentarius in Orationes S. Gregorii Nazianzeni (vide etiam ad calcem voluminis)	crossref			agree	unknown			37
127	NICETAS SERRONIUS	Responsa ad Constantinum episcopum	crossref	543		agree	unknown			119 935
127	NICETAS SERRONIUS	Deorum Dearumque Epitheta, cum nota Editorum	editorial	543	700	agree	unknown			
127	NICETAS SERRONIUS	Carmina grammatica	editorial	543	700	agree	unknown			
127	JACOBUS MONACHUS	Orationes encomiasticae in SS. Virginem, ex editione Ant. Ballerini S. J.	work	543	700	agree	yes	6		
127	PHILIPPUS SOLITARIUS	Monitum Editorum	editorial	701	702	agree	latin-only			
127	PHILIPPUS SOLITARIUS	Jacobi Pontani in Dioptram Praefatio	editorial	703	706	elenchus-garbled	latin-only			
127	PHILIPPUS SOLITARIUS	Michaelis Pselli Praefatio	editorial	707	708	agree	latin-only			
127	PHILIPPUS SOLITARIUS	Praefatio Phialiti correctoris	editorial	707	708	agree	latin-only			
127	PHILIPPUS SOLITARIUS	Philippi Solitarii Praefatio ad Callinicum monachum	work	709	876	agree	yes			
127	PHILIPPUS SOLITARIUS	Dioptra rei Christianae	work	709	876	agree	yes			
127	PHILIPPUS SOLITARIUS	De rebus Armeniae	work	877	902	agree	latin-only			
127	JOB MONACHUS	Vita S. Theodorae reginae, Graece in Codice Naniano LXXI, cum interpretatione nostra	work	903	910	agree	yes			
127	PETRUS CHRYSOLANUS MEDIOLANENSIS ARCHIEPISCOPUS	Epistola ad Alexium imp. de Spiritus sancti processione (Oratio de Spiritu Sancto ad imperatorem Alexium Comnenum)	work	911	924	body-only	yes			
127	ALEXIUS COMNENUS IMP.	Novellae Constitutiones	work	925	984	agree	yes			
127	IRENE AUGUSTA	Typicum sive Regula pro monasterio SS. Deiparae Gratia-Plenae, ex editione Domni Bern. de Montfaucon	work	985	1480	elenchus-garbled	yes			
127	NICEPHORUS BOTANIATA IMP.	Aurea Bulla confirmans decreta synodalia Joannis Xiphilini de incestis nuptiis et sponsalibus	work	1481	1484	agree	yes			
127	NICETAS SEIDUS	De Paschate	work	1485	end	agree	yes			
128	EUTHYMIUS ZIGABENUS	Editorum Patrologiae Monitum	editorial	9	20	agree	latin-only			
128	EUTHYMIUS ZIGABENUS	Notitia ex Bibliotheca Graeca Joan. Alb. Fabricii	editorial	9	20	agree	latin-only			
128	EUTHYMIUS ZIGABENUS	Nicolai Fogginii Proemium	editorial	21	34	agree	latin-only			
128	EUTHYMIUS ZIGABENUS	Antonii Bongiovanni Praefatio ad Euthymii Commentaria in Psalmos, editioni principi Graeco-Latinae praemissa, Venetiis 1758-63, cum Theophylacti Operibus	editorial	35	38	agree	latin-only			
128	EUTHYMIUS ZIGABENUS	Paulini Turchii Epistola nuncupatoria ad Clementem VII P. M., editioni Latinae Commentariorum in Psalmos Veronensi anni 1530 praemissae	editorial	39	40	agree	latin-only			
128	EUTHYMIUS ZIGABENUS	Euthymii Commentarius in Psalmos Davidis	work	41	end	agree	yes			
129	EUTHYMIUS ZIGABENUS	Christ. Frid. Matthaei Praefatio, in qua recensentur Richardi Simonii, Joan. Alb. Fabricii, Phil. Labbe, Joan. Aug. Ernesti, Aug. Noesselt, de Euthymio et ejus Commentariis sententia	editorial	11	33	body-only	latin-only			
129	EUTHYMIUS ZIGABENUS	Joannis Hentenii Epistola dedicatoria ad Franciscum a Bovadilla, episcopum Cauriensem, archidiaconum Toletanum, editioni Latinae anni 1544 praemissa	editorial	34	40	body-only	latin-only			
129	EUTHYMIUS ZIGABENUS	Ejusdem (Hentenii) Praefatio	editorial	41	106	body-only	latin-only			
129	EUTHYMIUS ZIGABENUS	Euthymii Expositio in Mattheum	work	107	764	body-only	yes			
129	EUTHYMIUS ZIGABENUS	Euthymii Expositio in Marcum	work	765	852	elenchus-garbled	yes			
129	EUTHYMIUS ZIGABENUS	Euthymii Expositio in Lucam	work	853	1104	agree	yes			
129	EUTHYMIUS ZIGABENUS	Euthymii Expositio in Joannem	work	1105	end	agree	yes			
130	EUTHYMIUS ZIGABENUS	Panoplia dogmatica ad Alexium Comnenum, Graece ex editione Tergobystensi anni 1610, cum supplementis Chr. Frid. Matthaei et Frid. Sylburgii; Latine ex interpretatione Francisci Zini, a nobis, ubi opus fuit, suppleta	work	9	end	agree	yes			
131	EUTHYMIUS ZIGABENUS	Expositio Symboli, ex Christ. Frid. Matthaei Lectionibus Mosquensibus	work	9	18	body-only	yes			
131	EUTHYMIUS ZIGABENUS	Disputatio de fide cum philosopho Saraceno in urbe Melitine, ex cod. Vat. Ottobon. 333	work	19	38	agree	yes			
131	EUTHYMIUS ZIGABENUS	Contra Massalianos	work	39	46	body-only	yes			
131	EUTHYMIUS ZIGABENUS	Contra Phundagiatas seu Bogomilos	work	47	58	body-only	yes			
131	EUTHYMIUS ZIGABENUS	In Adorationem venerandae zonae sanctissimae Deiparae	work	1244	1250	body-only	latin-only			
131	ANNA COMNENA PORPHYROGENITA CAESARISSA	Petri Possini Epistola nuncupatoria ad Petrum Seguierium Franciae cancellarium	editorial	59	64	body-only	latin-only			
131	ANNA COMNENA PORPHYROGENITA CAESARISSA	Ejusdem Praefatio ad Lectorem	editorial	65	70	body-only	latin-only			
131	ANNA COMNENA PORPHYROGENITA CAESARISSA	Davidis Haeschelii Praefatio	editorial	71	71	body-only	latin-only			
131	ANNA COMNENA PORPHYROGENITA CAESARISSA	Latinorum aliquot de Alexio Comneno Testimonia	editorial	72	74	body-only	latin-only			
131	ANNA COMNENA PORPHYROGENITA CAESARISSA	Elogium Annae Comnenae	editorial	75	1210	body-only	latin-only			
131	ANNA COMNENA PORPHYROGENITA CAESARISSA	Annae Comnenae Alexias, sive de rebus ab Alexio imperatore vel ejus tempore gestis libri quindecim, ex bibliotheca Barberina primus edidit, Latina interpretatione donavit et Glossario illustravit Petrus Possinus, S. J.; accesserunt Car. Du Fresnii Du Cangii notae historicae et philologicae	work	59	64	body-only	yes			
131	ANNA COMNENA PORPHYROGENITA CAESARISSA	Glossarium Annaeum	editorial	1211	1234	agree	yes			
131	ANNA COMNENA PORPHYROGENITA CAESARISSA	Davidis Haeschelii ad Alexiadem Notae	editorial	1235	1243	agree	yes			
131	ANNA COMNENA PORPHYROGENITA CAESARISSA	Indices in Alexiadem	editorial	1251	end	agree	latin-only	6		
132	THEOPHANES CERAMEUS, ARCHIEPISCOPUS TAUROMENITANUS	Prolegomena: Monitum Editorum	editorial	9	10	body-only	latin-only			
132	THEOPHANES CERAMEUS, ARCHIEPISCOPUS TAUROMENITANUS	Notitia ex Fabricio	editorial	11	20	agree	latin-only			
132	THEOPHANES CERAMEUS, ARCHIEPISCOPUS TAUROMENITANUS	Joannis Yriarte recensio Codicis Graeci Matrit. XVI notati, ex quo multa homiliarum loca emendantur vel restituuntur	editorial	21	48	agree	yes			
132	THEOPHANES CERAMEUS, ARCHIEPISCOPUS TAUROMENITANUS	Francisci Scorsi Proaemia. 1. De Tauromenitana Ecclesia; 2. De Theophanis Ceramei vita conjectanea; 3. De iis quae ad scriptionem auctoris et interpretis spectant	editorial	49	134	elenchus-garbled	latin-only			
132	THEOPHANES CERAMEUS, ARCHIEPISCOPUS TAUROMENITANUS	Theophanis Homiliae in Evangelia dominicalia et festa totius anni	work	135	1082	agree	yes	62		
132	NILUS DOXAPATRIUS, ECCLESIAE CPOLITANAE SYNCELLUS	Notitia Thronorum patriarchalium, ad Rogerium Siciliae regem, ex Stephani Le Moine Variis Sacris	work	1083	1114	agree	yes			
132	JOANNES ANTIOCHENUS EPISCOPUS	Notitia	editorial	1115	1116	agree	latin-only			
132	JOANNES ANTIOCHENUS EPISCOPUS	De disciplina monastica et de monasteriis laicis non tradendis	work	1117	1148	agree	yes			
132	JOANNES COMNENUS IMP.	Novellae constitutiones	work	1149	1152	elenchus-garbled	yes			
132	ISAACUS MAGNAE ARMENIAE CATHOLICUS	Notitia ex Gallandio	editorial	1153	1154	agree	latin-only			
132	ISAACUS MAGNAE ARMENIAE CATHOLICUS	Oratio invectiva adversus Armenios haereticos	work	1155	1216	agree	yes			
132	ISAACUS MAGNAE ARMENIAE CATHOLICUS	Ejusdem adversus eosdem oratio altera	work	1217	1236	agree	yes			
132	ISAACUS MAGNAE ARMENIAE CATHOLICUS	De rebus Armeniae	work	1237	1256	agree	yes			
132	ISAACUS MAGNAE ARMENIAE CATHOLICUS	Quomodo recipiendi sunt Armenii haeretici, ex Joan. Bapt. Cotelerii notis ad Constit. Apost., lib. v, cap. 14	work	1257	end	body-only	yes			
133	ARSENIUS MONACHUS IN MONTE ATHO	Divinorum canonum synopsis (Epitome canonum)	work	9	60	agree	yes			
133	LUCAS CHRYSOBERGES CP. PATRIARCHA	Decreta synodalia XIII	work	61	62	agree	unknown			
133	ALEXIUS ARISTENUS NOMOPHYLAX	Synopsis canonum	work	63	112	agree	yes			
133	THEORIANUS PHILOSOPHUS CHRISTIANUS	Ang. Mai Praefatio	editorial	113	118	elenchus-garbled	latin-only			
133	THEORIANUS PHILOSOPHUS CHRISTIANUS	Disputationes cum Armeniis (Disputatio prima et secunda)	work	119	298	agree	yes	2		
133	THEORIANUS PHILOSOPHUS CHRISTIANUS	Epistola de jejunio Sabbati	crossref	297		agree	unknown			94 405
133	S. NERSES CLAIENSIS	(Vide Patrologiam Orientalem)	crossref	299		body-only	unknown			
133	JOANNES CINNAMUS	Caroli Du Fresnii Du Cangii Prolegomena (Epistola, Praefatio)	editorial	299	308	agree	latin-only			
133	JOANNES CINNAMUS	Historiarum libri septem, cum Du Cangii notis	work	309	678	agree	yes			
133	JOANNES CINNAMUS	Appendix: Stemmata genealogica ad historiae Comnenicae pleniorem notitiam	editorial	679	694	agree	latin-only	9		
133	JOANNES CINNAMUS	Christophori de Bondelmontibus Descriptio urbis Constantinopoleos, cum Du Cangii notis	work	695	706	elenchus-garbled	latin-only			
133	MANUEL COMNENUS IMP. CP.	Novellae constitutiones	work	707	788	agree	yes	21		
133	ALEXIUS COMNENUS IMP. CP.	Novella constitutio, ne monasteriorum immobilia describantur	work	789	790	elenchus-garbled	yes			
133	ANDRONICUS COMNENUS IMP. CP.	Notitia	editorial	791	796	agree	latin-only			
133	ANDRONICUS COMNENUS IMP. CP.	Dialogus contra Judaeos	work	797	922	agree	yes			
133	JOANNES PHOCAS	Compendiaria descriptio castrorum et urbium ab urbe Antiochia usque Hierosolymam, necnon Syriae ac Phoeniciae et in Palaestina sacrorum locorum	work	923	962	elenchus-garbled	yes			
133	EPIPHANIUS MONACHUS HAGIOPOLITA	Syria et urbs sancta	crossref	963		agree	unknown			120
133	PERDICAS PROTONOTARIUS EPHESINUS	Expositio thematum Dominicorum et memorabilium quae Hierosolymis sunt	work	963	972	agree	yes			
133	ANONYMUS	De locis Hierosolymitanis	work	973	990	agree	yes			
133	EUGESIPPUS	Tractatus de distantiis locorum Terrae Sanctae	work	991	1014	agree	latin-only			
133	THEODORUS PRODROMUS	Operum Theodori Prodromi recensio juxta codicem Vaticanum CCCV a F. J. G. La Porte du Theil vernaculo sermone edita	editorial	1015	1090	agree	unknown			
133	THEODORUS PRODROMUS	Petri Lazeri S.J. Praefatio in Epistolas Theodori Prodromi ab eo editas	editorial	1091	1098	agree	latin-only			
133	THEODORUS PRODROMUS	Ang. Maii Monitum Theodori poematibus ab eo editis praefixum	editorial	1099	1100	agree	latin-only			
133	THEODORUS PRODROMUS	Epigrammata in Vetus et Novum Testamentum (ex editione Basileensi)	work	1101	1220	elenchus-garbled	yes			
133	THEODORUS PRODROMUS	Scripta miscellanea (ex cod. Vatic. CCCV, Ang. Maii)	work	1221	end	elenchus-garbled	yes	44		
134	JOANNES ZONARAS	Caroli Ducangii Praefatio, in qua de Joannis Zonarae scriptis et rebus gestis	editorial	9	26	agree	latin-only			
134	JOANNES ZONARAS	Hieronymi Wolfii Praefatio	editorial	27	38	elenchus-garbled	latin-only			
134	JOANNES ZONARAS	Annales	work	39	end	elenchus-garbled	yes	16		
135	JOANNES ZONARAS	Annales (Continuatio): Libri XVI-XVIII	work	9	325	agree	yes	3		
135	JOANNES ZONARAS	Epitome annorum ab Adam usque ad annum 6589, hoc est ad initium Alexii Comneni	work	326	332	elenchus-garbled	unknown			
135	JOANNES ZONARAS	Argumenta rerum quae in Joannis Zonarae Annalibus continentur	editorial	333	386	agree	yes			
135	CAROLUS DU FRESNE DU CANGE	De Hebdomo Cpolitano Disquisitio topographica	editorial	387	412	elenchus-garbled	latin-only			
135	JOANNES ZONARAS	Canon in SS. Deiparam	work	413	420	agree	yes			
135	JOANNES ZONARAS	Expositio Canonum Anastasimorum Damasceni, ex editione Romana, cum interpretatione nostra	work	421	428	elenchus-garbled	yes			
135	JOANNES ZONARAS	Quod non debeant duo sobrini eamdem in matrimonium accipere (De matrimonio sobrinorum)	work	429	437	agree	yes			
135	JOANNES ZONARAS	De seminifluis (Oratio ad eos qui naturalem seminis fluxum immunditiem existimabant)	crossref	437		elenchus-garbled	unknown			119 1011
135	JOANNES ZONARAS	Epistola	crossref	437		body-only	unknown			76
135	JOANNES ZONARAS	Commentarii in Canones conciliorum et in Epistolas canonicas SS. Patrum, cum Commentariis Theod. Balsamonis	crossref	437		body-only	unknown			137
135	GEORGIUS XIPHILINUS CPOLITANUS PATRIARCHA	Decretum de juribus territoriorum	crossref	437		body-only	unknown			119 807
135	ISAACIUS ANGELUS CPOLITANUS IMP.	Novellae constitutiones	work	438	494	agree	yes	11		
135	NEOPHYTUS PRESBYTER	De calamitatibus insulae Cypri imperantibus Latinis	work	495	500	agree	yes			
135	JOANNES CHILAS EPHESI METROPOLITA	Notitia, cui insunt fragmenta dogmatica	editorial	501	505	elenchus-garbled	latin-only			
135	JOANNES CHILAS EPHESI METROPOLITA	De processione Spiritus sancti ad imp. Andronicum seniorem	work	506	508	agree	yes			
135	NICOLAUS METHONENSIS IN PELOPONNESO METROPOLITA	De corpore et sanguine Christi	work	509	516	agree	yes			
135	EUSTATHIUS THESSALONICENSIS METROPOLITA	Notitia	editorial	517	518	elenchus-garbled	latin-only			
135	EUSTATHIUS THESSALONICENSIS METROPOLITA	Oratio in Psalmum XLVIII	work	519	538	elenchus-garbled	yes			
135	EUSTATHIUS THESSALONICENSIS METROPOLITA	Oratio anno auspicando habita	work	539	568	agree	yes			
135	EUSTATHIUS THESSALONICENSIS METROPOLITA	Orationes quatuor in S. Quadragesimam	work	569	728	elenchus-garbled	yes	4		
135	EUSTATHIUS THESSALONICENSIS METROPOLITA	De emendanda vita monachica	work	729	908	elenchus-garbled	latin-only			
135	EUSTATHIUS THESSALONICENSIS METROPOLITA	Dialogus Theophilus et Hierocles inscriptus	work	909	924	agree	yes			
135	EUSTATHIUS THESSALONICENSIS METROPOLITA	Supplicatio Manueli Comneno imp., nomine civitatis Constantinopoleos oblata, cum siccitate laboraret	work	925	932	agree	yes			
135	EUSTATHIUS THESSALONICENSIS METROPOLITA	Allocutio ad imp. Manuelem Comnenum, cum esset Myrorum metropolita electus	work	933	972	agree	yes			
135	EUSTATHIUS THESSALONICENSIS METROPOLITA	Laudatio funebris Manuelis Comneni	work	973	1030	agree	yes			
135	EUSTATHIUS THESSALONICENSIS METROPOLITA	Epistola ad Thessalonicenses	work	1031	1060	elenchus-garbled	yes			
135	JOANNES ZONARAS	Index analyticus in Joannis Zonarae Annales	editorial	1061	end	agree	latin-only			
136	EUSTATHIUS THESSALONICENSIS METROPOLITA	De Thessalonica urbe a Latinis capta	work	9	140	agree	yes			
136	EUSTATHIUS THESSALONICENSIS METROPOLITA	Laudatio S. Philothei Opsiciani	work	141	160	agree	yes			
136	EUSTATHIUS THESSALONICENSIS METROPOLITA	S. Demetrii martyris Invocationes	work	161	168	agree	yes			
136	EUSTATHIUS THESSALONICENSIS METROPOLITA	Panegyricus sermo de eodem	work	169	216	agree	yes			
136	EUSTATHIUS THESSALONICENSIS METROPOLITA	Ad Stylitam quemdam Thessalonicensem	work	217	262	agree	yes			
136	EUSTATHIUS THESSALONICENSIS METROPOLITA	De SS. Alpheo et sociis martyribus	work	263	288	agree	yes			
136	EUSTATHIUS THESSALONICENSIS METROPOLITA	De SS. martyribus Anania, Azaria et Misaele in fornacem conjectis	work	289	300	agree	yes			
136	EUSTATHIUS THESSALONICENSIS METROPOLITA	De obedientia magistratui Christiano debita	work	301	358	agree	yes			
136	EUSTATHIUS THESSALONICENSIS METROPOLITA	Prologus ad Pindarica	work	359	372	agree	yes			
136	EUSTATHIUS THESSALONICENSIS METROPOLITA	De simulatione	work	373	406	elenchus-garbled	yes			
136	EUSTATHIUS THESSALONICENSIS METROPOLITA	Contra injuriarum memoriam	work	407	500	agree	yes			
136	EUSTATHIUS THESSALONICENSIS METROPOLITA	Expositio hymni pentecostalis Damasceni, ex editione Romana	work	501	764	agree	yes			
136	EUSTATHIUS THESSALONICENSIS METROPOLITA	Epistolae	work	1245	1332	agree	greek-only			
136	ANTONIUS MELISSA	Sententiae sive loci communes ex sacris et profanis auctoribus collecti	work	765	1244	elenchus-garbled	yes	170		
136	ANTONIUS MELISSA	Index ad Antonii Melissae Locos communes	editorial	1333	end	agree	latin-only			
137	THEODORUS BALSAMON	Notitia ex Bibliotheca Graeca Joan. Alb. Fabricii	editorial	9	18	agree	latin-only			
137	THEODORUS BALSAMON	Guillelmi Beveregii Praefatio (body: 'Ex Praefatione Guilielmi Beveregii')	editorial	19	34	agree	latin-only			
137	THEODORUS BALSAMON	Theodori Balsamonis, Zonarae, Aristeni Commentaria in canones SS. Apostolorum, conciliorum et in Epistolas canonicas SS. Patrum	work	35	216	agree	yes			
137	THEODORUS BALSAMON	Canones SS. Apostolorum	work	35	216	agree	yes			
137	THEODORUS BALSAMON	Canones oecumenicae Nicaenae synodi I	work	217	308	elenchus-garbled	yes			
137	THEODORUS BALSAMON	Canones synodi Constantinopolitanae II oecumenicae (Elenchus: 'synodi Constantinopolitanee II')	work	309	346	agree	yes			
137	THEODORUS BALSAMON	Canones synodi Ephesinae III	work	347	380	agree	yes			
137	THEODORUS BALSAMON	Canones synodi Chalcedonensis, quartae oecumenicae	work	381	496	agree	yes			
137	THEODORUS BALSAMON	Synodi Quinisextae (body head: 'De quinta synodo')	work	497	500	agree	yes			
137	THEODORUS BALSAMON	Synodi in Trullo	work	501	874	agree	yes			
137	THEODORUS BALSAMON	Canones synodi VII oecumenicae (Elenchus: 'synodi V cecumenicae')	work	875	1002	agree	yes			
137	THEODORUS BALSAMON	Canones synodi Constantinopolitanae primae et secundae	work	1003	1094	agree	yes			
137	THEODORUS BALSAMON	Canones synodi Carthaginensis	work	1095	1120	agree	yes			
137	THEODORUS BALSAMON	Canones synodi Ancyranae	work	1121	1194	agree	yes			
137	THEODORUS BALSAMON	Canones synodi Neocaesariensis	work	1195	1232	agree	yes			
137	THEODORUS BALSAMON	Canones synodi Gangrensis	work	1233	1272	agree	yes			
137	THEODORUS BALSAMON	Canones synodi Antiochenae	work	1273	1341	elenchus-garbled	yes			
137	THEODORUS BALSAMON	Canones synodi Laodicenae	work	1342	1421	agree	yes			
137	THEODORUS BALSAMON	Canones synodi Sardicensis	work	1422	end	agree	yes			
138	THEODORUS BALSAMON	Theodori Balsamonis, Zonarae, Aristeni Commentaria in Canones SS. Apostolorum, conciliorum, et in Epistolas canonicas SS. Patrum (Continuatio)	work	9	452	body-only	yes			
138	THEODORUS BALSAMON	Canones synodi Carthaginensis	work	9	452	body-only	yes			
138	THEODORUS BALSAMON	Commentaria in Epistolas canonicas SS. Patrum	work	453	950	body-only	yes	27		
138	THEODORUS BALSAMON	Responsa ad interrogationes Marci patriarchae Alexandrini	work	951	1012	body-only	yes			
138	THEODORUS BALSAMON	Meditata	work	1013	1076	body-only	yes			
138	THEODORUS BALSAMON	Ecclesiasticarum constitutionum collectio	work	1077	1332	body-only	yes	3		
138	THEODORUS BALSAMON	Epistola de jejuniis per annum	work	1333	1358	body-only	yes			
138	THEODORUS BALSAMON	Epistola de Rasophoris seu raso indutis	work	1359	end	body-only	yes			
139	ISIDORUS THESSALONICENSIS EPISCOPUS	Notitia	editorial			unlocated	unknown			
139	ISIDORUS THESSALONICENSIS EPISCOPUS	Sermones (In Nativitatem, In Praesentationem, In Annuntiationem, In Dormitionem B. Virginis Mariae)	work			unlocated	yes	4		
139	NICETAS MARONIENSIS	Hergenroetheri Monitum (De Niceta ejusque dialogis)	editorial	166	168	agree	latin-only			
139	NICETAS MARONIENSIS	Dialogi de processione Spiritus Sancti	work	169	222	body-only	yes	7		
139	JOANNES CITRI	Responsa canonica (memorantur tantum)	crossref	222		agree	unknown			119 959
139	MARCUS PATRIARCHA ALEXANDRINUS	Quaestiones et responsa (memorantur)	crossref	222		elenchus-garbled	unknown			119 1031
139	JOEL CHRONOGRAPHUS	Notitia	editorial	223	286	elenchus-garbled	latin-only			
139	JOEL CHRONOGRAPHUS	Chronographia compendiaria	work	223	286	elenchus-garbled	yes			
139	NICETAS CHONIATES	Notitia (ex Leonis Allatii Diatriba de Nicetis)	editorial	287	300	agree	latin-only			
139	NICETAS CHONIATES	Epistola nuncupatoria (ad Julium Mazarinum)	editorial	301	308	elenchus-garbled	latin-only			
139	NICETAS CHONIATES	Fabroti Breviarium	editorial	309	318	agree	latin-only			
139	NICETAS CHONIATES	Historia (Nicetae Choniatae Historia)	work	319	376	agree	yes			
139	NICETAS CHONIATES	De rebus gestis Manuelis Comneni libri septem	work	377	572	agree	yes	7		
139	NICETAS CHONIATES	Imperium Alexii Comneni Porphyrogeniti, Manuelis imperatoris filii	work	573	628	body-only	yes			
139	NICETAS CHONIATES	Imperium Andronici Comneni (Liber I, Liber II)	work	629	716	body-only	yes	2		
139	NICETAS CHONIATES	Imperium Isaacii Angeli (Liber I-III)	work	717	822	body-only	yes	1		
139	NICETAS CHONIATES	Imperium Alexii Comneni fratris Isaacii Angeli (Liber I-III)	work	823	928	body-only	yes			
139	NICETAS CHONIATES	Isaacii Angeli una cum Alexio filio iteratum imperium	work	929	946	agree	yes			
139	NICETAS CHONIATES	Imperium Alexii Ducae cognomento Murzufli	work	947	966	agree	yes			
139	NICETAS CHONIATES	Liber de rebus gestis post urbem captam	work	967	1052	elenchus-garbled	yes			
139	NICETAS CHONIATES	Narratio de statuis quas Franci Constantinopoli destruxerunt post captam urbem	work	1053	1056	elenchus-garbled	yes			
139	NICETAS CHONIATES	Chronologia Nicetae	editorial	1057	1062	elenchus-garbled	latin-only			
139	NICETAS CHONIATES	Glossarium Fabroti	editorial	1063	1086	elenchus-garbled	yes			
139	NICETAS CHONIATES	Thesaurus orthodoxae fidei	work	1087	1090	elenchus-garbled	yes	3		
139	NICETAS CHONIATES	Epistola nuncupatoria (P. Morellii ad Joannem a S. Andrea)	editorial	1087	1090	agree	latin-only			
139	NICETAS CHONIATES	Monitum card. Angelo Mai	editorial	1091	1092	agree	latin-only			
139	NICETAS CHONIATES	Index librorum quibus constat thesaurus orthodoxae fidei	editorial	1093	end	elenchus-garbled	greek-only			
140	NICETAS CHONIATA (Operum continuatio: ex libris Thesauri orthodoxae fidei)	Ex libro VI. De Macedonio	work	9	32	agree	yes			
140	NICETAS CHONIATA (Operum continuatio: ex libris Thesauri orthodoxae fidei)	Ex libro VIII. De Nestorio	work	33	36	agree	latin-only			
140	NICETAS CHONIATA (Operum continuatio: ex libris Thesauri orthodoxae fidei)	Ex libro IX. De Eutychete	work	37	66	agree	yes			
140	NICETAS CHONIATA (Operum continuatio: ex libris Thesauri orthodoxae fidei)	Ex libro X. De quinta synodo	work	67	74	agree	latin-only			
140	NICETAS CHONIATA (Operum continuatio: ex libris Thesauri orthodoxae fidei)	Ex libro XII. De Aphtartodocetarum haeresi	work	75	80	elenchus-garbled	latin-only			
140	NICETAS CHONIATA (Operum continuatio: ex libris Thesauri orthodoxae fidei)	Ex libro XV. De sexta synodo	work	81	88	body-only	yes			
140	NICETAS CHONIATA (Operum continuatio: ex libris Thesauri orthodoxae fidei)	Ex libro XVII. De haeresibus Armeniorum	work	89	104	agree	yes			
140	NICETAS CHONIATA (Operum continuatio: ex libris Thesauri orthodoxae fidei)	Ex libro XX. De superstitione Agarenorum	work	105	122	agree	yes			
140	NICETAS CHONIATA (Operum continuatio: ex libris Thesauri orthodoxae fidei)	De receptione eorum qui ab Agarenis ad rectam fidem accedunt (Ordo qui observatur super iis qui a Saracenis ... se convertunt)	work	123	134	body-only	yes			
140	NICETAS CHONIATA (Operum continuatio: ex libris Thesauri orthodoxae fidei)	Formula altera in Sylburgii notis	work			unlocated	unknown			
140	NICETAS CHONIATA (Operum continuatio: ex libris Thesauri orthodoxae fidei)	Ex libro XXII. De erroribus Eustratii, Niceni metropolitae	work	135	136	body-only	yes			
140	NICETAS CHONIATA (Operum continuatio: ex libris Thesauri orthodoxae fidei)	Ex libro XXIV. Synodus Graecae Ecclesiae de dogmate circa illa verba 'Tu es qui offers et qui offereris et qui recipis' ... contra Soterichum Antiochenum electum (cum Soterichi dialogo cum Philone)	work	137	200	body-only	yes			
140	NICETAS CHONIATA (Operum continuatio: ex libris Thesauri orthodoxae fidei)	Ex libro XXV. Synodus habita propter illud dictum 'Pater meus major me est' (Praemittitur Editoris Romani Monitum)	work	201	280	agree	yes			
140	NICETAS CHONIATA (Operum continuatio: ex libris Thesauri orthodoxae fidei)	Ex libro incerto. De Lizicinorum haeresi	work	281	282	agree	yes			
140	NICETAS CHONIATA (Operum continuatio: ex libris Thesauri orthodoxae fidei)	Recensio codicis Medicei XXIV, Thesaurum Nicetae continentis in libros XXVII digestum	editorial	283	292	body-only	yes			
140	CPOLITANI (ANONYMI GRAECI) AD INNOCENTIUM III	Graecorum ad Innocentium III Pontificem Romanum Epistola, scripta post captam a Latinis Cpolin, regnante Henrico imperatore	work	293	298	agree	yes			
140	MICHAEL ACOMINATUS CHONIATA, ATHENIENSIS ARCHIEPISCOPUS, NICETAE FRATER	Michaelis Acominati vita, res gestae, scripta (ex Ellissen)	editorial	299	322	body-only	latin-only	7		
140	MICHAEL ACOMINATUS CHONIATA, ATHENIENSIS ARCHIEPISCOPUS, NICETAE FRATER	Oratio habita in die festo Palmarum	work	323	328	agree	latin-only			
140	MICHAEL ACOMINATUS CHONIATA, ATHENIENSIS ARCHIEPISCOPUS, NICETAE FRATER	Epistolae ad Eustathium Thessalonicensem archiepiscopum	work	329	336	agree	yes			
140	MICHAEL ACOMINATUS CHONIATA, ATHENIENSIS ARCHIEPISCOPUS, NICETAE FRATER	Monodia in Eustathium defunctum	work	337	360	agree	yes			
140	MICHAEL ACOMINATUS CHONIATA, ATHENIENSIS ARCHIEPISCOPUS, NICETAE FRATER	Monodia in funere fratris habita	work	361	376	elenchus-garbled	latin-only			
140	MICHAEL ACOMINATUS CHONIATA, ATHENIENSIS ARCHIEPISCOPUS, NICETAE FRATER	Hypomnesticon ad imp. Alexium Comnenum de fisci exactionibus (Oratio ad Alexium Comnenum pro Atheniensibus)	work	377	382	elenchus-garbled	yes			
140	MICHAEL ACOMINATUS CHONIATA, ATHENIENSIS ARCHIEPISCOPUS, NICETAE FRATER	Iambi de pristina urbis Athenarum dignitate	work	383	386	agree	yes			
140	MICHAEL ACOMINATUS CHONIATA, ATHENIENSIS ARCHIEPISCOPUS, NICETAE FRATER	Appendix. Laudatio SS. archangelorum Michaelis et Gabrielis	work	1221	1246	agree	yes			
140	MICHAEL ACOMINATUS CHONIATA, ATHENIENSIS ARCHIEPISCOPUS, NICETAE FRATER	Nicetae Acominati ... Monodia in Nicetam Choniatem fratrem suum (Textus Graecus; Latine supra col. 361)	work	1247	1258	body-only	greek-only		ordo-only	
140	THEODORUS ALANIAE EPISCOPUS	Alanicus, sive Sermo epistolaris ad episcopos Cpolitanos de suo per Alaniam itinere	work	387	412	disagree	yes			
140	THEODORUS ALANIAE EPISCOPUS	Ejusdem ex inedito opusculo ad fratrem natu minorem	work	413	416	agree	yes			
140	THEODORUS ANDIDENSIS EPISCOPUS	De divinae Liturgiae symbolis ac mysteriis	work	417	466	agree	yes			
140	MANUEL MAGNUS RHETOR CPOLITANUS	De processione Spiritus Sancti. Disputatio cum fratre Francisco, ordinis Praedicatorum (Apologia et refutatio)	work	467	484	elenchus-garbled	yes			
140	PANTALEO DIACONUS CP.	Tractatus contra errores Graecorum	work	485	572	disagree	latin-only			
140	PANTALEO DIACONUS CP.	Narratio miraculorum Michaelis archangeli	work	573	592	elenchus-garbled	latin-only			
140	MANUEL CHARITOPULUS CP. PATRIARCHA	Solutiones quarumdam quaestionum de jure patronatus et de translatione episcoporum	crossref	591		agree	unknown			119 807
140	GERMANUS II, CPOLITANUS PATRIARCHA	Notitia duplex (1. Ex Oriente Christiano; 2. Ex Bibliotheca Fabricii)	editorial	593	600	agree	latin-only			
140	GERMANUS II, CPOLITANUS PATRIARCHA	Epistola ad Gregorium IX papam et ad cardinales de unione Ecclesiarum, cum Gregorii responso duplici; Definitio apocrisiariorum; Acta concilii Nymphaei	crossref	601		elenchus-garbled	latin-only			
140	GERMANUS II, CPOLITANUS PATRIARCHA	Epistola prima ad Cyprios	work	601	612	agree	yes			
140	GERMANUS II, CPOLITANUS PATRIARCHA	Epistola II ad Cyprios	work	613	622	agree	yes			
140	GERMANUS II, CPOLITANUS PATRIARCHA	Homiliae	work	623	760	disagree	yes	7		
140	GERMANUS II, CPOLITANUS PATRIARCHA	Decreta synodalia	crossref	757		elenchus-garbled	unknown			119 195
140	MICHAEL CHUMNUS, THESSALONICENSIS METROPOLITA	De gradibus cognationum	crossref	759		elenchus-garbled	unknown			119 1298
140	THEODORUS DUCAS LASCARIS, IMP.	De nominibus divinis (Premittitur Editoris Romani Monitum)	work	761	770	agree	yes			
140	THEODORUS DUCAS LASCARIS, IMP.	Canon exhortatorius ad SS. Deiparam	work	771	778	elenchus-garbled	yes			
140	THEODORUS DUCAS LASCARIS, IMP.	De communicatione naturali libri sex (Latine ex editione Basileensi, Graece ex cod. Paris.)	work	1259	1396	elenchus-garbled	yes			
140	METHODIUS MONACHUS	De schismate vitando (Premittitur Editoris Romani Monitum)	work	779	804	agree	yes			
140	NICEPHORUS CPOLITANUS PATRIARCHA (II)	Contra eos qui dicunt mortuos sacro oleo ungendos esse	work	805	810	body-only	yes			
140	CONSTANTINUS ACROPOLITA	Sermo in S. Joannem Damascenum	work	811	886	body-only	yes			
140	CONSTANTINUS ACROPOLITA	Sermo in sanctam Theodosiam (De sancta Theodosia martyre CP.; Commentarius praevius)	work	887	934	elenchus-garbled	yes			
140	ARSENIUS AUTORIANUS CPOLITANUS PATRIARCHA	Anacreonticon in Dominicam Resurrectionis	work	935	942	elenchus-garbled	yes			
140	ARSENIUS AUTORIANUS CPOLITANUS PATRIARCHA	Privilegium pro monasterio SS. Deiparae Macrinitissae	work	943	948	disagree	yes			
140	ARSENIUS AUTORIANUS CPOLITANUS PATRIARCHA	Testamentum	work	949	966	disagree	yes			
140	GEORGIUS ACROPOLITA	Annales (a capta anno 1204 a Latinis Cpoli usque ad eamdem anno 1261 a Michaele Palaeologo recuperatam)	work	967	1220	body-only	yes			
140	NICEPHORUS CHUMNUS, CANICLEO PRAEFECTUS (NATHANAEL MONACHUS)	Notitia ex Bibliotheca Fabricii ed. Harles	editorial	1397	1398	elenchus-garbled	latin-only			
140	NICEPHORUS CHUMNUS, CANICLEO PRAEFECTUS (NATHANAEL MONACHUS)	Antitheticus adversus Plotinum de anima (ex Creuzeri editione)	work	1399	1430	agree	yes			
140	NICEPHORUS CHUMNUS, CANICLEO PRAEFECTUS (NATHANAEL MONACHUS)	Sermo consolatorius ad filiam suam imperatricem ob viduitatis ejus maerorem	work	1431	1450	elenchus-garbled	yes			
140	NICEPHORUS CHUMNUS, CANICLEO PRAEFECTUS (NATHANAEL MONACHUS)	De miraculo in Cana facto	work	1451	1454	elenchus-garbled	yes			
140	NICEPHORUS CHUMNUS, CANICLEO PRAEFECTUS (NATHANAEL MONACHUS)	De petitione Elisaei ad Eliam	work	1455	1464	agree	yes			
140	NICEPHORUS CHUMNUS, CANICLEO PRAEFECTUS (NATHANAEL MONACHUS)	Testamentum	work	1465	1496	elenchus-garbled	yes			
140	NICEPHORUS CHUMNUS, CANICLEO PRAEFECTUS (NATHANAEL MONACHUS)	De festo Dormitionis S. Mariae	work	1497	1526	agree	yes			
140	ALEXANDER PAPA IV	Constitutio Cypria	work	1527	1560	elenchus-garbled	yes			
140	SIXTUS IV PAPA	Bulla ad episcopos Graecos, Armenos, Nestorianos et Jacobitas in insula Cypro constitutos (Constitutio Cypria, appendix)	work	1561	end	body-only	latin-only		ordo-only	
141	JOANNES VECCUS CP. PATRIARCHA	Notitia ex Bibliotheca Fabricii (ed. Harles)	editorial	11	12	body-only	latin-only			
141	JOANNES VECCUS CP. PATRIARCHA	De unione Ecclesiarum veteris et novae Romae (ex Leonis Allatii Graecia orthodoxa)	work	13	156	agree	yes			
141	JOANNES VECCUS CP. PATRIARCHA	De processione Spiritus sancti	work	157	274	agree	yes			
141	JOANNES VECCUS CP. PATRIARCHA	Epistola ad Agallianum Magnae Ecclesiae diaconum	work	275	280	agree	yes			
141	JOANNES VECCUS CP. PATRIARCHA	Sententia synodalis	work	281	288	elenchus-garbled	yes			
141	JOANNES VECCUS CP. PATRIARCHA	Ad Theodorum Sugdeae episcopum libri tres	work	289	336	agree	yes			
141	JOANNES VECCUS CP. PATRIARCHA	Ad Constantinum libri quatuor	work	337	394	agree	yes			
141	JOANNES VECCUS CP. PATRIARCHA	Adversus Andronicum Camaterum (Refutationes in Camateri animadversiones, with the patristic dicta)	work	395	612	elenchus-garbled	yes			
141	JOANNES VECCUS CP. PATRIARCHA	Epigraphae sive praescriptiones in dicta ac sententias sanctorum Patrum de processione Spiritus sancti	work	613	724	agree	yes			
141	JOANNES VECCUS CP. PATRIARCHA	Refutatio libri Photii de processione Spiritus sancti (ed. J. Hergenroether, ex ms. Laurentiano)	work	725	864	elenchus-garbled	yes			
141	JOANNES VECCUS CP. PATRIARCHA	Refutatio libri Georgii Cyprii	work	865	924	agree	yes			
141	JOANNES VECCUS CP. PATRIARCHA	De pace ecclesiastica fragmentum	work	925	942	agree	yes			
141	JOANNES VECCUS CP. PATRIARCHA	Epistola ad Joannem Papam cum professione fidei et recognitione primatus	work	943	948	elenchus-garbled	yes			
141	JOANNES VECCUS CP. PATRIARCHA	De depositione sua orationes (Oratio I, Oratio II)	work	949	1008	elenchus-garbled	yes	2		
141	JOANNES VECCUS CP. PATRIARCHA	Apologia	work	1009	1018	agree	yes			
141	JOANNES VECCUS CP. PATRIARCHA	De libris suis (De omnibus suis libris et scriptionum suarum consensione animadversio)	work	1019	1026	agree	yes			
141	JOANNES VECCUS CP. PATRIARCHA	Testamentum	work	1027	1030	agree	yes			
141	CONSTANTINUS MELITENIOTA, MAGNAE ECCLESIAE CHARTOPHYLAX	De ecclesiastica unione Latinorum et Graecorum et de processione Spiritus sancti per Filium orationes duae	work	1031	1274	elenchus-garbled	yes	2		
141	GEORGIUS METOCHITA, MAGNAE ECCLESIAE DIACONUS	Contra Maximum Planudem (Refutatio trium capitum a Maximo Planude monacho editorum)	work	1275	1306	elenchus-garbled	yes			
141	GEORGIUS METOCHITA, MAGNAE ECCLESIAE DIACONUS	Contra Manuelem Cretensem	work	1307	1404	elenchus-garbled	yes			
141	GEORGIUS METOCHITA, MAGNAE ECCLESIAE DIACONUS	Fragmentum ex libris de processione Spiritus sancti (ex libro IV; ex libro V; ex eodem libro)	work	1405	1418	body-only	yes			
141	GEORGIUS METOCHITA, MAGNAE ECCLESIAE DIACONUS	De unione Ecclesiarum (fragmentum)	work	1419	1420	body-only	yes			
141	GEORGIUS METOCHITA, MAGNAE ECCLESIAE DIACONUS	De dissidio Ecclesiarum fragmenta duo historica	work	1421	end	agree	yes			
142	GEORGIUS CYPRIUS CPOLITANUS PATRIARCHA	Notitia ex Leone Allatio De Georgiis	editorial	9	16	body-only	latin-only			
142	GEORGIUS CYPRIUS CPOLITANUS PATRIARCHA	Georgii Cyprii Vita, ab ipso scripta, et ex cod. Leydensi a Bernardo de Rubeis edita et notis illustrata; accedunt Dissertationes duae historico-dogmaticae	work	17	218	body-only	yes	7		
142	GEORGIUS CYPRIUS CPOLITANUS PATRIARCHA	Index nominum et rerum praecipuarum quae in Georgii Cyprii Vita, in notis et in Dissertationibus continentur	editorial	219	226	body-only	latin-only			
142	GEORGIUS CYPRIUS CPOLITANUS PATRIARCHA	Anselmi Bandurii in Georgii Cyprii scripta apologetica Monitum	editorial	227	232	body-only	latin-only			
142	GEORGIUS CYPRIUS CPOLITANUS PATRIARCHA	Georgii Cyprii Expositio fidei, contra Veccum. Accedit Joannis Chilae, Ephesi metropolitae, Epistola ad imperatorem	work	233	246	body-only	greek-only			
142	GEORGIUS CYPRIUS CPOLITANUS PATRIARCHA	Contra Marcum, ex Judaeo Christianum	work	247	250	body-only	greek-only			
142	GEORGIUS CYPRIUS CPOLITANUS PATRIARCHA	Apologia pro tomo suo, pravae doctrinae suspecto	work	251	266	body-only	greek-only			
142	GEORGIUS CYPRIUS CPOLITANUS PATRIARCHA	Epistola ad Andronicum imp.	work	267	268	body-only	greek-only			
142	GEORGIUS CYPRIUS CPOLITANUS PATRIARCHA	De processione Spiritus sancti, ex Dosithei Τόμῳ ἀγάπης	work	269	298	elenchus-garbled	greek-only			
142	GEORGIUS CYPRIUS CPOLITANUS PATRIARCHA	Laudatio S. Georgii martyris, ex cod. Vatic. in Aprili Bollandiano	work	299	344	body-only	yes			
142	GEORGIUS CYPRIUS CPOLITANUS PATRIARCHA	Encomium Michaelis Palaeologi, « novi Constantini », ex Boissonadii Anecdotis, cum interpretatione nostra	work	345	386	body-only	yes			
142	GEORGIUS CYPRIUS CPOLITANUS PATRIARCHA	Encomium Andronici Palaeologi, ex eodem ibidem	work	387	416	body-only	yes			
142	GEORGIUS CYPRIUS CPOLITANUS PATRIARCHA	Chria, id est oratoriae amplificationis specimen	work	417	420	body-only	yes			
142	GEORGIUS CYPRIUS CPOLITANUS PATRIARCHA	Georgii Cyprii Epistolarum Index	editorial	421	432	body-only	latin-only			
142	GEORGIUS CYPRIUS CPOLITANUS PATRIARCHA	Epistola ad amicum (exstat col. 125)	crossref	433		body-only	unknown			142 125
142	GEORGIUS CYPRIUS CPOLITANUS PATRIARCHA	— ad Andronicum imp. (col. 207)	crossref	433		elenchus-garbled	unknown			142 207
142	GEORGIUS CYPRIUS CPOLITANUS PATRIARCHA	Encomium maris, sive de universa aquae natura, ex ed. Fed. Morelli	work	433	444	body-only	yes			
142	GEORGIUS CYPRIUS CPOLITANUS PATRIARCHA	Proverbiorum collectio, ad calcem Apostolii	work	445	470	body-only	yes			
142	ATHANASIUS CPOLITANUS PATRIARCHA	Notitia ex Anselmi Bandurii Imperio orientali	editorial	471	478	body-only	latin-only			
142	ATHANASIUS CPOLITANUS PATRIARCHA	Ordo Epistolarum Athanasii ex codice Regio	editorial	471	478	body-only	yes			
142	ATHANASIUS CPOLITANUS PATRIARCHA	Epistola	work	479	512	body-only	yes	10		
142	ATHANASIUS CPOLITANUS PATRIARCHA	De necessaria episcoporum residentia epistolae octo (Latine edidit Turrianus)	work	513	526	body-only	latin-only		ordo-only	
142	NICEPHORUS BLEMMIDA	Notitia ex Bibliotheca Fabricii ed. Harles	editorial	527	532	body-only	latin-only			
142	NICEPHORUS BLEMMIDA	De processione Spiritus sancti orationes duae, ex Leonis Allatii Graec. orthod.	work	533	584	body-only	yes			
142	NICEPHORUS BLEMMIDA	Sermo ad monachos monasterii ab ipso exstructi, ex Dosithei Τόμῳ ἀγάπης	work	585	606	body-only	yes			
142	NICEPHORUS BLEMMIDA	Epistola encyclica de Marchesina, imp. Joan. Ducae pellice, quam templo ejecerat Blemmida	work	607	608	body-only	yes			
142	NICEPHORUS BLEMMIDA	Oratio de regis officiis. Praemittitur editoris Romani Monitum	work	609	656	body-only	yes			
142	NICEPHORUS BLEMMIDA	Ejusdem orationis textus alter	work	657	674	body-only	greek-only			
142	NICEPHORUS BLEMMIDA	Epitome logica, Graece an. 1605 Augustae Vindel., Latine 1607 ibid., a Joanne Wegelino edita	work	675	1004	body-only	yes			
142	NICEPHORUS BLEMMIDA	Epitome physica, ex ejusdem editione	work	1005	1320	body-only	yes			
142	NICEPHORUS BLEMMIDA	Expositio in Psalmos, ex tribus codd. Gr. Paris. 150, 810 et Coislin. 102 nunc primum edita	work	1321	end	body-only	greek-only			
143	EPHRAEMIUS CHRONOGRAPHUS	Editoris Romani (Ang. Mai) Praefatio	editorial	9	10	body-only	latin-only			
143	EPHRAEMIUS CHRONOGRAPHUS	Ephraemii Caesares, ab Julio Caesare ad Michaelem Palaeologum	work	11	348	body-only	yes			
143	EPHRAEMIUS CHRONOGRAPHUS	Patriarcharum CP. Catalogus	work	349	378	body-only	yes			
143	THEOLEPTUS PHILADELPHIENSIUM METROPOLITA	Notitia	editorial	379	380	body-only	latin-only			
143	THEOLEPTUS PHILADELPHIENSIUM METROPOLITA	De abscondita operatione in Christo et profectu in vita monastica, ex Φιλοκαλίας τῶν ἱερῶν νηπτικῶν	work	381	402	agree	yes			
143	THEOLEPTUS PHILADELPHIENSIUM METROPOLITA	Canticum compunctionis ex meditatione aeterni judicii	work	403	406	body-only	yes			
143	GEORGIUS PACHYMERES	Notitia ex Leone Allatio De Georgiis. Insunt argumenta declamationum quas, sophistarum more, exercendi ingenii gratia composuit Pachymeres	editorial	407	420	elenchus-garbled	latin-only			
143	GEORGIUS PACHYMERES	Notitia altera ex Fabric. Harles. tom. VII	editorial	421	434	body-only	latin-only			
143	GEORGIUS PACHYMERES	Petri Possini, Soc. Jesu, Dedicatio ad Urbanum VIII summum Pontificem, in persona Georgii Pachymerae	editorial	435	436	agree	latin-only			
143	GEORGIUS PACHYMERES	Petrus Possinus Lectori	editorial	437	442	body-only	latin-only			
143	GEORGIUS PACHYMERES	Georgii Pachymerae Michael Palaeologus, sive Historia rerum a Michaele Palaeologo ante imperium et in imperio gestarum	work	443	994	agree	yes			
143	GEORGIUS PACHYMERES	Petri Possini ad Historiam rerum Michaelis Palaeologi Observationes	work	995	1216	body-only	latin-only	3		
143	GEORGIUS PACHYMERES	Appendix ad Petri Possini observationes. Specimen Sapientiae Indorum veterum	work	1217	end	agree	latin-only	18		
144	GEORGIUS PACHYMERES	Petri Possini S. J. Praefatio in tomum II	editorial	9	14	body-only	latin-only			
144	GEORGIUS PACHYMERES	Georgii Pachymerae Andronicus Palaeologus, sive Historia rerum ab Andronico Palaeologo seniore in imperio gestarum usque ad annum ejus aetatis undequinquagesimum	work	15	714	body-only	yes			
144	GEORGIUS PACHYMERES	Petri Possini Observationum Pachymerianarum ad Historiam rerum ab Andronico Palaeologo seniore in imperio gestarum libri tres	work	715	916	agree	latin-only	3		
144	GEORGIUS PACHYMERES	Georgii Pachymerae Scholia in Opera S. Dionysii Areopagitae (jam edita cum Dionysii operibus; vide tom. III)	crossref	915		body-only	unknown			3
144	GEORGIUS PACHYMERES	Georgii Pachymerae Descriptio Augusteonis sive atrii ecclesiae S. Sophiae	work	917	922	agree	yes			
144	GEORGIUS PACHYMERES	Adversus eos qui dicunt ideo dici Spiritum sanctum, Spiritum Filii, quod habeat eamdem ac ille naturam, vel quod dignis ab eo suppeditatur; ex Leonis Allatii Graecia orthodoxa	work	923	928	agree	yes			
144	GEORGIUS PACHYMERES	Argumenta declamationum quas, sophistarum more, exercendi ingenii gratia composuit Pachymeres (vide tomum superiorem, col. 413)	crossref	929		body-only	unknown			143 413
144	THEODORUS METOCHITA MAGNUS LOGOTHETA	Notitia ex Bibliotheca Fabricii. Inest series capitulorum philosophicorum Metochitae	editorial	929	946	body-only	latin-only			
144	THEODORUS METOCHITA MAGNUS LOGOTHETA	De lingua Graeca Aegypti	work	947	952	body-only	yes			
144	MATTHAEUS BLASTARES HIEROMONACHUS	Notitia ex Bibliotheca Fabricii	editorial	953	958	body-only	latin-only			
144	MATTHAEUS BLASTARES HIEROMONACHUS	Syntagma alphabeticum rerum omnium quae in sacris Canonibus comprehenduntur, juxta novissimam editionem Atheniensem	work	959	1400	body-only	yes			
144	GEORGIUS PACHYMERES	Index in Georgium Pachymerem	editorial	1401	end	body-only	latin-only			
145	MATTHAEUS BLASTARES HIEROMONACHUS	Syntagma Canonum (Continuatio)	work	9	212	body-only	yes			
145	MATTHAEUS BLASTARES HIEROMONACHUS	Carmina de officiis Ecclesiae et aulae Cpolitanae	crossref	211		body-only	unknown			157 129
145	THEODULUS MONACHUS, ALIAS THOMAS MAGISTER	Notitia historica et litteraria, ex Cave De script. eccles.	editorial	213	214	body-only	latin-only			
145	THEODULUS MONACHUS, ALIAS THOMAS MAGISTER	Laudatio S. Gregorii Theologi, ex ed. Laur. Noemanni, Upsal. 1003 [year as OCR reads]	work	215	352	body-only	yes			
145	THEODULUS MONACHUS, ALIAS THOMAS MAGISTER	Oratio pro Chandreno, ex cod. Reg. 2699, cum interpretatione nostra	work	353	372	body-only	yes			
145	THEODULUS MONACHUS, ALIAS THOMAS MAGISTER	Oratio gratulatoria ad Angelum Stratopedarcham, ed. Laur. Nini [OCR; name uncertain]	work	373	380	body-only	yes			
145	THEODULUS MONACHUS, ALIAS THOMAS MAGISTER	Oratio gratulatoria ad magnum logothetam Metochitam, ex ejusdem editione	work	381	388	body-only	yes			
145	THEODULUS MONACHUS, ALIAS THOMAS MAGISTER	Oratio gratulatoria ad Niphonem patriarcham, ex eadem	work	389	396	body-only	yes			
145	THEODULUS MONACHUS, ALIAS THOMAS MAGISTER	Laudatio regis Cypri, ex eodem	work	397	402	body-only	yes			
145	THEODULUS MONACHUS, ALIAS THOMAS MAGISTER	Epistolae	work	403	446	body-only	yes	9		
145	THEODULUS MONACHUS, ALIAS THOMAS MAGISTER	Oratio de regis officiis, ad Andronicum II Palaeologum, ex edit. Rom., cum interpretatione nostra	work	447	494	body-only	yes			
145	THEODULUS MONACHUS, ALIAS THOMAS MAGISTER	Oratio de subditorum officiis	work	495	546	body-only	yes			
145	THEODULUS MONACHUS, ALIAS THOMAS MAGISTER	Tituli orationum Theoduli	editorial	547	548	body-only	greek-only			
145	NICEPHORUS CALLISTUS XANTHOPULUS	Notitia historico-litteraria ex Bibliotheca Fabricii	editorial	549	556	body-only	latin-only			
145	NICEPHORUS CALLISTUS XANTHOPULUS	Ecclesiasticae Historiae libri I-VII (Elenchus; the work is libri XVIII, Tomus prior)	work	557	558	body-only	yes	7		
145	NICEPHORUS CALLISTUS XANTHOPULUS	Allocutio encomiastica ad Andronicum Palaeologum (Prooemium, 'super libro Historiae ecclesiasticae')	work	559	end	body-only	yes		ordo-only	
146	NICEPHORUS CALLISTUS XANTHOPULUS	Ecclesiasticae Historiae libri VIII-XIV	work	9	end	elenchus-garbled	yes	7		
147	NICEPHORUS CALLISTUS XANTHOPULUS	Ecclesiasticae Historiae libri XV-XVIII (Continuatio et finis)	work	9	448	body-only	yes	4	ordo-only	
147	NICEPHORUS CALLISTUS XANTHOPULUS	Enarratio de episcopis Byzantii et de patriarchis omnibus Cpolitanis	work	449	468	elenchus-garbled	yes			
147	NICEPHORUS CALLISTUS XANTHOPULUS	Anselmi Bandurii ad Nicephori Callisti Catalogum observationes et notae	editorial	469	538	agree	latin-only			
147	NICEPHORUS CALLISTUS XANTHOPULUS	Sermo in sanctam et apostolis aequalem unguentiferam Mariam Magdalenam, ex Bandinii Catalogo	work	539	574	agree	yes			
147	NICEPHORUS CALLISTUS XANTHOPULUS	Precatio in calamitate populi	work	575	576	agree	yes			
147	NICEPHORUS CALLISTUS XANTHOPULUS	Aliae orationes in populi afflictione	work	577	580	elenchus-garbled	yes			
147	NICEPHORUS CALLISTUS XANTHOPULUS	Oratio pro Christiano populo	work	581	582	agree	yes			
147	NICEPHORUS CALLISTUS XANTHOPULUS	Oratio in imperatorem et in ejus exercitum	work	583	584	agree	yes			
147	NICEPHORUS CALLISTUS XANTHOPULUS	Oratio in pretiosae et vivificae crucis elevationem	work	585	586	agree	yes			
147	NICEPHORUS CALLISTUS XANTHOPULUS	Oratio in sacri templi dedicatione	work	587	588	agree	yes			
147	NICEPHORUS CALLISTUS XANTHOPULUS	Oratio altera in templi dedicatione	work	589	590	agree	yes			
147	NICEPHORUS CALLISTUS XANTHOPULUS	Precatio confessoria ad creatorem ac plasmatorem nostrum	work	591	600	agree	yes			
147	NICEPHORUS CALLISTUS XANTHOPULUS	De excidio Hierosolymitano carmen iambicum trimetrum	work	601	604	agree	yes			
147	NICEPHORUS CALLISTUS XANTHOPULUS	Divinae Scripturae synopsis	work	605	632	agree	yes			
147	NICEPHORUS CALLISTUS XANTHOPULUS	De sequentibus asceticis opusculis monitum, ex Philocalia sacrorum vigilantium, Venet. 1782 fol.	editorial	633	634	body-only	latin-only			
147	CALLISTUS ET IGNATIUS XANTHOPULI MONACHI	Methodus et Regula accuratissima de his qui elegerunt pacifice vivere et monastice; de directione et vita et regimine eorum	work	635	812	agree	yes			
147	CALLISTUS PATRIARCHA CPOLITANUS	Capitula de precatione	work	813	816	body-only	yes			
147	CALLISTUS TELICOUDES	Capitula de quieta conversatione	work	817	826	agree	yes			
147	CALLISTUS TELICOUDES	Selecta e sanctis Patribus de Oratione et Attentione	work	827	832	elenchus-garbled	yes			
147	CALLISTUS CATAPHUGIOTA	Notitia ex Philocalia	editorial	833	834	agree	latin-only			
147	CALLISTUS CATAPHUGIOTA	De unione cum Deo et vita contemplativa (ex syllogisticis et altipetis capitulis quae supersunt)	work	835	942	agree	yes			
147	NICEPHORUS MONACHUS	Notitia ex Philocalia	editorial	943	944	agree	latin-only			
147	NICEPHORUS MONACHUS	Tractatus de sobrietate et cordis custodia	work	945	966	elenchus-garbled	yes			
147	MAXIMUS PLANUDES CPOLITANUS MONACHUS	Notitia ex Fabricii Bibliotheca Graeca ed. Harles.	editorial	967	984	agree	latin-only			
147	MAXIMUS PLANUDES CPOLITANUS MONACHUS	Oratio in corporis Domini Dei nostri Jesu Christi sepulturam et in sanctissimae Deiparae ac Dominae nostrae lamentationem	work	985	1016	agree	yes			
147	MAXIMUS PLANUDES CPOLITANUS MONACHUS	Encomium in sanctos et omni laude prosequendos apostolorum coryphaeos Petrum et Paulum (integrum ex codice Coisliniano 1187, cum interpretatione nostra usque ad locum unde incipit editio Gretseri)	work	1017	1110	agree	yes			
147	MAXIMUS PLANUDES CPOLITANUS MONACHUS	Interpretatio nonnullorum capitum S. Augustini ex decimo quinto De Trinitate quae Spiritum sanctum etiam ex Filio procedere ostendunt	work	1111	1128	body-only	yes			
147	MAXIMUS PLANUDES CPOLITANUS MONACHUS	Syllogismi de processione Spiritus sancti contra Latinos (Vide tom. CLXI, col. 309, ubi cum Bessarionis et Demetrii Cydonii refutationibus eduntur)	work	1129	1130	elenchus-garbled	yes			
147	MAXIMUS PLANUDES CPOLITANUS MONACHUS	Appendix. Incerti ex Augustino in Joannem De processione Spiritus sancti	work	1131	1156	agree	yes			
147	MAXIMUS PLANUDES CPOLITANUS MONACHUS	Fragmentum libri S. Augustino ascripti de cognitione verae vitae, Graece conversum	work	1157	1164	agree	yes			
147	MAXIMUS PLANUDES CPOLITANUS MONACHUS	Epistola ad Manuelem Philen. Subnectitur Catalogus Epistolarum Planudae ex codice Vaticano	work	1165	1168	agree	yes			
147	MAXIMUS PLANUDES CPOLITANUS MONACHUS	Comparatio Hiemis et Veris, ex cod. Graeco Parisiensi n. 1187 notato, nunc primum edita	work	1169	1174	agree	yes			
147	MAXIMUS PLANUDES CPOLITANUS MONACHUS	Versus iambici in SS. Marcianum et Martyrium et in S. Andream eaedem	work	1175	1176	agree	yes			
147	MAXIMUS PLANUDES CPOLITANUS MONACHUS	Indices ad Nicephori Callisti Historiam Ecclesiasticam	editorial	1177	end	agree	latin-only			
148	NICEPHORUS GREGORAS	Joannis Boivini Dedicatio ad Ludovicum XIV	editorial	9	18	agree	latin-only			
148	NICEPHORUS GREGORAS	Ejusdem Præfatio	editorial	9	18	agree	latin-only			
148	NICEPHORUS GREGORAS	Nicephori Gregoræ Vita, Scripta, Elogia	editorial	19	94	agree	latin-only			
148	NICEPHORUS GREGORAS	Hieronymi Wolfii Præfatio	editorial	95	98	disagree	latin-only			
148	NICEPHORUS GREGORAS	Notitia ex Bibliotheca Græca Fabricii	editorial	99	114	agree	latin-only			
148	NICEPHORUS GREGORAS	Immanuelis Bekkeri Præfatio ad Nicephori Gregoræ libros postremos qui, ex codd. Vatic. et Paris. descripti, anno 1855 tandem lucem viderunt in Byzantina Bonnensi	editorial	115	118	agree	latin-only			
148	NICEPHORUS GREGORAS	Nicephori Gregoræ Byzantinæ Historiæ libri XXXVII, cum variorum notis, Wolfi scilicet, Du Cangii, Boivini et Caperonii	work	119	end	agree	yes			
149	NICEPHORUS GREGORAS	Byzantinæ Historiæ libri XXV-XXXVII	work	9	502	body-only	yes			
149	NICEPHORI GREGORÆ SCRIPTA ALIA VARII ARGUMENTI	Martyrium S. Codrati et Sociorum Corinthi in Peloponneso	work	503	520	body-only	yes			
149	NICEPHORI GREGORÆ SCRIPTA ALIA VARII ARGUMENTI	Scholia in librum Synesii De insomniis	work	521	642	body-only	yes			
149	NICEPHORI GREGORÆ SCRIPTA ALIA VARII ARGUMENTI	Fragmenta ex Nicephori Dialogo cui titulus: Florentius	work	643	646	body-only	yes			
149	NICEPHORI GREGORÆ SCRIPTA ALIA VARII ARGUMENTI	Nicephori Gregoræ Epistolæ XVI	work	647	662	body-only	yes			
149	NICEPHORI GREGORÆ SCRIPTA ALIA VARII ARGUMENTI	Prologus encomiasticus in Odysseam breviter perstringens poematis indolem	work	663	666	body-only	yes			
149	NICEPHORI GREGORÆ SCRIPTA ALIA VARII ARGUMENTI	Moralis enarratio peregrinationum Ulyssis	work	667	672	body-only	yes			
149	NILUS CABASILAS THESSALONICENSIS METROPOLITA	Notitia ex Leonis Allatii Diatriba de Nilis	editorial	673	682	body-only	latin-only			
149	NILUS CABASILAS THESSALONICENSIS METROPOLITA	De causis dissensionum in Ecclesia et de primatu Papæ	work	683	728	body-only	yes			
149	NILUS CABASILAS THESSALONICENSIS METROPOLITA	Joannis Matthei Caryophylli, archiepiscopi Iconiensis, Confutatio Nili, ad Urbanum VIII Pontificem Maximum	work	729	876	body-only	yes			
149	NILUS CABASILAS THESSALONICENSIS METROPOLITA	Encomium Gregorii Palamæ	crossref	877		body-only	latin-only			151
149	THEODORUS MELITENIOTA, MAGNÆ ECCLESIÆ SACELLARIUS	Notitia ex Leone Allatio de Theodoris	editorial	877	880	body-only	latin-only			
149	THEODORUS MELITENIOTA, MAGNÆ ECCLESIÆ SACELLARIUS	Editoris Romani Monitum in Ethica sequentia	editorial	881	882	body-only	latin-only			
149	THEODORUS MELITENIOTA, MAGNÆ ECCLESIÆ SACELLARIUS	Ethica sermonum in Evangelia	work	883	986	body-only	yes			
149	THEODORUS MELITENIOTA, MAGNÆ ECCLESIÆ SACELLARIUS	Ex libro de astronomia	work	987	1000	body-only	yes			
149	GEORGIUS LAPITHA	Notitia ex Leone Allatio de Græcis	editorial	1001	1008	body-only	latin-only			
149	GEORGIUS LAPITHA	Carmen morale	work	1009	1046	agree	yes		ordo-only	
149	CATALOGUS LIBRORUM MONASTERII INSULÆ PATMI SÆCULO XIV	Catalogus librorum monasterii insulæ Patmi sæculo XIV	work	1047	1050	body-only	greek-only		ordo-only	
149	INDEX	Index Græcitatis ad Nicephori Gregoræ Historiam Byzantinam	editorial	1051	1066	body-only	unknown			
149	ADDENDA	Nicephori Gregoræ Allocutio ad Andronicum Palæologum, cum victor rediisset	work	1067	end	body-only	yes			
150	CONSTANTINUS HARMENOPULUS	De Const. Harmenopuli ætate, vita et scriptis editis et ineditis (Notitia ex Fabric. Harl. Biblioth. Gr. t. XI)	editorial	9	18	agree	latin-only			
150	CONSTANTINUS HARMENOPULUS	Constantini Harmenopuli libellus de opinionibus hæreticorum qui singulis temporibus exstiterunt	work	19	28	agree	yes			
150	CONSTANTINUS HARMENOPULUS	De fide orthodoxa	work	29	40	elenchus-garbled	yes			
150	CONSTANTINUS HARMENOPULUS	Narratiuncula de tribus tomis synodicis sub imperatoribus Constantino Porphyrogenito, Manuele Comneno, et Michaele Palæologo promulgatis, in quibus omnes adversus imperatoriam majestatem turbarum aut rebellionis duces, eorumque adjutores et conscii anathemate percutiuntur	work	41	42	elenchus-garbled	yes			
150	CONSTANTINUS HARMENOPULUS	Tomus contra Gregorium Palamam	work	43	44	elenchus-garbled	yes			
150	CONSTANTINUS HARMENOPULUS	Epitome divinorum sacrorumque canonum a venerabili sebasto et nomophylace judiceque Thessalonicensi, D. Constantino Harmenopulo confecta	work	45	172	elenchus-garbled	yes			
150	MACARIUS CHRYSOCEPHALUS PHILADELPHIENSIS METROPOLITA	Macarii Chrysocephali Philadelphiensis metropolitæ oratio in exaltationem venerandæ et vivificæ Crucis	work	173	232	agree	yes			
150	MACARIUS CHRYSOCEPHALUS PHILADELPHIENSIS METROPOLITA	Oratio Macarii Philadelphiensis episcopi in Barbarorum incursus	work	233	238	agree	yes		ordo-only	
150	MACARIUS CHRYSOCEPHALUS PHILADELPHIENSIS METROPOLITA	Proemia ad Commentarios in Novum Testamentum	work	239	244	elenchus-garbled	yes			
150	MACARIUS CHRYSOCEPHALUS PHILADELPHIENSIS METROPOLITA	De universali Orthodoxiæ solemnitate, ob restitutum sacrarum imaginum honorem	work			unlocated	unknown			
150	MACARIUS CHRYSOCEPHALUS PHILADELPHIENSIS METROPOLITA	Rhodonia sive Florilegium (Excerpta)	work	245	248	agree	yes			
150	JOANNES CALECA CPOLITANUS PATRIARCHA	Joannis Calecæ homiliarum ineditarum Index ex Montefalconii Bibl. Coislin.	work	249	252	elenchus-garbled	yes			
150	JOANNES CALECA CPOLITANUS PATRIARCHA	Homilia in Dominicam ante Exaltationem	work	253	262	elenchus-garbled	yes			
150	JOANNES CALECA CPOLITANUS PATRIARCHA	Homilia in tertiam Jejuniorum Dominicam	work	263	278	disagree	yes			
150	THEOPHANES NICAENUS ARCHIEPISCOPUS	Monitum Editorum, in quo vera Theophanis ætas ostenditur	editorial	279	280	elenchus-garbled	latin-only			
150	THEOPHANES NICAENUS ARCHIEPISCOPUS	Theophanis Epistolæ	work	281	350	elenchus-garbled	yes	3		
150	THEOPHANES NICAENUS ARCHIEPISCOPUS	Oratio qua Domino nostro Jesu Christo gratiæ aguntur pro liberatione pestis ac mortis	work	351	354	agree	yes		ordo-only	
150	NICOLAUS CABASILA THESSALONICENSIS METROPOLITA	Ejus vita, res gestæ, scripta (Notitia ex Fabric. Harl. Bibl. Græca, t. X)	editorial	355	362	elenchus-garbled	latin-only			
150	NICOLAUS CABASILA THESSALONICENSIS METROPOLITA	De divino altaris Sacrificio (præmittitur Gentiani Herveti interpretis ad lectorem admonitio)	work	363	490	elenchus-garbled	yes			
150	NICOLAUS CABASILA THESSALONICENSIS METROPOLITA	De vita in Christo libri septem (Latine interpr. Jacobi Pontani; Græce ...)	work	491	726	elenchus-garbled	yes			
150	NICOLAUS CABASILA THESSALONICENSIS METROPOLITA	Sermo contra feneratores (ex Davidis Hoeschelii editione, cujus lacunas supplevimus ope codd. Paris. 970 et 1215)	work	727	748	agree	yes			
150	NICOLAUS CABASILA THESSALONICENSIS METROPOLITA	Laudatio sanctæ in Thessalonica Theodoræ, sanctimonialis Thessalonicensis, cum prævio Danielis Papebrochii commentario	work	749	770	elenchus-garbled	yes			
150	GREGORIUS PALAMAS THESSALONICENSIS METROPOLITA	Notitia ex Bibliotheca Fabricii ed. Harlesii (Gregorius Palamas)	editorial	771	798	elenchus-garbled	latin-only			
150	GREGORIUS PALAMAS THESSALONICENSIS METROPOLITA	Operum Gregorii Palamæ argumenta ex codd. Coislin.	editorial	799	842	elenchus-garbled	latin-only			
150	GREGORIUS PALAMAS THESSALONICENSIS METROPOLITA	De Gregorio Palama, archiepiscopo Thessalonicensi, a nonnullis Græcorum in numerum sanctorum ascito, Græcorum Sententiæ	work	843	908	agree	yes			
150	GREGORIUS PALAMAS THESSALONICENSIS METROPOLITA	Gregorii Palamæ Opera: Theophanes, sive de divinitatis et rerum divinarum communicabilitate et incommunicabilitate	work	909	958	agree	yes			
150	GREGORIUS PALAMAS THESSALONICENSIS METROPOLITA	Prosopopeia, id est Dialogus Corporis et Animæ coram judicibus causam dicentium	work	959	988	agree	yes			
150	GREGORIUS PALAMAS THESSALONICENSIS METROPOLITA	Vita S. Petri Athonitæ (præmittitur Joannis Janningi Commentarius)	work	989	1040	elenchus-garbled	yes			
150	GREGORIUS PALAMAS THESSALONICENSIS METROPOLITA	Antonii Bortoli Monitum in Palamæ scripta ascetica. Ex Φιλοκαλίᾳ τῶν ἱερῶν Νηπτικῶν, Venetiis 1782 edita	editorial	1041	1044	agree	latin-only			
150	GREGORIUS PALAMAS THESSALONICENSIS METROPOLITA	De passionibus, virtutibus, et mentalis quietudinis fructibus, ad Xenam sanctimonialem	work	1045	1088	agree	yes			
150	GREGORIUS PALAMAS THESSALONICENSIS METROPOLITA	Decalogus Christianæ legis	work	1089	1100	agree	yes			
150	GREGORIUS PALAMAS THESSALONICENSIS METROPOLITA	De Hesychastis	work	1101	1116	agree	yes			
150	GREGORIUS PALAMAS THESSALONICENSIS METROPOLITA	De oratione et puritate cordis	work	1117	1120	elenchus-garbled	yes			
150	GREGORIUS PALAMAS THESSALONICENSIS METROPOLITA	Capita CL physica, theologica, moralia et practica	work	1121	1224	agree	yes			
150	GREGORIUS PALAMAS THESSALONICENSIS METROPOLITA	Hagioriticus tomus pro Hesychastis (cui inter alios subscribit « monachorum minimus Joasaph, quondam Joannes Cantacuzenus Cpolitanus »)	work	1225	1236	agree	yes			
150	GREGORIUS PALAMAS THESSALONICENSIS METROPOLITA	Notitia in Gregorii Sinaitæ opuscula ascetica	editorial	1237	1238	agree	latin-only			
150	GREGORIUS SINAITA (printed under Palamas)	Gregorii Sinaitæ capita de ascesi per acrostichidem ('capita valde utilia')	work	1239	1298	elenchus-garbled	yes			
150	GREGORIUS SINAITA (printed under Palamas)	Ejusdem capita alia	work	1299	1302	agree	yes			
150	GREGORIUS SINAITA (printed under Palamas)	Ejusdem accurata dissertatio de quiete et oratione; item de signis gratiæ et erroris; et quæ sit differentia fervoris et orationis; et quod sine duce facile superveniat error	work	1303	1312	elenchus-garbled	yes			
150	GREGORIUS SINAITA (printed under Palamas)	Ejusdem de quietudine et duobus orationis modis capita quindecim	work	1313	1328	elenchus-garbled	yes			
150	GREGORIUS SINAITA (printed under Palamas)	Quomodo oporteat sedere Hesychastam ad orationem nec cito assurgere	work	1329	end	elenchus-garbled	yes			
151	GREGORIUS PALAMAS THESSALONICENSIS	Homiliae quadraginta tres, ex editione Hierosolymitana anni 1837	work	1	550	body-only	yes	43		
151	GREGORIUS PALAMAS THESSALONICENSIS	Monumenta quae ad Gregorii Palamae vitam et placita spectant, quibus praemittitur editoris Patrologiae Monitum	editorial	551	654	body-only	latin-only			
151	GREGORIUS PALAMAS THESSALONICENSIS	Philothei Cpolitani patriarchae Encomium Palamae, edit. Homiliarum Hierosol. praemissum	work	551	654	body-only	yes			
151	GREGORIUS PALAMAS THESSALONICENSIS	Nili item Cpolitani patriarchae panegyricus seu Encomium Palamae, ex eadem edit. Hierosol.	work	655	678	body-only	yes			
151	GREGORIUS PALAMAS THESSALONICENSIS	Tomi Synodici tres in causa Palamitarum, ex libro cui titulus Tomus Agapes ... (Antiochus Constantinopolitanus, 1698 Giessen edition)	work	679	763	agree	yes	3		
151	GREGORIUS PALAMAS THESSALONICENSIS	Gregorii Palamae confessio fidei	work	764	766	agree	yes			
151	GREGORIUS PALAMAS THESSALONICENSIS	Relatio pontificum ad Annam Palaeologinam	work	767	768	agree	yes			
151	GREGORIUS PALAMAS THESSALONICENSIS	Joannis Cantacuzeni rescriptum confirmans synodalem sententiam contra Joanem Calecam latam	work	769	772	agree	yes			
151	PHILOTHEUS CPOLITANUS	Philothei Cpolitani patriarchae contra Gregoram antirrhetici libri XII	work	773	1138	agree	yes			
151	GREGORIUS PALAMAS (APPENDIX)	Sermones duo quibus orthodoxos impugnant ii qui Acindyni partes sequuntur (de dicto S. Basilii; de lumine Thaborio)	work	1139	1168	agree	yes			
151	GREGORIUS PALAMAS (APPENDIX)	Epilogus	editorial	1169	1188	agree	yes			
151	GREGORIUS ACINDYNUS MONACHUS ET THEOLOGUS	De essentia et operatione Dei libri duo, cum interpretatione nostra. Praecedit Jacobi Gretseri editoris Praefatio	work	1189	1242	body-only	yes			
151	GREGORIUS ACINDYNUS MONACHUS ET THEOLOGUS	De haeresibus Gregorii Palamae	crossref			body-only	unknown			150 1813 (as read)
151	GREGORIUS ACINDYNUS MONACHUS ET THEOLOGUS	Epistolae et iambi adhortatorii ad Nicephorum Gregoram	crossref			body-only	unknown			148
151	BARLAAMUS DE SEMINARIA GYRACENSIS EPISCOPUS	Notitia ex Ang. Zavarroni Bibliotheca Calabra	editorial	1243	1246	agree	latin-only			
151	BARLAAMUS DE SEMINARIA GYRACENSIS EPISCOPUS	Notitia altera ex Fabricii Bibliotheca Graeca	editorial	1247	1254	agree	latin-only			
151	BARLAAMUS DE SEMINARIA GYRACENSIS EPISCOPUS	Cf. in tomo nostro CXLIX, col. 643, Nicephori Gregorae Dialogum cui titulum fecit Florentius	crossref			body-only	unknown			149 643
151	BARLAAMUS DE SEMINARIA GYRACENSIS EPISCOPUS	Epistolae Barlaami de unione Romanae Ecclesiae et processione Spiritus sancti, pro Latinis (subjectis iis quae in libro De primatu Papae contra eosdem scripserat)	work	1255	1282	elenchus-garbled	latin-only	3		
151	BARLAAMUS DE SEMINARIA GYRACENSIS EPISCOPUS	Epistola Demetrii Cydonii ad Barlaamum	work	1283	1300	agree	latin-only			
151	BARLAAMUS DE SEMINARIA GYRACENSIS EPISCOPUS	Barlaam ad Cydonii petita responsio	work	1301	1308	agree	latin-only			
151	BARLAAMUS DE SEMINARIA GYRACENSIS EPISCOPUS	Barlaami epistola ad Alexium Calochetum: Graecos esse non solum schismaticos, sed haereticos	work	1309	1312	agree	latin-only			
151	BARLAAMUS DE SEMINARIA GYRACENSIS EPISCOPUS	Probatio per sacram Scripturam quod Spiritus sanctus et ex Filio est quemadmodum ex Patre	work	1313	1332	agree	latin-only			
151	BARLAAMUS DE SEMINARIA GYRACENSIS EPISCOPUS	Barlaami Oratio pro unione Ecclesiarum, Avenione habita coram Benedicto XII Pontifice Maximo	work	1333	1340	agree	latin-only			
151	BARLAAMUS DE SEMINARIA GYRACENSIS EPISCOPUS	Ethica secundum Stoicos	work	1341	end	disagree	latin-only			
152	MANUEL CALECAS, ORDINIS FRATRUM MINORUM MONACHUS, CPOLITANUS PATRIARCHA	Notitia de scriptis et rebus gestis Manuelis Calecae	editorial	9	10	body-only	latin-only			
152	MANUEL CALECAS, ORDINIS FRATRUM MINORUM MONACHUS, CPOLITANUS PATRIARCHA	Manuelis Calecae contra errores Graecorum libri quatuor, interprete Ambrosio Camaldulensi (praemittitur epistola nuncupatoria ad Martinum V Pontificem Maximum)	work	11	282	agree	yes	6		
152	MANUEL CALECAS, ORDINIS FRATRUM MINORUM MONACHUS, CPOLITANUS PATRIARCHA	De essentia et operatione, editore et interprete Francisco Combefisio	work	283	428	agree	yes			
152	MANUEL CALECAS, ORDINIS FRATRUM MINORUM MONACHUS, CPOLITANUS PATRIARCHA	De fide deque principiis fidei catholicae, ex ejusdem editione	work	429	660	agree	yes	10		
152	JOANNES CYPARISSIOTA	Notitia historica et litteraria	editorial	661	696	agree	latin-only			
152	JOANNES CYPARISSIOTA	Palamiticarum Transgressionum liber primus, editore et interprete Fr. Combefisio (Vide col. 737 quae de operis in libros distinctione Combefisius scribit)	work	661	696	body-only	yes			
152	JOANNES CYPARISSIOTA	Palamiticarum Transgressionum Sermo IV (Praeter omnem Christianitatis ritum ac ordinem conflatam esse Palamiticarum Ecclesiam)	work	697	740	agree	yes		ordo-only	
152	JOANNES CYPARISSIOTA	Expositio eorum quae de Deo a theologis dicuntur, in decem decades partita, Franc. Turriano S. J. interprete	work	741	990	body-only	yes	12		
152	JOANNES CYPARISSIOTA	Index scriptorum in Decadibus Cyparissiotae citatorum	editorial	991	994	body-only	latin-only			
152	MATTHAEUS CANTACUZENUS IMP. CP.	Commentarius in Canticum Canticorum, interprete et editore Vincentio Ricardo, Clerico regulari	work	995	1084	body-only	yes			
152	MATTHAEUS CANTACUZENUS IMP. CP.	Commentarius in Sophiam Salomonis	crossref			body-only	unknown			100 395/595, 411, 418, 447, 499 (as read, garbled)
152	JOAN. GLYCIS, ESAIAS, JOAN. CALECA, ISIDORUS, CALLISTUS, PHILOTHEUS, CPOLITANI PATRIARCHAE	Diplomata, Synodicae Constitutiones, Epistolae, ab anno 1310 ad annum 1319 [sic; body head reads AB ANNO MCCCX AD ANNUM 1372]	work	1085	end	body-only	yes	167		
153	JOANNES CANTACUZENUS IMP. CP.	Historiae Byzantinae libri IV (de rebus sua aetate gestis, inde a morte Michaelis Palaeologi anno 1320 exstincti usque ad annum circiter 1354). Praemittuntur binae epistolae sub fictis Nili et Christoduli nominibus	work	17	end	agree	yes	6		
154	JOANNES CANTACUZENUS IMP. CP.	Historiae Byzantinae continuatio (Historiarum liber IV)	work	9	370	agree	yes			
154	JOANNES CANTACUZENUS IMP. CP.	Contra sectam Mahometicam pro Christiana religione Apologiae quatuor, ex editione Basileensi anni 1543, apud Joannem Oporinum	work	371	582	agree	yes			
154	JOANNES CANTACUZENUS IMP. CP.	Contra Mahometem orationes quatuor, ex eadem editione	work	583	692	agree	yes			
154	JOANNES CANTACUZENUS IMP. CP.	Contra Barlaam et Acindynum, sub ficto nomine Christoduli monachi. Cf. Monitum Editorum	work	693	718	agree	yes			
154	PHILOTHEUS CPOLITANUS PATRIARCHA	Sermo in Exaltationem Crucis	work	719	728	elenchus-garbled	yes			
154	PHILOTHEUS CPOLITANUS PATRIARCHA	De mandatis D. N. Jesu Christi	work	729	744	agree	yes			
154	PHILOTHEUS CPOLITANUS PATRIARCHA	Ordo sacri ministerii	work	745	760	agree	yes			
154	PHILOTHEUS CPOLITANUS PATRIARCHA	Laudatio trium Doctorum, Basilii scilicet, Gregorii et Joannis Chrysostomi	work	761	820	elenchus-garbled	yes			
154	PHILOTHEUS CPOLITANUS PATRIARCHA	Refutatio Anathematismorum Harmenopuli	work	821	824	agree	yes			
154	PHILOTHEUS CPOLITANUS PATRIARCHA	Contra Gregoram Antirrheticorum libri XII	crossref			unlocated	unknown			151
154	PHILOTHEUS CPOLITANUS PATRIARCHA	Encomium Gregorii Palamae	crossref			unlocated	unknown			151
154	PHILOTHEUS CPOLITANUS PATRIARCHA	Vita S. Demetrii martyris	crossref			unlocated	unknown			115
154	PHILOTHEUS CPOLITANUS PATRIARCHA	Diplomata	crossref			unlocated	unknown			152
154	DEMETRIUS CYDONIUS	Notitia ex Bibliotheca Fabricii	editorial	825	834	agree	latin-only			
154	DEMETRIUS CYDONIUS	De processione Spiritus sancti adversus Gregorium Palamam	work	835	862	agree	yes			
154	DEMETRIUS CYDONIUS	De eodem argumento, ad eos qui dicunt Filium Dei non esse ex substantia Patris	work	863	960	agree	yes			
154	DEMETRIUS CYDONIUS	Ejusdem argumenti ad Barlaamum epistola, quae exstat inter epistolas Barlaami	crossref			unlocated	unknown			151
154	DEMETRIUS CYDONIUS	Oratio ad suos de admittendo contra Turcas Latinorum subsidio	work	961	1008	disagree	yes			
154	DEMETRIUS CYDONIUS	Oratio deliberativa de non reddenda Callipoli, petente sultano Amurate	work	1009	1034	agree	yes			
154	DEMETRIUS CYDONIUS	Monodia de seditione Thessalonicensi, anno MCCCXLII (Exstat inter Scriptores post Theophanem, tom. CIX)	crossref	1035		agree	unknown		ordo-only	109
154	DEMETRIUS CYDONIUS	Translatio libri fratris Ricardi, ordinis Praedicatorum, contra Mahometi asseclas, ex editione Basileensi; accedit Christianae fidei confessio facta Saracenis	work	1035	1168	agree	latin-only			
154	DEMETRIUS CYDONIUS	De contemnenda morte	work	1169	1212	agree	yes			
154	DEMETRIUS CYDONIUS	Epistola ad magnum primicerium Phacrasen, Thessalonica scripta cum Amurates II urbem obsidione cingeret. Ex editione clar. Hasii	work	1213	1216	elenchus-garbled	yes			
154	MAXIMUS CHRYSOBERGA MONACHUS	De processione Spiritus sancti. Ad Cretenses. Cf. Monitum Editorum	work	1217	1228	elenchus-garbled	yes			
154	PHILOTHEUS SELYMBRIENSIS ARCHIEPISCOPUS	Oratio in S. Agathonicum, ex Cod. Gr. Nanian., p. 531, addita interpretatione nostra	work	1229	1238	elenchus-garbled	yes			
154	PHILOTHEUS SELYMBRIENSIS ARCHIEPISCOPUS	Privilegium Philothei CP. Patriarchae pro episcopo Hierissi (in Addendis)	work	1239	1296	agree	yes		ordo-only	
154	JOANNES PALAEOLOGUS IMP.	Professio fidei, cum Romam ad flagitandam ab Urbano V opem adnavigasset, coram Guillelmo Ostiensi episcopo dicta	work	1297	end	elenchus-garbled	yes			
155	SYMEON THESSALONICENSIS ARCHIEPISCOPUS	Notitia de Symeonis aetate, rebus gestis, scriptis, ex Leonis Allatii Diatriba de Symeonibus. Insunt: Symeonis Encomium auctore Eugenio Nomophylace, et Joannis Anagnostae narratio de Thessalonica anno 1430 ab Amurate capta	editorial	9	16	agree	latin-only			
155	SYMEON THESSALONICENSIS ARCHIEPISCOPUS	Notitia altera ex Fabricii Bibl. Gr.	editorial	17	22	agree	latin-only			
155	SYMEON THESSALONICENSIS ARCHIEPISCOPUS	Symeonis Opera. Ex editione Iassensi anni 1683, cujus titulus verbatim et lineatim recuditur	work	23	24	disagree	yes			
155	SYMEON THESSALONICENSIS ARCHIEPISCOPUS	Dosithei, Hierosolymitani patriarchae, Iassensis editionis curatoris, Praefatio duplex	work	25	32	disagree	yes			
155	SYMEON THESSALONICENSIS ARCHIEPISCOPUS	Symeonis Dialogus contra omnes haereses	work	33	174	agree	yes			
155	SYMEON THESSALONICENSIS ARCHIEPISCOPUS	De sacramentis	work	175	230	elenchus-garbled	yes			
155	SYMEON THESSALONICENSIS ARCHIEPISCOPUS	De sacro ritu sancti unguenti	work	231	252	agree	yes			
155	SYMEON THESSALONICENSIS ARCHIEPISCOPUS	De sacra liturgia	work	253	304	elenchus-garbled	yes			
155	SYMEON THESSALONICENSIS ARCHIEPISCOPUS	De sacro templo et ejus consecratione	work	305	360	agree	yes			
155	SYMEON THESSALONICENSIS ARCHIEPISCOPUS	De sacris ordinationibus	work	361	468	agree	yes			
155	SYMEON THESSALONICENSIS ARCHIEPISCOPUS	De poenitentia	work	469	502	agree	yes			
155	SYMEON THESSALONICENSIS ARCHIEPISCOPUS	De honesto et legitimo conjugio	work	503	514	agree	yes			
155	SYMEON THESSALONICENSIS ARCHIEPISCOPUS	De sacro ritu sancti olei	work	515	534	elenchus-garbled	yes			
155	SYMEON THESSALONICENSIS ARCHIEPISCOPUS	De sacra precatione	work	535	668	agree	yes			
155	SYMEON THESSALONICENSIS ARCHIEPISCOPUS	De ordine sepulturae	work	669	696	elenchus-garbled	yes			
155	SYMEON THESSALONICENSIS ARCHIEPISCOPUS	Expositio de divino templo et de sacerdotibus ac diaconis episcopisque, ac de sacris stolis quibus horum quilibet induitur; necnon de divina missa, ubi singulorum quae in illa divino ritu peraguntur ratio redditur. Transmissa viris piis Cretensibus	work	697	750	elenchus-garbled	yes			
155	SYMEON THESSALONICENSIS ARCHIEPISCOPUS	Expositio sacri Symboli	work	751	802	agree	yes			
155	SYMEON THESSALONICENSIS ARCHIEPISCOPUS	Expositio de sacri Symboli vocibus et dictis, ex quibus Scripturae locis collecta et adversus quos composita fuerint	work	803	818	agree	yes			
155	SYMEON THESSALONICENSIS ARCHIEPISCOPUS	Articuli fidei Christianae	work	819	828	agree	yes			
155	SYMEON THESSALONICENSIS ARCHIEPISCOPUS	Responsiones ad Gabrielem Pentapolitanum	work	829	952	agree	yes			
155	SYMEON THESSALONICENSIS ARCHIEPISCOPUS	De sacerdotio ad pium monachum quemdam	work	953	end	agree	yes			
155	SYMEON THESSALONICENSIS ARCHIEPISCOPUS	Marci Eugenici, metropolitae Ephesi, Expositio ordinis liturgiae ecclesiasticae	crossref			unlocated	unknown			151
156	MANUEL CHRYSOLORAS	Vita et Scripta, ex Fabricio in Bibliotheca Graeca, et Hankio De Script. rerum Byzant. Insunt Chrysolorae Elogia varia et inscriptiones funereae	editorial	9	22	body-only	latin-only			
156	MANUEL CHRYSOLORAS	Manuelis Chrysolorae Epistolae	work	23	60	body-only	yes	3		
156	JOANNES CANANUS	Historia obsidionis urbis Cpolitanae ab Amurate II, anno 1422, die 10 Junii inchoatae, die 24 Augusti solutae	work	61	80	agree	yes			
156	MANUEL II PALAEOLOGUS	Notitia biographica ex Henrici Warton Supplem. ad Cave de script. eccles.	editorial	81	82	agree	latin-only			
156	MANUEL II PALAEOLOGUS	Notitia bibliographica ex Joan. Alb. Fabricii Bibliotheca Graeca	editorial	83	86	elenchus-garbled	latin-only			
156	MANUEL II PALAEOLOGUS	Dialogus cum matre sua, sive de nuptiis (titulus et principium, cum epistola Demetrio Cydonio inscripta quae Dialogo praemittitur)	work	83	86	elenchus-garbled	greek-only			
156	MANUEL II PALAEOLOGUS	Epistola ad Andream Asanem περὶ ἀνείρων, de insomniis	work	87	90	agree	greek-only			
156	MANUEL II PALAEOLOGUS	Oratio Panegyrica περὶ τῆς τοῦ βασιλέως ὑγείας	work	91	106	agree	unknown			
156	MANUEL II PALAEOLOGUS	Oratio in SS. Virginis Deiparae dormitionem	work	91	106	agree	yes			
156	MANUEL II PALAEOLOGUS	Canon deprecatorius in SS. Dominam Deiparam pro praesentibus periculis	work	107	124	agree	yes			
156	MANUEL II PALAEOLOGUS	Dialogi quos cum Persa aliquo habuit, Muterizae munere fungente in Galatiae oppido Ancyra. Praemittuntur C. B. Hasii editoris Prolegomena vernaculo sermone scripta	work	125	132	elenchus-garbled	yes			
156	MANUEL II PALAEOLOGUS	Praefatio ad Theodorum fratrem	work	125	132	elenchus-garbled	yes			
156	MANUEL II PALAEOLOGUS	Dialogus primus. De angelis et animabus	work	133	148	elenchus-garbled	yes			
156	MANUEL II PALAEOLOGUS	Dialogus II. De caelo et terra; item de Adami lapsu Christique judicio et Moamethis paradiso	work	149	180	agree	yes			
156	MANUEL II PALAEOLOGUS	Laudatio funebris fratris sui Theodori Palaeologi Despotae. Praemittuntur Franc. Combefisii Praefatio et Georgii Plethonis Protheoria	work	181	308	agree	yes			
156	MANUEL II PALAEOLOGUS	Praecepta educationis regiae ad Joannem filium, ex editione Joannis Leunclavii Basileensi 1578, quae Francisco Medico, Magno Tusciae Duci inscribitur	work	309	384	body-only	yes			
156	MANUEL II PALAEOLOGUS	Orationes septem ethico-politicae, ad Joannem filium, ex eadem editione	work	385	560	body-only	yes	8		
156	MANUEL II PALAEOLOGUS	Oratio propitii principis ad benevolos subditos qui aetatis in flore sunt	work	561	562	agree	yes		ordo-only	
156	MANUEL II PALAEOLOGUS	Preces matutinae	work	563	574	body-only	yes			
156	MANUEL II PALAEOLOGUS	Capita compunctionis metrica	work	575	576	body-only	yes			
156	MANUEL II PALAEOLOGUS	Anacreonticon in quemdam ignorantem et loquacem	work	575	576	body-only	yes			
156	MANUEL II PALAEOLOGUS	Imago veris in aulaeo textili operis phrygii	work	577	578	body-only	yes			
156	MANUEL II PALAEOLOGUS	In persona Tamerlanis, ad Bajazetem in praelio victum allocutio	work	579	580	body-only	yes			
156	MANUEL II PALAEOLOGUS	De fulmine Agareno (Bajazete) in forma psalmi	work	581	584	body-only	yes			
156	MANUEL II PALAEOLOGUS	Epistola ad Manuelem Chrysoloram, ab imperatore scripta cum in aula regis Anglorum Henrici IV versaretur, auxilium emendicans	work	581	584	body-only	yes			
156	JOANNES ANAGNOSTA	Joannis Anagnostae Vita et Scripta, ex Hankio De Script. rer. Byzant.	editorial	585	586	body-only	latin-only			
156	JOANNES ANAGNOSTA	Narratio de extremo excidio Thessalonicae, anno 1430 ab Amurate II expugnatae	work	587	632	body-only	yes			
156	GEORGIUS PHRANTZA	De Vita et Scriptis Georgii Phrantzae, ex Joan. Alb. Fabricii Bibliotheca Graeca	editorial	633	636	body-only	latin-only			
156	GEORGIUS PHRANTZA	Chronicon majus, ex editione Jacobi Pontani et Francisci Caroli Alteri	work	637	1024	body-only	yes	5		
156	GEORGIUS PHRANTZA	Chronicon minus seu abbreviatum, ex edit. card. Angeli Maii	work	1025	end	body-only	yes			
